ID,Delivery_person_ID,City_Name,Delivery_person_Age,Age_Group,Delivery_person_Ratings,Rating_Band,Weather,Traffic,Vehicle_condition,Order_Type,Vehicle_Type,multiple_deliveries,Festival_Flag,Time_Orderd,Time_Order_picked,Order_Hour,Order_Period,Pickup_Delay_Min,Restaurant_latitude,Restaurant_longitude,Delivery_location_latitude,Delivery_location_longitude,Distance_KM,Time_taken(min),Delivery_Count,On_Time_Flag,Delivery_Speed_Band,On_Time_30m
0x1000,HYDRES03DEL02,Hyderabad,30.0,30-34,5.0,4.7-5.0,Sunny,Low,1,Snack,Bicycle,1.0,No,22:55,23:10,22.0,Late Night,15.0,17.422819,78.449578,17.502819,78.529578,12.293804292939086,24.0,1,1,Standard (21-30m),On Time
0x1009,INDORES09DEL02,Indore,32.0,30-34,4.9,4.7-5.0,Sandstorms,Low,0,Buffet,Scooter,1.0,No,22:30,22:45,22.0,Late Night,15.0,22.725835,75.887648,22.855835,76.017648,19.661125327364633,22.0,1,1,Standard (21-30m),On Time
0x1013,COIMBRES03DEL01,Coimbatore,28.0,25-29,4.9,4.7-5.0,Stormy,Jam,0,Meal,Scooter,1.0,No,19:45,19:60,19.0,Evening,15.0,11.025083,77.015393,11.135083,77.125393,17.13743137156765,26.0,1,1,Standard (21-30m),On Time
0x101d,HYDRES02DEL01,Hyderabad,29.0,25-29,4.2,4.2-4.6,Sandstorms,Low,0,Buffet,Scooter,1.0,No,10:30,10:35,10.0,Morning,5.0,17.41233,78.449654,17.42233,78.459654,1.53690825689947,26.0,1,1,Standard (21-30m),On Time
0x1087,HYDRES14DEL01,Hyderabad,30.0,30-34,4.7,4.7-5.0,Windy,Low,2,Snack,Scooter,1.0,No,,10:50,,Unknown,,17.426228,78.407495,17.436228,78.417495,1.5368525026403286,15.0,1,1,Fast (<=20m),On Time
0x10be,BANGRES09DEL03,Bengaluru,27.0,25-29,4.8,4.7-5.0,Fog,Low,1,Snack,Bicycle,1.0,No,23:50,23:60,23.0,Late Night,10.0,12.934179,77.615797,12.964179,77.645797,4.658007713170783,18.0,1,1,Fast (<=20m),On Time
0x1111,SURRES010DEL01,Surat,23.0,18-24,4.7,4.7-5.0,Cloudy,Medium,0,Drinks,Scooter,1.0,No,17:60,18:15,18.0,Evening,15.0,21.17106,72.789292,21.24106,72.859292,10.641587176050308,32.0,1,0,Slow (>30m),Over 30 Min
0x1138,MYSRES19DEL03,Mysuru,27.0,25-29,4.1,Below 4.2,Windy,Jam,0,Drinks,Scooter,1.0,No,19:30,19:40,19.0,Evening,10.0,12.334022,76.618203,12.364022,76.648203,4.663351284380022,33.0,1,0,Slow (>30m),Over 30 Min
0x114c,MUMRES14DEL03,Mumbai,30.0,30-34,4.7,4.7-5.0,Unknown,Unknown,2,Buffet,Bicycle,1.0,No,,20:35,,Unknown,,19.1813,72.836191,19.2113,72.866191,4.5883274236725935,32.0,1,0,Slow (>30m),Over 30 Min
0x1167,RANCHIRES14DEL02,Ranchi,30.0,30-34,4.7,4.7-5.0,Sunny,Jam,1,Buffet,Scooter,1.0,No,,19:40,,Unknown,,0.0,0.0,0.05,0.05,,20.0,1,1,Fast (<=20m),On Time
0x116a,JAPRES13DEL02,Jaipur,30.0,30-34,4.7,4.7-5.0,Windy,Low,1,Meal,Bicycle,1.0,No,,23:50,,Unknown,,26.846156,75.8023,26.976156,75.9323,19.367728723840425,25.0,1,1,Standard (21-30m),On Time
0x1182,SURRES20DEL03,Surat,28.0,25-29,4.9,4.7-5.0,Cloudy,Jam,1,Snack,Scooter,0.0,No,19:60,20:10,20.0,Evening,10.0,21.15276,72.778059,21.18276,72.808059,4.561229981782327,29.0,1,1,Standard (21-30m),On Time
0x1188,JAPRES16DEL02,Jaipur,28.0,25-29,4.8,4.7-5.0,Sunny,Jam,2,Meal,Bicycle,1.0,No,20:60,21:15,21.0,Late Night,15.0,26.849596,75.800512,26.899596,75.850512,7.450195698880465,15.0,1,1,Fast (<=20m),On Time
0x118a,VADRES13DEL02,Vadodara,34.0,30-34,4.6,4.2-4.6,Fog,Jam,2,Buffet,Motorcycle,1.0,No,20:55,21:10,20.0,Evening,15.0,22.310237,73.158921,22.360237,73.208921,7.573480586561666,33.0,1,0,Slow (>30m),Over 30 Min
0x119e,JAPRES02DEL02,Jaipur,23.0,18-24,4.6,4.2-4.6,Sandstorms,Jam,2,Meal,Motorcycle,1.0,No,19:15,19:20,19.0,Evening,5.0,26.914142,75.805704,26.964142,75.855704,7.448309256630045,21.0,1,1,Standard (21-30m),On Time
0x11a8,BANGRES08DEL02,Bengaluru,34.0,30-34,4.7,4.7-5.0,Windy,Jam,1,Meal,Bicycle,0.0,No,19:60,20:10,20.0,Evening,10.0,12.906229,77.596791,12.986229,77.676791,12.421425015967078,29.0,1,1,Standard (21-30m),On Time
0x11f2,PUNERES03DEL01,Pune,35.0,35-45,4.8,4.7-5.0,Windy,Low,1,Buffet,Bicycle,1.0,No,22:20,22:30,22.0,Late Night,10.0,18.554382,73.798206,18.624382,73.868206,10.724444920492715,16.0,1,1,Fast (<=20m),On Time
0x1203,PUNERES18DEL02,Pune,21.0,18-24,4.9,4.7-5.0,Cloudy,Jam,1,Drinks,Scooter,1.0,No,21:25,21:35,21.0,Late Night,10.0,18.593481,73.785901,18.723481,73.915901,19.912994694250273,30.0,1,1,Standard (21-30m),On Time
0x120a,MUMRES13DEL02,Mumbai,31.0,30-34,4.5,4.2-4.6,Fog,Low,0,Buffet,Scooter,0.0,No,8:25,8:30,8.0,Morning,5.0,19.178321,72.834715,19.198321,72.854715,3.0589548673356375,22.0,1,1,Standard (21-30m),On Time
0x120b,INDORES02DEL02,Indore,25.0,25-29,4.0,Below 4.2,Stormy,Low,0,Snack,Scooter,1.0,No,8:50,8:60,8.0,Morning,10.0,22.651847,75.881991,22.671847,75.901991,3.02610037772109,19.0,1,1,Fast (<=20m),On Time
0x1219,SURRES19DEL03,Surat,38.0,35-45,5.0,4.7-5.0,Sandstorms,Jam,2,Snack,Bicycle,1.0,No,19:60,20:10,20.0,Evening,10.0,21.149669,72.772629,21.209669,72.832629,9.122118139579197,32.0,1,0,Slow (>30m),Over 30 Min
0x1220,MYSRES01DEL01,Mysuru,37.0,35-45,4.9,4.7-5.0,Stormy,Low,2,Drinks,Bicycle,1.0,No,8:40,8:50,8.0,Morning,10.0,12.311072,76.654878,12.321072,76.664878,1.5545458807487351,24.0,1,1,Standard (21-30m),On Time
0x1241,MUMRES20DEL02,Mumbai,24.0,18-24,5.0,4.7-5.0,Stormy,Jam,0,Meal,Scooter,0.0,No,20:15,20:30,20.0,Evening,15.0,19.103249,72.846749,19.233249,72.976749,19.884346040369497,29.0,1,1,Standard (21-30m),On Time
0x1242,MYSRES09DEL01,Mysuru,36.0,35-45,4.8,4.7-5.0,Stormy,Low,2,Buffet,Bicycle,1.0,No,22:10,22:20,22.0,Late Night,10.0,12.323194,76.630583,12.433194,76.740583,17.09802154806199,17.0,1,1,Fast (<=20m),On Time
0x1255,VADRES05DEL01,Vadodara,30.0,30-34,4.8,4.7-5.0,Stormy,Low,0,Drinks,Scooter,1.0,No,23:60,24:15,0.0,Morning,15.0,22.310526,73.170937,22.380526,73.240937,10.602511811132452,20.0,1,1,Fast (<=20m),On Time
0x125e,VADRES12DEL03,Vadodara,31.0,30-34,4.7,4.7-5.0,Fog,Medium,2,Buffet,Bicycle,1.0,No,18:25,18:35,18.0,Evening,10.0,0.0,0.0,0.06,0.06,,16.0,1,1,Fast (<=20m),On Time
0x127e,PUNERES14DEL02,Pune,36.0,35-45,4.5,4.2-4.6,Windy,Low,0,Drinks,Scooter,1.0,No,23:35,23:40,23.0,Late Night,5.0,18.516216,73.842527,18.596216,73.922527,12.257636632155013,27.0,1,1,Standard (21-30m),On Time
0x1293,SURRES16DEL01,Surat,34.0,30-34,4.9,4.7-5.0,Windy,Low,1,Drinks,Bicycle,0.0,No,10:55,11:05,10.0,Morning,10.0,21.160437,72.774209,21.170437,72.784209,1.520421107369611,24.0,1,1,Standard (21-30m),On Time
0x12d2,MUMRES13DEL01,Mumbai,30.0,30-34,4.8,4.7-5.0,Stormy,Medium,1,Meal,Bicycle,1.0,No,16:10,16:20,16.0,Afternoon,10.0,19.178321,72.834715,19.218321,72.874715,6.117734439871198,27.0,1,1,Standard (21-30m),On Time
0x12eb,BANGRES17DEL03,Bengaluru,30.0,30-34,4.9,4.7-5.0,Sandstorms,Low,0,Drinks,Scooter,1.0,No,22:10,22:15,22.0,Late Night,5.0,12.972532,77.608179,13.062532,77.698179,13.972150442212714,21.0,1,1,Standard (21-30m),On Time
0x1308,HYDRES12DEL02,Hyderabad,27.0,25-29,4.9,4.7-5.0,Cloudy,Low,2,Buffet,Bicycle,1.0,No,23:60,24:10,0.0,Morning,10.0,17.429585,78.392621,17.479585,78.442621,7.683793394885424,19.0,1,1,Fast (<=20m),On Time
0x1324,HYDRES18DEL02,Hyderabad,36.0,35-45,4.7,4.7-5.0,Sunny,Low,1,Meal,Scooter,1.0,No,22:10,22:20,22.0,Late Night,10.0,17.450851,78.379347,17.530851,78.459347,12.29290215751651,25.0,1,1,Standard (21-30m),On Time
0x1329,PUNERES12DEL03,Pune,25.0,25-29,4.6,4.2-4.6,Cloudy,Low,0,Drinks,Scooter,1.0,No,23:45,23:55,23.0,Late Night,10.0,18.520016,73.830547,18.610016,73.920547,13.789504409871698,24.0,1,1,Standard (21-30m),On Time
0x132e,VADRES16DEL02,Vadodara,20.0,18-24,4.6,4.2-4.6,Fog,Low,0,Buffet,Scooter,1.0,No,8:20,8:35,8.0,Morning,15.0,0.0,0.0,0.02,0.02,,22.0,1,1,Standard (21-30m),On Time
0x1334,BANGRES16DEL01,Bengaluru,26.0,25-29,4.7,4.7-5.0,Sandstorms,High,2,Meal,Motorcycle,1.0,No,13:55,14:10,13.0,Afternoon,15.0,13.029198,77.570997,13.069198,77.610997,6.209458093680024,28.0,1,1,Standard (21-30m),On Time
0x133b,COIMBRES04DEL02,Coimbatore,28.0,25-29,4.5,4.2-4.6,Stormy,Medium,1,Buffet,Bicycle,1.0,No,18:55,19:10,18.0,Evening,15.0,11.024839,77.007003,11.154839,77.137003,20.25299582467371,26.0,1,1,Standard (21-30m),On Time
0x1341,INDORES09DEL02,Indore,32.0,30-34,5.0,4.7-5.0,Windy,Medium,2,Snack,Bicycle,1.0,No,17:50,17:55,17.0,Evening,5.0,22.725835,75.887648,22.805835,75.967648,12.100173951617956,20.0,1,1,Fast (<=20m),On Time
0x1350,VADRES19DEL01,Vadodara,23.0,18-24,4.6,4.2-4.6,Fog,Jam,0,Buffet,Scooter,2.0,No,19:60,20:05,20.0,Evening,5.0,22.311844,73.165081,22.421844,73.275081,16.659913508731986,43.0,1,0,Slow (>30m),Over 30 Min
0x1352,PUNERES010DEL03,Pune,29.0,25-29,4.6,4.2-4.6,Windy,Medium,0,Buffet,Scooter,1.0,No,17:10,17:25,17.0,Evening,15.0,18.539299,73.897902,18.569299,73.927902,4.596638390898061,17.0,1,1,Fast (<=20m),On Time
0x13ac,VADRES01DEL02,Vadodara,30.0,30-34,4.7,4.7-5.0,Windy,Low,0,Meal,Scooter,1.0,No,9:30,9:45,9.0,Morning,15.0,22.307898,73.167788,22.327898,73.187788,3.029565905961879,24.0,1,1,Standard (21-30m),On Time
0x13c6,INDORES07DEL03,Indore,35.0,35-45,4.5,4.2-4.6,Sunny,Medium,2,Snack,Bicycle,0.0,No,18:15,18:30,18.0,Evening,15.0,22.722634,75.886959,22.812634,75.976959,13.612613039441634,27.0,1,1,Standard (21-30m),On Time
0x13f0,RANCHIRES010DEL03,Ranchi,36.0,35-45,4.7,4.7-5.0,Fog,Jam,1,Snack,Scooter,1.0,No,21:35,21:45,21.0,Late Night,10.0,23.354422,85.3329,23.414422,85.3929,9.056016815502351,29.0,1,1,Standard (21-30m),On Time
0x1404,BANGRES11DEL02,Bengaluru,37.0,35-45,4.7,4.7-5.0,Stormy,Medium,1,Snack,Scooter,1.0,No,18:45,18:50,18.0,Evening,5.0,12.934365,77.616155,12.984365,77.666155,7.763191450951699,25.0,1,1,Standard (21-30m),On Time
0x1420,SURRES01DEL02,Surat,20.0,18-24,4.9,4.7-5.0,Sandstorms,Jam,2,Meal,Scooter,0.0,No,21:60,22:10,22.0,Late Night,10.0,21.186438,72.794115,21.236438,72.844115,7.601005130199629,16.0,1,1,Fast (<=20m),On Time
0x143c,RANCHIRES11DEL01,Ranchi,37.0,35-45,4.6,4.2-4.6,Fog,Low,2,Meal,Scooter,1.0,No,10:40,10:55,10.0,Morning,15.0,23.359194,85.325447,23.369194,85.335447,1.5094415091442497,17.0,1,1,Fast (<=20m),On Time
0x1465,COIMBRES19DEL03,Coimbatore,21.0,18-24,4.6,4.2-4.6,Fog,Jam,0,Meal,Scooter,1.0,No,20:35,20:40,20.0,Evening,5.0,11.022298,76.998349,11.052298,77.028349,4.674179978109727,25.0,1,1,Standard (21-30m),On Time
0x1479,PUNERES11DEL02,Pune,33.0,30-34,4.5,4.2-4.6,Cloudy,Jam,0,Snack,Scooter,1.0,No,19:35,19:40,19.0,Evening,5.0,18.533811,73.899315,18.663811,74.029315,19.916302409327955,53.0,1,0,Slow (>30m),Over 30 Min
0x1498,COIMBRES18DEL03,Coimbatore,34.0,30-34,4.9,4.7-5.0,Sunny,Low,0,Drinks,Scooter,0.0,No,23:30,23:40,23.0,Late Night,10.0,11.02091,76.940432,11.11091,77.030432,14.021868180030813,22.0,1,1,Standard (21-30m),On Time
0x14a3,SURRES20DEL01,Surat,21.0,18-24,4.9,4.7-5.0,Windy,Medium,2,Drinks,Scooter,1.0,No,15:40,15:45,15.0,Afternoon,5.0,21.15276,72.778059,21.19276,72.818059,6.081544337358957,20.0,1,1,Fast (<=20m),On Time
0x14b0,HYDRES18DEL01,Hyderabad,30.0,30-34,4.7,4.7-5.0,Sunny,Medium,1,Snack,Scooter,0.0,No,18:35,18:40,18.0,Evening,5.0,17.450851,78.379347,17.560851,78.489347,16.902075146352203,20.0,1,1,Fast (<=20m),On Time
0x1509,RANCHIRES15DEL02,Ranchi,38.0,35-45,4.9,4.7-5.0,Windy,Medium,0,Meal,Scooter,1.0,No,17:30,17:35,17.0,Evening,5.0,23.369746,85.33982,23.499746,85.46982,19.617956534827677,42.0,1,0,Slow (>30m),Over 30 Min
0x150b,INDORES08DEL01,Indore,28.0,25-29,4.6,4.2-4.6,Stormy,Medium,2,Snack,Bicycle,1.0,No,16:25,16:40,16.0,Afternoon,15.0,22.725748,75.898497,22.765747,75.938497,6.050414418835044,26.0,1,1,Standard (21-30m),On Time
0x1517,BANGRES17DEL03,Bengaluru,23.0,18-24,4.7,4.7-5.0,Cloudy,Low,1,Drinks,Scooter,0.0,No,22:25,22:30,22.0,Late Night,5.0,12.972532,77.608179,13.032532,77.668179,9.315041677468741,12.0,1,1,Fast (<=20m),On Time
0x152b,SURRES20DEL01,Surat,38.0,35-45,5.0,4.7-5.0,Stormy,Low,1,Drinks,Scooter,1.0,No,9:30,9:35,9.0,Morning,5.0,21.15276,72.778059,21.16276,72.788059,1.5204577897266331,27.0,1,1,Standard (21-30m),On Time
0x152e,VADRES02DEL02,Vadodara,25.0,25-29,5.0,4.7-5.0,Stormy,Jam,1,Snack,Bicycle,1.0,No,19:50,19:60,19.0,Evening,10.0,0.0,0.0,0.13,0.13,,27.0,1,1,Standard (21-30m),On Time
0x1551,INDORES010DEL02,Indore,20.0,18-24,4.9,4.7-5.0,Cloudy,Low,0,Buffet,Scooter,1.0,No,23:50,23:55,23.0,Late Night,5.0,22.75004,75.902847,22.88004,76.032847,19.659521161113663,24.0,1,1,Standard (21-30m),On Time
0x1571,HYDRES07DEL02,Hyderabad,21.0,18-24,4.9,4.7-5.0,Sandstorms,Jam,2,Buffet,Motorcycle,1.0,No,20:60,21:05,21.0,Late Night,5.0,17.424114,78.347554,17.474114,78.397554,7.6839032938223815,29.0,1,1,Standard (21-30m),On Time
0x15a1,BANGRES05DEL01,Bengaluru,25.0,25-29,4.3,4.2-4.6,Sandstorms,Low,0,Meal,Scooter,0.0,No,10:60,11:10,11.0,Morning,10.0,12.970324,77.645748,12.980324,77.655748,1.5525898130864875,25.0,1,1,Standard (21-30m),On Time
0x15b4,PUNERES20DEL01,Pune,22.0,18-24,4.9,4.7-5.0,Cloudy,Low,2,Snack,Motorcycle,1.0,No,9:10,9:15,9.0,Morning,5.0,18.592718,73.773572,18.602718,73.783572,1.5320281388586612,18.0,1,1,Fast (<=20m),On Time
0x15bc,MUMRES07DEL03,Mumbai,25.0,25-29,5.0,4.7-5.0,Windy,Jam,1,Meal,Bicycle,1.0,No,19:55,19:60,19.0,Evening,5.0,19.091458,72.827808,19.151458,72.887808,9.178618635071379,29.0,1,1,Standard (21-30m),On Time
0x15fe,MYSRES02DEL03,Mysuru,36.0,35-45,4.2,4.2-4.6,Cloudy,Jam,2,Buffet,Bicycle,0.0,No,21:45,21:50,21.0,Late Night,5.0,12.304569,76.643622,12.364569,76.703622,9.326953752731567,35.0,1,0,Slow (>30m),Over 30 Min
0x1613,JAPRES02DEL01,Jaipur,37.0,35-45,4.6,4.2-4.6,Cloudy,Low,1,Snack,Scooter,0.0,No,8:50,9:05,8.0,Morning,15.0,26.914142,75.805704,26.924142,75.815704,1.489778873078601,16.0,1,1,Fast (<=20m),On Time
0x1620,INDORES04DEL01,Indore,27.0,25-29,5.0,4.7-5.0,Cloudy,High,0,Meal,Scooter,1.0,No,14:55,15:10,14.0,Afternoon,15.0,22.753659,75.903365,22.793659,75.943365,6.049927911722386,29.0,1,1,Standard (21-30m),On Time
0x163c,MYSRES17DEL01,Mysuru,38.0,35-45,4.8,4.7-5.0,Sunny,Medium,2,Meal,Motorcycle,1.0,No,16:60,17:05,17.0,Evening,5.0,12.326356,76.619103,12.366356,76.659103,6.217832606346534,17.0,1,1,Fast (<=20m),On Time
0x1643,INDORES12DEL01,Indore,24.0,18-24,4.6,4.2-4.6,Fog,Low,1,Meal,Scooter,1.0,No,23:50,23:55,23.0,Late Night,5.0,22.74806,75.8934,22.81806,75.9634,10.587038328518956,25.0,1,1,Standard (21-30m),On Time
0x1662,HYDRES12DEL01,Hyderabad,21.0,18-24,4.8,4.7-5.0,Cloudy,High,0,Meal,Scooter,1.0,No,11:45,11:60,11.0,Morning,15.0,17.429585,78.392621,17.439585,78.402621,1.536839029319499,20.0,1,1,Fast (<=20m),On Time
0x166d,INDORES010DEL01,Indore,22.0,18-24,4.7,4.7-5.0,Cloudy,Medium,1,Snack,Bicycle,1.0,No,18:10,18:20,18.0,Evening,10.0,22.75004,75.902847,22.86004,76.012847,16.635541157466196,28.0,1,1,Standard (21-30m),On Time
0x1676,MUMRES08DEL01,Mumbai,38.0,35-45,4.6,4.2-4.6,Sunny,Low,2,Meal,Bicycle,1.0,No,22:30,22:40,22.0,Late Night,10.0,19.065838,72.832658,19.135838,72.902658,10.709018163440874,17.0,1,1,Fast (<=20m),On Time
0x1686,MYSRES18DEL03,Mysuru,35.0,35-45,4.4,4.2-4.6,Stormy,Medium,1,Drinks,Scooter,1.0,No,18:20,18:35,18.0,Evening,15.0,12.337928,76.617889,12.427928,76.707889,13.98916689570204,31.0,1,0,Slow (>30m),Over 30 Min
0x1699,VADRES16DEL01,Vadodara,34.0,30-34,4.6,4.2-4.6,Fog,Jam,2,Meal,Bicycle,2.0,Yes,20:50,20:55,20.0,Evening,5.0,0.0,0.0,0.11,0.11,,49.0,1,0,Slow (>30m),Over 30 Min
0x16c0,MUMRES09DEL01,Mumbai,30.0,30-34,4.7,4.7-5.0,Stormy,Low,2,Drinks,Bicycle,0.0,No,,23:35,,Unknown,,18.994049,72.825203,19.104049,72.935203,16.830937797805184,12.0,1,1,Fast (<=20m),On Time
0x170f,CHENRES07DEL02,Chennai,37.0,35-45,4.9,4.7-5.0,Windy,Low,2,Buffet,Bicycle,1.0,No,8:15,8:20,8.0,Morning,5.0,13.081878,80.248519,13.101878,80.268519,3.104467663022217,25.0,1,1,Standard (21-30m),On Time
0x175d,JAPRES17DEL02,Jaipur,26.0,25-29,4.8,4.7-5.0,Stormy,Medium,0,Meal,Scooter,0.0,No,17:40,17:45,17.0,Evening,5.0,26.892312,75.806896,26.942312,75.856896,7.448947668640024,15.0,1,1,Fast (<=20m),On Time
0x176e,BANGRES19DEL03,Bengaluru,35.0,35-45,4.8,4.7-5.0,Cloudy,Medium,1,Drinks,Bicycle,0.0,No,18:25,18:40,18.0,Evening,15.0,12.914264,77.6784,12.944264,77.7084,4.658188922455519,19.0,1,1,Fast (<=20m),On Time
0x1773,RANCHIRES04DEL01,Ranchi,35.0,35-45,4.8,4.7-5.0,Cloudy,Jam,0,Snack,Scooter,3.0,No,20:35,20:40,20.0,Evening,5.0,23.359033,85.325347,23.429033,85.395347,10.565002335485854,48.0,1,0,Slow (>30m),Over 30 Min
0x1798,CHENRES04DEL03,Chennai,23.0,18-24,4.9,4.7-5.0,Cloudy,Medium,0,Meal,Scooter,0.0,No,18:15,18:20,18.0,Evening,5.0,13.02978,80.208812,13.05978,80.238812,4.657134114673474,26.0,1,1,Standard (21-30m),On Time
0x17b4,VADRES13DEL02,Vadodara,36.0,35-45,4.8,4.7-5.0,Sunny,Jam,1,Meal,Scooter,0.0,No,20:35,20:45,20.0,Evening,10.0,22.310237,73.158921,22.360237,73.208921,7.573480586561666,22.0,1,1,Standard (21-30m),On Time
0x17b8,COIMBRES16DEL03,Coimbatore,38.0,35-45,4.8,4.7-5.0,Fog,Low,1,Buffet,Scooter,1.0,No,22:45,22:55,22.0,Late Night,10.0,11.010375,76.95295,11.040375,76.98295,4.674273021646213,19.0,1,1,Fast (<=20m),On Time
0x17c0,MYSRES13DEL02,Mysuru,28.0,25-29,4.5,4.2-4.6,Sandstorms,Medium,2,Buffet,Scooter,1.0,No,18:10,18:25,18.0,Evening,15.0,12.310972,76.659264,12.440972,76.789264,20.206835984960623,18.0,1,1,Fast (<=20m),On Time
0x17d4,HYDRES01DEL01,Hyderabad,34.0,30-34,4.4,4.2-4.6,Fog,Jam,1,Drinks,Bicycle,0.0,No,19:10,19:25,19.0,Evening,15.0,17.410371,78.437225,17.520371,78.547225,16.903867242423186,49.0,1,0,Slow (>30m),Over 30 Min
0x17fb,BANGRES20DEL02,Bengaluru,25.0,25-29,4.0,Below 4.2,Sandstorms,Jam,0,Snack,Scooter,1.0,No,19:55,20:10,19.0,Evening,15.0,12.972161,77.596014,13.052161,77.676014,12.419820492102538,36.0,1,0,Slow (>30m),Over 30 Min
0x1813,MYSRES01DEL03,Mysuru,21.0,18-24,4.6,4.2-4.6,Stormy,Low,1,Snack,Scooter,1.0,No,22:15,22:20,22.0,Late Night,5.0,12.311072,76.654878,12.341072,76.684878,4.66355079397294,14.0,1,1,Fast (<=20m),On Time
0x181d,SURRES18DEL03,Surat,23.0,18-24,4.7,4.7-5.0,Stormy,Jam,1,Buffet,Bicycle,0.0,No,20:45,20:55,20.0,Evening,10.0,21.149834,72.778666,21.209834,72.838666,9.122113405583422,21.0,1,1,Standard (21-30m),On Time
0x1825,JAPRES04DEL03,Jaipur,22.0,18-24,4.5,4.2-4.6,Fog,Low,2,Meal,Bicycle,1.0,No,22:35,22:45,22.0,Late Night,10.0,26.902328,75.794257,27.042328,75.934257,20.852542306145345,20.0,1,1,Fast (<=20m),On Time
0x1837,MYSRES02DEL01,Mysuru,23.0,18-24,4.9,4.7-5.0,Windy,High,1,Meal,Bicycle,0.0,No,11:15,11:20,11.0,Morning,5.0,12.304569,76.643622,12.314569,76.653622,1.5545646884939355,22.0,1,1,Standard (21-30m),On Time
0x1846,PUNERES06DEL02,Pune,29.0,25-29,4.7,4.7-5.0,Fog,Jam,0,Buffet,Scooter,1.0,No,19:15,19:20,19.0,Evening,5.0,18.546258,73.904337,18.626258,73.984337,12.256614678224235,47.0,1,0,Slow (>30m),Over 30 Min
0x184a,BANGRES09DEL02,Bengaluru,34.0,30-34,4.9,4.7-5.0,Windy,Low,2,Drinks,Scooter,1.0,No,23:10,23:15,23.0,Late Night,5.0,12.934179,77.615797,13.064179,77.745797,20.1827211021346,20.0,1,1,Fast (<=20m),On Time
0x1874,CHENRES03DEL02,Chennai,29.0,25-29,4.6,4.2-4.6,Windy,High,0,Drinks,Scooter,1.0,No,11:55,12:05,11.0,Morning,10.0,13.091809,80.219104,13.111809,80.239104,3.104406719461168,22.0,1,1,Standard (21-30m),On Time
0x187e,COIMBRES01DEL02,Coimbatore,22.0,18-24,4.8,4.7-5.0,Cloudy,Low,1,Snack,Scooter,0.0,No,10:20,10:35,10.0,Morning,15.0,11.016298,76.972076,11.036298,76.992076,3.1161772260357408,18.0,1,1,Fast (<=20m),On Time
0x18b1,COIMBRES07DEL01,Coimbatore,30.0,30-34,4.7,4.7-5.0,Unknown,Unknown,3,Snack,Motorcycle,1.0,No,,14:55,,Unknown,,10.96185,76.971082,11.00185,77.011082,6.232815769985461,23.0,1,1,Standard (21-30m),On Time
0x18b6,MYSRES02DEL03,Mysuru,30.0,30-34,4.7,4.7-5.0,Unknown,Unknown,3,Meal,Bicycle,1.0,No,,22:25,,Unknown,,12.304569,76.643622,12.334569,76.673622,4.663607261227194,16.0,1,1,Fast (<=20m),On Time
0x18b9,RANCHIRES19DEL03,Ranchi,30.0,30-34,4.7,4.7-5.0,Unknown,Unknown,2,Meal,Scooter,1.0,No,,24:10,,Unknown,,23.333017,85.3172,23.393017,85.3772,9.056685494156351,12.0,1,1,Fast (<=20m),On Time
0x18c5,INDORES010DEL02,Indore,30.0,30-34,4.7,4.7-5.0,Cloudy,Low,2,Buffet,Scooter,1.0,No,,10:05,,Unknown,,22.75004,75.902847,22.77004,75.922847,3.025102662668564,19.0,1,1,Fast (<=20m),On Time
0x18c6,COIMBRES04DEL02,Coimbatore,30.0,30-34,4.7,4.7-5.0,Stormy,Medium,0,Snack,Scooter,1.0,No,,17:40,,Unknown,,11.024839,77.007003,11.104839,77.087003,12.463905332613255,39.0,1,0,Slow (>30m),Over 30 Min
0x1907,RANCHIRES14DEL02,Ranchi,39.0,35-45,4.3,4.2-4.6,Cloudy,Low,1,Meal,Bicycle,1.0,No,23:60,24:05,0.0,Morning,5.0,0.0,0.0,0.13,0.13,,39.0,1,0,Slow (>30m),Over 30 Min
0x1939,HYDRES05DEL01,Hyderabad,28.0,25-29,4.8,4.7-5.0,Sandstorms,Low,2,Buffet,Scooter,0.0,No,9:60,10:10,10.0,Morning,10.0,17.433809,78.386744,17.443809,78.396744,1.5368220729065913,18.0,1,1,Fast (<=20m),On Time
0x194e,SURRES09DEL02,Surat,37.0,35-45,4.1,Below 4.2,Sandstorms,Low,0,Drinks,Scooter,1.0,No,10:50,10:55,10.0,Morning,5.0,21.175975,72.795503,21.195975,72.815503,3.0406458214515806,30.0,1,1,Standard (21-30m),On Time
0x1985,VADRES03DEL01,Vadodara,39.0,35-45,4.9,4.7-5.0,Stormy,Low,1,Snack,Scooter,0.0,No,22:35,22:40,22.0,Late Night,5.0,22.32,73.17,22.39,73.24,10.60217949663593,25.0,1,1,Standard (21-30m),On Time
0x19a2,RANCHIRES06DEL03,Ranchi,23.0,18-24,5.0,4.7-5.0,Stormy,Medium,0,Buffet,Scooter,1.0,No,17:10,17:25,17.0,Evening,15.0,23.357804,85.325146,23.417804,85.385146,9.055911116451997,26.0,1,1,Standard (21-30m),On Time
0x19cc,CHENRES01DEL02,Chennai,21.0,18-24,4.8,4.7-5.0,Fog,Low,1,Buffet,Scooter,1.0,No,23:25,23:35,23.0,Late Night,10.0,13.005801,80.250744,13.085801,80.330744,12.41899882613173,24.0,1,1,Standard (21-30m),On Time
0x19d5,INDORES13DEL01,Indore,33.0,30-34,4.4,4.2-4.6,Sandstorms,High,0,Meal,Scooter,1.0,No,12:40,12:50,12.0,Afternoon,10.0,22.745049,75.892471,22.785049,75.932471,6.050103265604945,48.0,1,0,Slow (>30m),Over 30 Min
0x19e8,MUMRES06DEL02,Mumbai,29.0,25-29,4.7,4.7-5.0,Windy,Jam,2,Drinks,Scooter,1.0,No,19:25,19:40,19.0,Evening,15.0,19.055831,72.833984,19.185831,72.963984,19.88704030493894,24.0,1,1,Standard (21-30m),On Time
0x1a20,INDORES16DEL02,Indore,38.0,35-45,4.9,4.7-5.0,Cloudy,High,2,Buffet,Bicycle,1.0,No,11:45,11:60,11.0,Morning,15.0,22.744648,75.894377,22.764648,75.914377,3.025157545406537,38.0,1,0,Slow (>30m),Over 30 Min
0x1a29,MUMRES20DEL01,Mumbai,27.0,25-29,4.4,4.2-4.6,Stormy,Medium,0,Buffet,Scooter,1.0,No,17:30,17:35,17.0,Evening,5.0,19.103249,72.846749,19.173249,72.916749,10.707874918807217,33.0,1,0,Slow (>30m),Over 30 Min
0x1a6c,JAPRES11DEL03,Jaipur,27.0,25-29,4.5,4.2-4.6,Windy,Jam,2,Buffet,Bicycle,1.0,No,21:40,21:45,21.0,Late Night,5.0,26.90294,75.793007,26.99294,75.883007,13.40649248667087,26.0,1,1,Standard (21-30m),On Time
0x1a9f,MUMRES03DEL01,Mumbai,32.0,30-34,4.6,4.2-4.6,Sunny,High,1,Drinks,Scooter,1.0,No,11:40,11:55,11.0,Morning,15.0,19.22384,72.841347,19.23384,72.851347,1.5292998068749615,22.0,1,1,Standard (21-30m),On Time
0x1aa6,INDORES14DEL02,Indore,39.0,35-45,5.0,4.7-5.0,Cloudy,Jam,0,Buffet,Scooter,1.0,No,19:40,19:45,19.0,Evening,5.0,22.761593,75.886362,22.811593,75.936362,7.562080417338395,31.0,1,0,Slow (>30m),Over 30 Min
0x1abe,MUMRES04DEL02,Mumbai,39.0,35-45,4.5,4.2-4.6,Sandstorms,Low,0,Meal,Scooter,1.0,No,22:30,22:35,22.0,Late Night,5.0,19.254567,72.848923,19.334567,72.928923,12.232086917132925,22.0,1,1,Standard (21-30m),On Time
0x1ac7,SURRES14DEL02,Surat,20.0,18-24,4.6,4.2-4.6,Stormy,Jam,1,Meal,Bicycle,1.0,No,20:40,20:45,20.0,Evening,5.0,21.157729,72.768726,21.237729,72.848726,12.1621327357322,16.0,1,1,Fast (<=20m),On Time
0x1adb,COIMBRES01DEL02,Coimbatore,33.0,30-34,4.1,Below 4.2,Stormy,Medium,0,Meal,Scooter,0.0,No,17:55,18:10,17.0,Evening,15.0,11.016298,76.972076,11.066298,77.022076,7.790247813136622,34.0,1,0,Slow (>30m),Over 30 Min
0x1ae3,VADRES13DEL02,Vadodara,25.0,25-29,4.8,4.7-5.0,Sunny,Jam,1,Snack,Scooter,0.0,No,19:35,19:40,19.0,Evening,5.0,22.310237,73.158921,22.440237,73.288921,19.68844060256603,11.0,1,1,Fast (<=20m),On Time
0x1b0c,MUMRES01DEL03,Mumbai,20.0,18-24,4.6,4.2-4.6,Sandstorms,Jam,2,Meal,Scooter,1.0,No,20:35,20:40,20.0,Evening,5.0,19.12663,72.829976,19.21663,72.919976,13.76595363047329,22.0,1,1,Standard (21-30m),On Time
0x1b0d,HYDRES08DEL03,Hyderabad,26.0,25-29,5.0,4.7-5.0,Cloudy,Medium,0,Meal,Scooter,1.0,No,18:50,18:55,18.0,Evening,5.0,17.438263,78.397865,17.528263,78.487865,13.829789602064896,32.0,1,0,Slow (>30m),Over 30 Min
0x1b2f,MUMRES19DEL03,Mumbai,25.0,25-29,4.5,4.2-4.6,Windy,Medium,2,Drinks,Bicycle,1.0,No,18:10,18:25,18.0,Evening,15.0,19.131141,72.813074,19.221141,72.903074,13.765775938382827,24.0,1,1,Standard (21-30m),On Time
0x1b5a,PUNERES05DEL01,Pune,30.0,30-34,4.7,4.7-5.0,Sandstorms,Low,2,Snack,Motorcycle,0.0,No,,22:35,,Unknown,,18.543626,73.905101,18.653626,74.015101,16.852265249953795,11.0,1,1,Fast (<=20m),On Time
0x1b71,MYSRES08DEL02,Mysuru,30.0,30-34,4.7,4.7-5.0,Sunny,Low,1,Buffet,Bicycle,0.0,No,22:60,23:05,23.0,Late Night,5.0,12.297954,76.665169,12.347954,76.715169,7.772629694963424,12.0,1,1,Fast (<=20m),On Time
0x1b75,SURRES04DEL02,Surat,30.0,30-34,4.7,4.7-5.0,Sandstorms,Medium,1,Meal,Bicycle,1.0,No,18:35,18:50,18.0,Evening,15.0,21.173493,72.801953,21.223493,72.851953,7.601314956224954,29.0,1,1,Standard (21-30m),On Time
0x1b86,MYSRES18DEL03,Mysuru,36.0,35-45,4.9,4.7-5.0,Sunny,Jam,0,Drinks,Scooter,1.0,No,20:15,20:30,20.0,Evening,15.0,12.337928,76.617889,12.367928,76.647889,4.663317293138069,24.0,1,1,Standard (21-30m),On Time
0x1bde,MYSRES08DEL02,Mysuru,25.0,25-29,4.6,4.2-4.6,Fog,Medium,1,Drinks,Bicycle,0.0,No,18:60,19:10,19.0,Evening,10.0,12.297954,76.665169,12.427954,76.795169,20.207327600381788,25.0,1,1,Standard (21-30m),On Time
0x1bf4,JAPRES02DEL03,Jaipur,34.0,30-34,4.2,4.2-4.6,Cloudy,Medium,0,Buffet,Scooter,1.0,No,18:25,18:35,18.0,Evening,10.0,26.914142,75.805704,26.974142,75.865704,8.937795461027019,31.0,1,0,Slow (>30m),Over 30 Min
0x1c0a,MUMRES17DEL01,Mumbai,27.0,25-29,4.9,4.7-5.0,Stormy,High,1,Meal,Bicycle,0.0,No,14:45,14:60,14.0,Afternoon,15.0,19.121999,72.908493,19.161999,72.948493,6.1187202982144875,21.0,1,1,Standard (21-30m),On Time
0x1c22,RANCHIRES19DEL02,Ranchi,39.0,35-45,4.3,4.2-4.6,Stormy,Medium,1,Buffet,Bicycle,1.0,No,17:15,17:20,17.0,Evening,5.0,23.333017,85.3172,23.463017,85.4472,19.620446397417368,31.0,1,0,Slow (>30m),Over 30 Min
0x1c2b,PUNERES12DEL02,Pune,32.0,30-34,4.9,4.7-5.0,Windy,Medium,0,Meal,Scooter,0.0,No,18:50,18:60,18.0,Evening,10.0,18.520016,73.830547,18.570016,73.880547,7.661261035978128,27.0,1,1,Standard (21-30m),On Time
0x1c44,HYDRES16DEL03,Hyderabad,27.0,25-29,4.6,4.2-4.6,Sandstorms,Jam,1,Meal,Scooter,1.0,No,20:60,21:05,21.0,Late Night,5.0,17.440827,78.393391,17.500827,78.453391,9.220160250830029,23.0,1,1,Standard (21-30m),On Time
0x1c62,COIMBRES05DEL01,Coimbatore,35.0,35-45,4.2,4.2-4.6,Sunny,Jam,2,Buffet,Scooter,1.0,No,19:55,20:05,19.0,Evening,10.0,11.022169,76.999594,11.132169,77.109594,17.13751509769955,31.0,1,0,Slow (>30m),Over 30 Min
0x1c63,MUMRES12DEL03,Mumbai,39.0,35-45,4.6,4.2-4.6,Cloudy,Jam,0,Buffet,Scooter,1.0,No,20:55,20:60,20.0,Evening,5.0,19.207222,72.972281,19.237222,73.002281,4.587986495185201,28.0,1,1,Standard (21-30m),On Time
0x1c66,JAPRES09DEL02,Jaipur,29.0,25-29,4.2,4.2-4.6,Fog,Jam,1,Buffet,Scooter,1.0,No,21:40,21:45,21.0,Late Night,5.0,26.911378,75.789034,26.961378,75.839034,7.448390111676589,32.0,1,0,Slow (>30m),Over 30 Min
0x1ca7,RANCHIRES05DEL01,Ranchi,32.0,30-34,4.9,4.7-5.0,Sandstorms,Jam,0,Drinks,Scooter,2.0,No,20:15,20:30,20.0,Evening,15.0,23.355164,85.324097,23.425164,85.394097,10.565143438825258,44.0,1,0,Slow (>30m),Over 30 Min
0x1cef,RANCHIRES16DEL01,Ranchi,27.0,25-29,4.7,4.7-5.0,Fog,Low,2,Snack,Scooter,0.0,No,22:60,23:10,23.0,Late Night,10.0,23.371292,85.327872,23.481292,85.437872,16.600295348128913,23.0,1,1,Standard (21-30m),On Time
0x1d04,VADRES16DEL03,Vadodara,28.0,25-29,4.9,4.7-5.0,Cloudy,Jam,0,Buffet,Scooter,0.0,No,20:45,20:55,20.0,Evening,10.0,0.0,0.0,0.06,0.06,,25.0,1,1,Standard (21-30m),On Time
0x1d07,COIMBRES03DEL03,Coimbatore,36.0,35-45,4.1,Below 4.2,Cloudy,Jam,1,Snack,Bicycle,1.0,No,20:35,20:50,20.0,Evening,15.0,11.025083,77.015393,11.085083,77.075393,9.348081835624752,35.0,1,0,Slow (>30m),Over 30 Min
0x1d08,SURRES15DEL02,Surat,21.0,18-24,4.5,4.2-4.6,Fog,Jam,0,Buffet,Scooter,1.0,No,19:50,19:60,19.0,Evening,10.0,21.160522,72.771477,21.290522,72.901477,19.76173376344513,48.0,1,0,Slow (>30m),Over 30 Min
0x1d09,BANGRES04DEL01,Bengaluru,28.0,25-29,4.7,4.7-5.0,Windy,Jam,1,Drinks,Scooter,1.0,No,19:30,19:35,19.0,Evening,5.0,12.98041,77.640489,13.09041,77.750489,17.076471933611273,24.0,1,1,Standard (21-30m),On Time
0x1d64,PUNERES08DEL02,Pune,23.0,18-24,4.7,4.7-5.0,Sandstorms,Jam,1,Drinks,Bicycle,0.0,No,20:20,20:30,20.0,Evening,10.0,18.53408,73.89852,18.58408,73.94852,7.660962302567452,10.0,1,1,Fast (<=20m),On Time
0x1d75,COIMBRES010DEL01,Coimbatore,27.0,25-29,4.3,4.2-4.6,Stormy,Low,0,Buffet,Scooter,1.0,No,8:30,8:40,8.0,Morning,10.0,11.003008,76.97544,11.013008,76.98544,1.5581361336842987,20.0,1,1,Fast (<=20m),On Time
0x1db5,MYSRES06DEL03,Mysuru,35.0,35-45,4.5,4.2-4.6,Fog,Jam,2,Buffet,Motorcycle,1.0,No,21:10,21:15,21.0,Late Night,5.0,12.323994,76.626167,12.353994,76.656167,4.663438503919293,27.0,1,1,Standard (21-30m),On Time
0x1dd1,JAPRES06DEL02,Jaipur,25.0,25-29,4.7,4.7-5.0,Cloudy,Jam,0,Meal,Scooter,1.0,Yes,20:35,20:50,20.0,Evening,15.0,26.911927,75.797282,27.041927,75.927282,19.36272541283319,44.0,1,0,Slow (>30m),Over 30 Min
0x1df6,COIMBRES05DEL02,Coimbatore,33.0,30-34,4.0,Below 4.2,Windy,Jam,0,Meal,Scooter,1.0,Yes,20:45,20:50,20.0,Evening,5.0,11.022169,76.999594,11.152169,77.129594,20.25308656666775,51.0,1,0,Slow (>30m),Over 30 Min
0x1e02,VADRES08DEL01,Vadodara,33.0,30-34,4.9,4.7-5.0,Fog,High,2,Drinks,Bicycle,1.0,No,11:55,11:60,11.0,Morning,5.0,0.0,0.0,0.01,0.01,,26.0,1,1,Standard (21-30m),On Time
0x1e04,CHENRES06DEL02,Chennai,31.0,30-34,4.0,Below 4.2,Cloudy,Medium,1,Buffet,Bicycle,1.0,No,18:50,19:05,18.0,Evening,15.0,13.054347,80.257221,13.134347,80.337221,12.417809503802877,33.0,1,0,Slow (>30m),Over 30 Min
0x1e0d,CHENRES04DEL01,Chennai,26.0,25-29,4.7,4.7-5.0,Sandstorms,Low,2,Drinks,Bicycle,1.0,No,22:10,22:25,22.0,Late Night,15.0,13.02978,80.208812,13.09978,80.278812,10.866217691074306,14.0,1,1,Fast (<=20m),On Time
0x1e12,SURRES010DEL03,Surat,21.0,18-24,4.6,4.2-4.6,Fog,Low,2,Meal,Scooter,0.0,No,22:10,22:20,22.0,Late Night,10.0,21.17106,72.789292,21.23106,72.849292,9.121504143210457,17.0,1,1,Fast (<=20m),On Time
0x1e13,VADRES13DEL01,Vadodara,29.0,25-29,4.8,4.7-5.0,Cloudy,High,1,Meal,Scooter,2.0,No,14:35,14:50,14.0,Afternoon,15.0,22.310237,73.158921,22.350237,73.198921,6.058884672615545,33.0,1,0,Slow (>30m),Over 30 Min
0x1e23,SURRES09DEL02,Surat,35.0,35-45,5.0,4.7-5.0,Sandstorms,Low,2,Snack,Bicycle,1.0,No,23:15,23:30,23.0,Late Night,15.0,21.175975,72.795503,21.305975,72.925503,19.760771021015326,16.0,1,1,Fast (<=20m),On Time
0x1e37,MUMRES13DEL02,Mumbai,21.0,18-24,4.5,4.2-4.6,Fog,Medium,0,Buffet,Scooter,1.0,No,17:45,17:50,17.0,Evening,5.0,19.178321,72.834715,19.258321,72.914715,12.234766948287385,36.0,1,0,Slow (>30m),Over 30 Min
0x1e4e,CHENRES17DEL01,Chennai,28.0,25-29,4.7,4.7-5.0,Sunny,Low,1,Meal,Bicycle,1.0,No,8:60,9:05,9.0,Morning,5.0,13.045479,80.23311,13.055479,80.24311,1.5523606237865775,17.0,1,1,Fast (<=20m),On Time
0x1e7c,MUMRES18DEL03,Mumbai,25.0,25-29,4.5,4.2-4.6,Windy,Medium,2,Drinks,Bicycle,1.0,No,18:15,18:25,18.0,Evening,10.0,19.1093,72.825451,19.1693,72.885451,9.178151052440553,24.0,1,1,Standard (21-30m),On Time
0x1eb1,SURRES03DEL01,Surat,30.0,30-34,4.7,4.7-5.0,Fog,Medium,1,Snack,Bicycle,0.0,No,,18:45,,Unknown,,21.186884,72.793616,21.256884,72.863616,10.641056753501982,29.0,1,1,Standard (21-30m),On Time
0x1ebf,COIMBRES08DEL01,Coimbatore,30.0,30-34,4.7,4.7-5.0,Sandstorms,Medium,1,Snack,Bicycle,0.0,No,,16:05,,Unknown,,11.001852,76.976268,11.041852,77.016268,6.2324006293374055,21.0,1,1,Standard (21-30m),On Time
0x1f07,JAPRES11DEL03,Jaipur,36.0,35-45,4.1,Below 4.2,Windy,Jam,0,Snack,Scooter,0.0,No,19:50,20:05,19.0,Evening,15.0,26.90294,75.793007,27.04294,75.933007,20.852492126914342,35.0,1,0,Slow (>30m),Over 30 Min
0x1f0e,MYSRES12DEL03,Mysuru,36.0,35-45,4.9,4.7-5.0,Sunny,Medium,1,Drinks,Scooter,0.0,No,17:45,17:55,17.0,Evening,10.0,12.284747,76.625861,12.344747,76.685861,9.327298041355995,17.0,1,1,Fast (<=20m),On Time
0x1f1d,MYSRES04DEL02,Mysuru,31.0,30-34,4.6,4.2-4.6,Sunny,Low,0,Meal,Scooter,0.0,No,23:35,23:45,23.0,Late Night,10.0,12.3085,76.665808,12.3585,76.715808,7.772477007823213,22.0,1,1,Standard (21-30m),On Time
0x1f21,PUNERES16DEL02,Pune,22.0,18-24,4.0,Below 4.2,Fog,Medium,1,Buffet,Bicycle,1.0,No,18:25,18:35,18.0,Evening,10.0,18.536718,73.830327,18.666719,73.960327,19.916222165959912,39.0,1,0,Slow (>30m),Over 30 Min
0x1f25,MYSRES17DEL03,Mysuru,39.0,35-45,4.8,4.7-5.0,Windy,Low,1,Snack,Bicycle,1.0,No,23:30,23:35,23.0,Late Night,5.0,12.326356,76.619103,12.386356,76.679103,9.326574720517366,23.0,1,1,Standard (21-30m),On Time
0x1f54,INDORES15DEL03,Indore,30.0,30-34,3.6,Below 4.2,Stormy,Medium,2,Meal,Bicycle,1.0,No,17:30,17:35,17.0,Evening,5.0,22.760072,75.892574,22.850072,75.982574,13.61089637581702,32.0,1,0,Slow (>30m),Over 30 Min
0x1f61,MUMRES14DEL03,Mumbai,35.0,35-45,4.0,Below 4.2,Windy,Jam,1,Drinks,Scooter,1.0,No,19:25,19:40,19.0,Evening,15.0,19.1813,72.836191,19.2413,72.896191,9.176260167361136,34.0,1,0,Slow (>30m),Over 30 Min
0x1f9c,BANGRES01DEL02,Bengaluru,26.0,25-29,4.2,4.2-4.6,Sandstorms,Jam,0,Meal,Scooter,1.0,Yes,21:60,22:05,22.0,Late Night,5.0,12.933284,77.615428,13.063284,77.745428,20.182756546830294,39.0,1,0,Slow (>30m),Over 30 Min
0x1fa1,RANCHIRES13DEL02,Ranchi,24.0,18-24,4.6,4.2-4.6,Fog,High,0,Drinks,Scooter,0.0,No,11:45,11:60,11.0,Morning,15.0,23.374989,85.335486,23.394989,85.355486,3.018666461580923,27.0,1,1,Standard (21-30m),On Time
0x1fb0,VADRES06DEL02,Vadodara,24.0,18-24,4.8,4.7-5.0,Fog,Jam,0,Drinks,Scooter,2.0,No,21:10,21:15,21.0,Late Night,5.0,22.31279,73.170283,22.44279,73.300283,19.688274126446476,47.0,1,0,Slow (>30m),Over 30 Min
0x1fbd,RANCHIRES02DEL03,Ranchi,39.0,35-45,4.7,4.7-5.0,Sunny,Medium,0,Meal,Scooter,1.0,No,18:10,18:25,18.0,Evening,15.0,0.0,0.0,0.03,0.03,,24.0,1,1,Standard (21-30m),On Time
0x1fdb,COIMBRES16DEL03,Coimbatore,30.0,30-34,4.8,4.7-5.0,Sandstorms,Jam,0,Meal,Scooter,1.0,No,20:60,21:10,21.0,Late Night,10.0,11.010375,76.95295,11.100375,77.04295,14.022115450662895,41.0,1,0,Slow (>30m),Over 30 Min
0x1fdd,SURRES16DEL03,Surat,38.0,35-45,4.7,4.7-5.0,Sunny,Low,0,Drinks,Scooter,1.0,No,22:30,22:35,22.0,Late Night,5.0,21.160437,72.774209,21.220437,72.834209,9.121809128356304,29.0,1,1,Standard (21-30m),On Time
0x1ff1,MYSRES04DEL03,Mysuru,37.0,35-45,4.7,4.7-5.0,Windy,Low,1,Buffet,Bicycle,1.0,No,22:35,22:40,22.0,Late Night,5.0,12.3085,76.665808,12.3385,76.695808,4.663573130744811,26.0,1,1,Standard (21-30m),On Time
0x1ff8,PUNERES06DEL02,Pune,21.0,18-24,4.8,4.7-5.0,Fog,Low,0,Snack,Scooter,1.0,No,23:50,24:05,23.0,Late Night,15.0,18.546258,73.904337,18.676258,74.034337,19.915613222021893,23.0,1,1,Standard (21-30m),On Time
0x2014,HYDRES11DEL01,Hyderabad,35.0,35-45,4.5,4.2-4.6,Cloudy,High,1,Meal,Scooter,0.0,No,13:50,14:05,13.0,Afternoon,15.0,17.430448,78.418213,17.470448,78.458213,6.147101246352943,28.0,1,1,Standard (21-30m),On Time
0x2021,PUNERES02DEL02,Pune,26.0,25-29,4.5,4.2-4.6,Windy,Low,1,Meal,Scooter,0.0,Unknown,22:35,22:40,22.0,Late Night,5.0,18.55144,73.804855,18.68144,73.934855,19.915326172676348,10.0,1,1,Fast (<=20m),On Time
0x202d,PUNERES08DEL02,Pune,29.0,25-29,4.5,4.2-4.6,Cloudy,Jam,0,Buffet,Scooter,1.0,Yes,19:60,20:05,20.0,Evening,5.0,18.53408,73.89852,18.61408,73.97852,12.25702912420444,47.0,1,0,Slow (>30m),Over 30 Min
0x2046,BANGRES010DEL02,Bengaluru,23.0,18-24,4.8,4.7-5.0,Cloudy,Low,2,Snack,Bicycle,1.0,No,8:20,8:25,8.0,Morning,5.0,12.933298,77.614293,12.953298,77.634293,3.1053741802282477,18.0,1,1,Fast (<=20m),On Time
0x2048,CHENRES18DEL01,Chennai,27.0,25-29,4.6,4.2-4.6,Cloudy,Medium,0,Snack,Scooter,1.0,No,15:50,15:55,15.0,Afternoon,5.0,12.981615,80.231598,13.021615,80.271598,6.210039054794512,22.0,1,1,Standard (21-30m),On Time
0x2059,PUNERES14DEL02,Pune,28.0,25-29,4.6,4.2-4.6,Fog,Medium,1,Drinks,Bicycle,1.0,No,17:10,17:15,17.0,Evening,5.0,18.516216,73.842527,18.566216,73.892527,7.661341716502098,17.0,1,1,Fast (<=20m),On Time
0x2071,MUMRES05DEL01,Mumbai,22.0,18-24,4.6,4.2-4.6,Windy,Medium,1,Meal,Bicycle,0.0,No,15:30,15:35,15.0,Afternoon,5.0,18.927584,72.832585,18.967584,72.872585,6.122103255690135,26.0,1,1,Standard (21-30m),On Time
0x2074,JAPRES14DEL01,Jaipur,26.0,25-29,4.9,4.7-5.0,Sunny,High,2,Snack,Bicycle,0.0,No,11:15,11:25,11.0,Morning,10.0,26.88842,75.800689,26.89842,75.810689,1.4899292223616092,13.0,1,1,Fast (<=20m),On Time
0x2081,BANGRES18DEL02,Bengaluru,31.0,30-34,4.9,4.7-5.0,Stormy,High,0,Drinks,Scooter,0.0,No,11:25,11:30,11.0,Morning,5.0,12.913041,77.683237,12.933041,77.703237,3.105497006050179,41.0,1,0,Slow (>30m),Over 30 Min
0x2083,BANGRES07DEL03,Bengaluru,29.0,25-29,4.6,4.2-4.6,Cloudy,Medium,2,Buffet,Bicycle,0.0,No,18:15,18:25,18.0,Evening,10.0,12.978453,77.643685,13.008453,77.673685,4.657603902618498,14.0,1,1,Fast (<=20m),On Time
0x2088,VADRES19DEL02,Vadodara,33.0,30-34,4.3,4.2-4.6,Windy,Low,0,Buffet,Scooter,0.0,No,8:20,8:30,8.0,Morning,10.0,22.311844,73.165081,22.331844,73.185081,3.02952640614441,27.0,1,1,Standard (21-30m),On Time
0x2089,INDORES05DEL01,Indore,27.0,25-29,4.6,4.2-4.6,Sandstorms,Low,2,Buffet,Motorcycle,0.0,No,22:40,22:55,22.0,Late Night,15.0,22.727021,75.884167,22.837021,75.994167,16.636831563764517,12.0,1,1,Fast (<=20m),On Time
0x208a,CHENRES18DEL03,Chennai,22.0,18-24,5.0,4.7-5.0,Windy,Jam,0,Buffet,Scooter,1.0,No,20:40,20:50,20.0,Evening,10.0,12.981615,80.231598,13.041615,80.291598,9.314875553894444,35.0,1,0,Slow (>30m),Over 30 Min
0x20a1,SURRES12DEL03,Surat,35.0,35-45,4.2,4.2-4.6,Windy,Low,0,Drinks,Scooter,0.0,No,23:60,24:05,0.0,Morning,5.0,21.183434,72.814492,21.243434,72.874492,9.121148718009561,24.0,1,1,Standard (21-30m),On Time
0x20ac,BANGRES19DEL03,Bengaluru,39.0,35-45,4.2,4.2-4.6,Windy,Medium,2,Snack,Bicycle,2.0,No,17:30,17:35,17.0,Evening,5.0,12.914264,77.6784,12.974264,77.7384,9.316104732452105,34.0,1,0,Slow (>30m),Over 30 Min
0x20b8,RANCHIRES16DEL01,Ranchi,32.0,30-34,4.9,4.7-5.0,Cloudy,Low,1,Drinks,Scooter,0.0,No,9:40,9:50,9.0,Morning,10.0,23.371292,85.327872,23.381292,85.337872,1.509378528129653,15.0,1,1,Fast (<=20m),On Time
0x20c6,RANCHIRES18DEL01,Ranchi,27.0,25-29,4.7,4.7-5.0,Sunny,Medium,0,Snack,Scooter,0.0,No,16:10,16:15,16.0,Afternoon,5.0,23.351489,85.324253,23.391489,85.364253,6.037614051280403,21.0,1,1,Standard (21-30m),On Time
0x20d2,MYSRES03DEL01,Mysuru,30.0,30-34,4.0,Below 4.2,Stormy,High,2,Buffet,Motorcycle,1.0,No,13:35,13:40,13.0,Afternoon,5.0,12.299524,76.64262,12.339524,76.68262,6.218143503765278,32.0,1,0,Slow (>30m),Over 30 Min
0x20d6,COIMBRES07DEL01,Coimbatore,21.0,18-24,4.3,4.2-4.6,Fog,Jam,2,Buffet,Motorcycle,1.0,No,21:20,21:25,21.0,Late Night,5.0,10.96185,76.971082,11.07185,77.081082,17.139243415957083,32.0,1,0,Slow (>30m),Over 30 Min
0x20ef,BANGRES20DEL01,Bengaluru,23.0,18-24,5.0,4.7-5.0,Stormy,Medium,2,Buffet,Bicycle,1.0,No,17:45,17:60,17.0,Evening,15.0,12.972161,77.596014,13.082161,77.706014,17.07674902111438,26.0,1,1,Standard (21-30m),On Time
0x20f7_x,BANGRES18DEL01,Bengaluru,37.0,35-45,4.4,4.2-4.6,Windy,High,0,Buffet,Scooter,2.0,No,13:50,13:55,13.0,Afternoon,5.0,12.913041,77.683237,12.953041,77.723237,6.210872734874491,42.0,1,0,Slow (>30m),Over 30 Min
0x20f7_y,BANGRES18DEL01,Bengaluru,37.0,35-45,4.4,4.2-4.6,Windy,High,0,Buffet,Scooter,2.0,No,13:50,13:55,13.0,Afternoon,5.0,12.913041,77.683237,12.953041,77.723237,6.210872734874491,42.0,1,0,Slow (>30m),Over 30 Min
0x20fa,PUNERES08DEL03,Pune,27.0,25-29,4.4,4.2-4.6,Cloudy,Jam,2,Snack,Bicycle,1.0,No,20:20,20:30,20.0,Evening,10.0,18.53408,73.89852,18.62408,73.98852,13.788966163469492,37.0,1,0,Slow (>30m),Over 30 Min
0x2123,PUNERES04DEL03,Pune,31.0,30-34,4.4,4.2-4.6,Stormy,Jam,1,Meal,Scooter,1.0,No,19:15,19:30,19.0,Evening,15.0,18.51421,73.838429,18.54421,73.868429,4.596957979079139,34.0,1,0,Slow (>30m),Over 30 Min
0x215a,PUNERES11DEL01,Pune,27.0,25-29,4.9,4.7-5.0,Sunny,Jam,0,Snack,Scooter,1.0,No,21:35,21:40,21.0,Late Night,5.0,18.533811,73.899315,18.603811,73.969315,10.725057457902905,24.0,1,1,Standard (21-30m),On Time
0x215d,MUMRES20DEL02,Mumbai,22.0,18-24,4.7,4.7-5.0,Windy,Medium,2,Snack,Scooter,1.0,No,17:50,17:60,17.0,Evening,10.0,19.103249,72.846749,19.233249,72.976749,19.884346040369497,27.0,1,1,Standard (21-30m),On Time
0x2163,MYSRES15DEL01,Mysuru,37.0,35-45,4.3,4.2-4.6,Fog,High,1,Drinks,Bicycle,0.0,No,13:40,13:45,13.0,Afternoon,5.0,12.352058,76.60665,12.392058,76.64665,6.217534192936522,36.0,1,0,Slow (>30m),Over 30 Min
0x2173,HYDRES18DEL02,Hyderabad,21.0,18-24,4.5,4.2-4.6,Fog,High,2,Meal,Bicycle,1.0,No,11:60,12:05,12.0,Afternoon,5.0,17.450851,78.379347,17.470851,78.399347,3.0734670491164913,30.0,1,1,Standard (21-30m),On Time
0x2175,RANCHIRES05DEL03,Ranchi,25.0,25-29,4.6,4.2-4.6,Sunny,Low,0,Buffet,Scooter,0.0,No,23:15,23:25,23.0,Late Night,10.0,23.355164,85.324097,23.415164,85.384097,9.055993626578077,16.0,1,1,Fast (<=20m),On Time
0x2179,JAPRES18DEL01,Jaipur,31.0,30-34,4.6,4.2-4.6,Sunny,Jam,0,Snack,Scooter,2.0,No,19:55,20:10,19.0,Evening,15.0,26.913987,75.752891,26.983987,75.822891,10.427229413089817,39.0,1,0,Slow (>30m),Over 30 Min
0x217d,RANCHIRES19DEL03,Ranchi,36.0,35-45,4.4,4.2-4.6,Cloudy,Low,2,Meal,Scooter,0.0,No,22:20,22:35,22.0,Late Night,15.0,23.333017,85.3172,23.423017,85.4072,13.584324827609853,36.0,1,0,Slow (>30m),Over 30 Min
0x2180,MUMRES11DEL03,Mumbai,35.0,35-45,4.8,4.7-5.0,Sunny,Jam,2,Buffet,Scooter,1.0,No,20:10,20:25,20.0,Evening,15.0,18.994237,72.825553,19.084237,72.915553,13.771151916337175,22.0,1,1,Standard (21-30m),On Time
0x2188,MYSRES13DEL02,Mysuru,38.0,35-45,4.6,4.2-4.6,Stormy,Low,1,Buffet,Scooter,0.0,No,22:10,22:20,22.0,Late Night,10.0,12.310972,76.659264,12.390972,76.739264,12.435557672161545,18.0,1,1,Fast (<=20m),On Time
0x219e,BANGRES19DEL02,Bengaluru,36.0,35-45,4.3,4.2-4.6,Windy,Jam,0,Buffet,Scooter,1.0,No,21:15,21:20,21.0,Late Night,5.0,12.914264,77.6784,13.044264,77.8084,20.183509244457024,44.0,1,0,Slow (>30m),Over 30 Min
0x21a3,HYDRES11DEL03,Hyderabad,33.0,30-34,4.7,4.7-5.0,Stormy,Low,2,Buffet,Bicycle,1.0,No,23:50,24:05,23.0,Late Night,15.0,17.430448,78.418213,17.460448,78.448213,4.610386212059168,21.0,1,1,Standard (21-30m),On Time
0x21b3,RANCHIRES19DEL01,Ranchi,20.0,18-24,4.8,4.7-5.0,Sunny,Low,0,Drinks,Scooter,0.0,No,22:30,22:40,22.0,Late Night,10.0,23.333017,85.3172,23.403017,85.3872,10.565950764196137,24.0,1,1,Standard (21-30m),On Time
0x21e5,HYDRES06DEL02,Hyderabad,36.0,35-45,4.9,4.7-5.0,Stormy,Low,1,Drinks,Bicycle,1.0,No,23:60,24:05,0.0,Morning,5.0,17.455894,78.375467,17.505894,78.425467,7.683264469744391,29.0,1,1,Standard (21-30m),On Time
0x2210,RANCHIRES06DEL02,Ranchi,37.0,35-45,4.4,4.2-4.6,Fog,Low,0,Snack,Scooter,1.0,No,23:35,23:50,23.0,Late Night,15.0,23.357804,85.325146,23.487804,85.455146,19.61876644735796,44.0,1,0,Slow (>30m),Over 30 Min
0x2219,HYDRES08DEL02,Hyderabad,30.0,30-34,5.0,4.7-5.0,Cloudy,Medium,0,Snack,Scooter,1.0,No,18:40,18:55,18.0,Evening,15.0,17.438263,78.397865,17.568263,78.527865,19.975314453429863,37.0,1,0,Slow (>30m),Over 30 Min
0x223a,INDORES15DEL03,Indore,24.0,18-24,5.0,4.7-5.0,Fog,Low,1,Meal,Bicycle,1.0,No,22:20,22:30,22.0,Late Night,10.0,22.760072,75.892574,22.850072,75.982574,13.61089637581702,26.0,1,1,Standard (21-30m),On Time
0x2248,BANGRES09DEL02,Bengaluru,23.0,18-24,4.6,4.2-4.6,Fog,Low,2,Drinks,Bicycle,1.0,No,8:45,8:60,8.0,Morning,15.0,12.934179,77.615797,12.954179,77.635797,3.1053688342194934,15.0,1,1,Fast (<=20m),On Time
0x2252,COIMBRES03DEL01,Coimbatore,24.0,18-24,4.9,4.7-5.0,Cloudy,High,0,Snack,Scooter,1.0,No,12:20,12:30,12.0,Afternoon,10.0,11.025083,77.015393,11.065083,77.055393,6.2321588670417665,25.0,1,1,Standard (21-30m),On Time
0x2260,MUMRES01DEL02,Mumbai,26.0,25-29,4.7,4.7-5.0,Cloudy,Low,0,Meal,Scooter,0.0,No,23:15,23:20,23.0,Late Night,5.0,19.12663,72.829976,19.17663,72.879976,7.648189817588955,20.0,1,1,Fast (<=20m),On Time
0x2268,SURRES13DEL01,Surat,37.0,35-45,4.3,4.2-4.6,Fog,High,2,Buffet,Bicycle,1.0,No,12:45,12:60,12.0,Afternoon,15.0,21.170096,72.789122,21.210096,72.829122,6.08121272434363,36.0,1,0,Slow (>30m),Over 30 Min
0x2271,SURRES19DEL01,Surat,35.0,35-45,4.7,4.7-5.0,Cloudy,Jam,0,Meal,Scooter,1.0,No,20:45,20:60,20.0,Evening,15.0,21.149669,72.772629,21.219669,72.842629,10.642303653494258,51.0,1,0,Slow (>30m),Over 30 Min
0x22af,BANGRES08DEL03,Bengaluru,33.0,30-34,5.0,4.7-5.0,Cloudy,Jam,1,Drinks,Bicycle,0.0,No,20:40,20:45,20.0,Evening,5.0,12.906229,77.596791,12.936229,77.626791,4.658261958488941,38.0,1,0,Slow (>30m),Over 30 Min
0x22ba,MYSRES010DEL02,Mysuru,26.0,25-29,4.9,4.7-5.0,Sandstorms,Low,2,Buffet,Motorcycle,0.0,No,22:35,22:50,22.0,Late Night,15.0,12.321214,76.621094,12.451214,76.751094,20.206448854021062,17.0,1,1,Fast (<=20m),On Time
0x22c9,MUMRES11DEL01,Mumbai,35.0,35-45,4.6,4.2-4.6,Cloudy,Jam,0,Drinks,Scooter,1.0,No,21:15,21:25,21.0,Late Night,10.0,18.994237,72.825553,19.064237,72.895553,10.711200595879614,45.0,1,0,Slow (>30m),Over 30 Min
0x22fb,RANCHIRES05DEL03,Ranchi,35.0,35-45,4.9,4.7-5.0,Sunny,Jam,0,Snack,Scooter,0.0,No,19:30,19:35,19.0,Evening,5.0,23.355164,85.324097,23.415164,85.384097,9.055993626578077,24.0,1,1,Standard (21-30m),On Time
0x2310,CHENRES15DEL03,Chennai,37.0,35-45,4.3,4.2-4.6,Stormy,Jam,0,Meal,Scooter,1.0,Yes,20:35,20:50,20.0,Evening,15.0,13.026286,80.275235,13.086286,80.335235,9.314056929997294,46.0,1,0,Slow (>30m),Over 30 Min
0x2315,BANGRES07DEL03,Bengaluru,30.0,30-34,4.7,4.7-5.0,Unknown,Unknown,3,Meal,Scooter,2.0,No,,18:35,,Unknown,,12.978453,77.643685,13.068453,77.733685,13.971987843739127,32.0,1,0,Slow (>30m),Over 30 Min
0x231e,BANGRES20DEL01,Bengaluru,30.0,30-34,4.7,4.7-5.0,Windy,Low,2,Buffet,Bicycle,0.0,No,,10:30,,Unknown,,12.972161,77.596014,12.982161,77.606014,1.5525842261405745,14.0,1,1,Fast (<=20m),On Time
0x234d,PUNERES20DEL03,Pune,39.0,35-45,4.9,4.7-5.0,Sandstorms,Low,2,Drinks,Scooter,1.0,No,23:15,23:20,23.0,Late Night,5.0,18.592718,73.773572,18.622718,73.803572,4.595956622985964,27.0,1,1,Standard (21-30m),On Time
0x235d,RANCHIRES04DEL02,Ranchi,28.0,25-29,4.6,4.2-4.6,Windy,Jam,0,Drinks,Scooter,1.0,No,20:35,20:40,20.0,Evening,5.0,23.359033,85.325347,23.409033,85.375347,7.546690893000631,28.0,1,1,Standard (21-30m),On Time
0x2363,MUMRES16DEL01,Mumbai,33.0,30-34,4.1,Below 4.2,Sunny,Jam,0,Drinks,Scooter,1.0,No,19:35,19:45,19.0,Evening,10.0,19.120083,72.907385,19.190083,72.977385,10.707359830022968,41.0,1,0,Slow (>30m),Over 30 Min
0x237f,COIMBRES09DEL02,Coimbatore,28.0,25-29,4.9,4.7-5.0,Sandstorms,Low,1,Drinks,Bicycle,1.0,No,22:20,22:35,22.0,Late Night,15.0,11.008638,76.984311,11.088638,77.064311,12.464243225286939,15.0,1,1,Fast (<=20m),On Time
0x2380,SURRES19DEL02,Surat,30.0,30-34,4.7,4.7-5.0,Sunny,Low,2,Buffet,Motorcycle,0.0,No,10:50,10:55,10.0,Morning,5.0,21.149669,72.772629,21.169669,72.792629,3.0408973299016537,12.0,1,1,Fast (<=20m),On Time
0x2383,HYDRES04DEL03,Hyderabad,30.0,30-34,5.0,4.7-5.0,Cloudy,Jam,2,Meal,Bicycle,1.0,No,19:50,19:55,19.0,Evening,5.0,17.411028,78.329645,17.471028,78.389645,9.22087871144038,32.0,1,0,Slow (>30m),Over 30 Min
0x23f0,MUMRES11DEL01,Mumbai,33.0,30-34,4.6,4.2-4.6,Sandstorms,Medium,1,Buffet,Scooter,1.0,No,17:45,17:60,17.0,Evening,15.0,18.994237,72.825553,19.104237,72.935553,16.83092879976885,22.0,1,1,Standard (21-30m),On Time
0x240e,PUNERES08DEL01,Pune,26.0,25-29,4.6,4.2-4.6,Sandstorms,High,1,Buffet,Bicycle,1.0,No,11:10,11:25,11.0,Morning,15.0,18.53408,73.89852,18.54408,73.90852,1.5322774439552878,22.0,1,1,Standard (21-30m),On Time
0x2420,RANCHIRES03DEL01,Ranchi,27.0,25-29,4.6,4.2-4.6,Sunny,Medium,0,Meal,Scooter,1.0,No,17:25,17:40,17.0,Evening,15.0,0.0,0.0,0.11,0.11,,21.0,1,1,Standard (21-30m),On Time
0x244d,CHENRES010DEL02,Chennai,28.0,25-29,5.0,4.7-5.0,Fog,Low,2,Snack,Motorcycle,0.0,No,8:55,9:10,8.0,Morning,15.0,13.066762,80.251865,13.086762,80.271865,3.1045603406335536,15.0,1,1,Fast (<=20m),On Time
0x2465,CHENRES19DEL02,Chennai,21.0,18-24,4.2,4.2-4.6,Cloudy,Medium,2,Meal,Motorcycle,1.0,No,17:60,18:10,18.0,Evening,10.0,12.986047,80.218114,13.116047,80.348114,20.180662988795145,35.0,1,0,Slow (>30m),Over 30 Min
0x2479,MUMRES16DEL02,Mumbai,34.0,30-34,4.1,Below 4.2,Windy,Jam,1,Snack,Bicycle,1.0,No,21:20,21:35,21.0,Late Night,15.0,19.120083,72.907385,19.250083,73.037385,19.88338809561328,39.0,1,0,Slow (>30m),Over 30 Min
0x248e,RANCHIRES01DEL01,Ranchi,30.0,30-34,4.8,4.7-5.0,Cloudy,Medium,0,Buffet,Scooter,2.0,No,17:40,17:45,17.0,Evening,5.0,23.416792,85.316842,23.526792,85.426842,16.597682345998667,46.0,1,0,Slow (>30m),Over 30 Min
0x2492,INDORES09DEL01,Indore,27.0,25-29,4.9,4.7-5.0,Stormy,Low,0,Buffet,Scooter,1.0,No,23:25,23:30,23.0,Late Night,5.0,22.725835,75.887648,22.835835,75.997648,16.63689801869143,21.0,1,1,Standard (21-30m),On Time
0x24a0,CHENRES18DEL01,Chennai,26.0,25-29,4.7,4.7-5.0,Stormy,Low,1,Drinks,Bicycle,0.0,No,9:45,9:60,9.0,Morning,15.0,12.981615,80.231598,12.991615,80.241598,1.5525554613277863,15.0,1,1,Fast (<=20m),On Time
0x24be,JAPRES03DEL03,Jaipur,35.0,35-45,4.9,4.7-5.0,Cloudy,Jam,2,Drinks,Bicycle,1.0,Yes,21:20,21:30,21.0,Late Night,10.0,26.913483,75.803139,27.053483,75.943139,20.851627541590645,44.0,1,0,Slow (>30m),Over 30 Min
0x24bf,COIMBRES09DEL01,Coimbatore,23.0,18-24,4.7,4.7-5.0,Windy,Medium,2,Meal,Scooter,1.0,No,18:10,18:20,18.0,Evening,10.0,11.008638,76.984311,11.078638,77.054311,10.906304100918312,27.0,1,1,Standard (21-30m),On Time
0x24e2,JAPRES19DEL03,Jaipur,35.0,35-45,4.2,4.2-4.6,Cloudy,Jam,2,Drinks,Bicycle,1.0,No,21:20,21:25,21.0,Late Night,5.0,26.913726,75.75282,26.943726,75.78282,4.4691684319534986,33.0,1,0,Slow (>30m),Over 30 Min
0x24e5,VADRES11DEL01,Vadodara,32.0,30-34,4.7,4.7-5.0,Sandstorms,Low,2,Snack,Scooter,1.0,No,10:40,10:55,10.0,Morning,15.0,22.308096,73.167753,22.318096,73.177753,1.5148069875311363,28.0,1,1,Standard (21-30m),On Time
0x2535,HYDRES20DEL01,Hyderabad,28.0,25-29,4.7,4.7-5.0,Windy,Low,2,Meal,Bicycle,1.0,No,8:10,8:25,8.0,Morning,15.0,17.483216,78.552111,17.493216,78.562111,1.536623458070066,16.0,1,1,Fast (<=20m),On Time
0x258f,HYDRES13DEL03,Hyderabad,33.0,30-34,5.0,4.7-5.0,Sunny,Jam,2,Meal,Bicycle,1.0,No,20:50,20:60,20.0,Evening,10.0,17.431477,78.40035,17.491477,78.46035,9.220385802742921,22.0,1,1,Standard (21-30m),On Time
0x2591,INDORES06DEL02,Indore,31.0,30-34,4.9,4.7-5.0,Windy,Jam,1,Snack,Bicycle,0.0,No,21:15,21:30,21.0,Late Night,15.0,22.728163,75.884212,22.778163,75.934212,7.5629314911012475,31.0,1,0,Slow (>30m),Over 30 Min
0x25aa,RANCHIRES17DEL02,Ranchi,32.0,30-34,4.9,4.7-5.0,Fog,Medium,0,Snack,Scooter,1.0,No,17:45,17:60,17.0,Evening,15.0,23.374878,85.335739,23.424878,85.385739,7.546278130306634,28.0,1,1,Standard (21-30m),On Time
0x25ba,INDORES03DEL02,Indore,21.0,18-24,4.9,4.7-5.0,Sunny,Medium,2,Buffet,Motorcycle,0.0,No,18:50,18:60,18.0,Evening,10.0,22.751857,75.866699,22.881857,75.996699,19.65940068212694,15.0,1,1,Fast (<=20m),On Time
0x25cd,COIMBRES18DEL02,Coimbatore,34.0,30-34,4.5,4.2-4.6,Sandstorms,Low,0,Meal,Scooter,1.0,No,10:35,10:40,10.0,Morning,5.0,11.02091,76.940432,11.04091,76.960432,3.116153238010856,30.0,1,1,Standard (21-30m),On Time
0x25fe,RANCHIRES18DEL01,Ranchi,39.0,35-45,4.1,Below 4.2,Stormy,Jam,0,Buffet,Scooter,1.0,No,21:40,21:55,21.0,Late Night,15.0,23.351489,85.324253,23.461489,85.434253,16.601431265103507,47.0,1,0,Slow (>30m),Over 30 Min
0x2631,JAPRES01DEL03,Jaipur,38.0,35-45,4.5,4.2-4.6,Windy,Low,2,Drinks,Bicycle,0.0,No,22:35,22:40,22.0,Late Night,5.0,26.90519,75.810753,26.93519,75.840753,4.46931819503161,21.0,1,1,Standard (21-30m),On Time
0x2654,PUNERES03DEL02,Pune,37.0,35-45,4.3,4.2-4.6,Fog,Jam,1,Buffet,Bicycle,1.0,No,21:15,21:30,21.0,Late Night,15.0,18.554382,73.798206,18.604382,73.848206,7.660530705365707,35.0,1,0,Slow (>30m),Over 30 Min
0x2674,SURRES15DEL01,Surat,21.0,18-24,4.7,4.7-5.0,Sandstorms,Medium,1,Drinks,Bicycle,1.0,No,15:25,15:30,15.0,Afternoon,5.0,21.160522,72.771477,21.200522,72.811477,6.08139589078358,20.0,1,1,Fast (<=20m),On Time
0x267d,SURRES20DEL02,Surat,34.0,30-34,4.8,4.7-5.0,Windy,Low,2,Snack,Bicycle,1.0,No,23:20,23:35,23.0,Late Night,15.0,21.15276,72.778059,21.20276,72.828059,7.601810834791758,26.0,1,1,Standard (21-30m),On Time
0x2681,COIMBRES04DEL02,Coimbatore,23.0,18-24,4.6,4.2-4.6,Windy,Jam,1,Drinks,Scooter,1.0,No,20:45,20:50,20.0,Evening,5.0,11.024839,77.007003,11.104839,77.087003,12.463905332613255,23.0,1,1,Standard (21-30m),On Time
0x2695,MUMRES14DEL01,Mumbai,24.0,18-24,4.5,4.2-4.6,Cloudy,Low,0,Drinks,Scooter,0.0,No,22:45,22:50,22.0,Late Night,5.0,19.1813,72.836191,19.2513,72.906191,10.705483265553463,21.0,1,1,Standard (21-30m),On Time
0x26a7,CHENRES03DEL02,Chennai,39.0,35-45,5.0,4.7-5.0,Cloudy,Medium,2,Meal,Bicycle,0.0,No,17:60,18:15,18.0,Evening,15.0,13.091809,80.219104,13.141809,80.269104,7.760786340933523,15.0,1,1,Fast (<=20m),On Time
0x26ae,PUNERES20DEL02,Pune,23.0,18-24,4.8,4.7-5.0,Sandstorms,Jam,2,Meal,Motorcycle,1.0,No,21:50,21:55,21.0,Late Night,5.0,18.592718,73.773572,18.672718,73.853572,12.255031272154593,21.0,1,1,Standard (21-30m),On Time
0x26b0,SURRES12DEL01,Surat,33.0,30-34,4.7,4.7-5.0,Stormy,Low,1,Meal,Bicycle,1.0,No,10:40,10:45,10.0,Morning,5.0,21.183434,72.814492,21.193434,72.824492,1.5203111528781872,24.0,1,1,Standard (21-30m),On Time
0x26d4,HYDRES05DEL03,Hyderabad,32.0,30-34,4.9,4.7-5.0,Sandstorms,Low,1,Buffet,Bicycle,1.0,No,23:55,24:10,23.0,Late Night,15.0,17.433809,78.386744,17.523809,78.476744,13.82995089536522,24.0,1,1,Standard (21-30m),On Time
0x26e0,PUNERES06DEL02,Pune,36.0,35-45,4.4,4.2-4.6,Sandstorms,Jam,0,Buffet,Scooter,1.0,No,21:25,21:40,21.0,Late Night,15.0,18.546258,73.904337,18.626258,73.984337,12.256614678224235,51.0,1,0,Slow (>30m),Over 30 Min
0x271e,SURRES11DEL03,Surat,31.0,30-34,4.8,4.7-5.0,Sunny,Low,0,Snack,Scooter,0.0,No,23:20,23:25,23.0,Late Night,5.0,21.157735,72.768778,21.187735,72.798778,4.561158641341747,25.0,1,1,Standard (21-30m),On Time
0x2724,MYSRES12DEL01,Mysuru,27.0,25-29,4.6,4.2-4.6,Stormy,Medium,2,Drinks,Motorcycle,0.0,No,17:30,17:45,17.0,Evening,15.0,12.284747,76.625861,12.354747,76.695861,10.881746349953254,27.0,1,1,Standard (21-30m),On Time
0x273b,MUMRES14DEL01,Mumbai,33.0,30-34,4.9,4.7-5.0,Windy,Low,1,Snack,Scooter,1.0,No,8:15,8:30,8.0,Morning,15.0,19.1813,72.836191,19.1913,72.846191,1.5294862887133198,25.0,1,1,Standard (21-30m),On Time
0x274a,SURRES19DEL01,Surat,35.0,35-45,4.0,Below 4.2,Windy,Jam,0,Meal,Scooter,0.0,No,21:40,21:50,21.0,Late Night,10.0,21.149669,72.772629,21.259669,72.882629,16.722566253467377,50.0,1,0,Slow (>30m),Over 30 Min
0x274c,COIMBRES16DEL01,Coimbatore,32.0,30-34,5.0,4.7-5.0,Cloudy,Medium,0,Drinks,Scooter,0.0,No,18:40,18:50,18.0,Evening,10.0,11.010375,76.95295,11.080375,77.02295,10.906272435934945,42.0,1,0,Slow (>30m),Over 30 Min
0x2764,MYSRES14DEL03,Mysuru,26.0,25-29,4.8,4.7-5.0,Stormy,Jam,1,Meal,Bicycle,1.0,No,21:35,21:45,21.0,Late Night,10.0,0.0,0.0,0.03,0.03,,19.0,1,1,Fast (<=20m),On Time
0x2779,JAPRES14DEL01,Jaipur,23.0,18-24,4.6,4.2-4.6,Stormy,Medium,0,Buffet,Scooter,1.0,No,15:60,16:05,16.0,Afternoon,5.0,26.88842,75.800689,26.92842,75.840689,5.9593661356699705,17.0,1,1,Fast (<=20m),On Time
0x279f,MUMRES13DEL03,Mumbai,27.0,25-29,4.2,4.2-4.6,Stormy,Jam,0,Buffet,Scooter,1.0,No,20:30,20:35,20.0,Evening,5.0,19.178321,72.834715,19.268321,72.924715,13.76391522226114,33.0,1,0,Slow (>30m),Over 30 Min
0x27af,JAPRES02DEL03,Jaipur,24.0,18-24,4.8,4.7-5.0,Fog,Medium,2,Snack,Motorcycle,0.0,No,17:45,17:55,17.0,Evening,10.0,26.914142,75.805704,26.974142,75.865704,8.937795461027019,13.0,1,1,Fast (<=20m),On Time
0x27dd,MYSRES08DEL01,Mysuru,36.0,35-45,4.9,4.7-5.0,Sandstorms,Jam,1,Drinks,Bicycle,0.0,No,21:10,21:15,21.0,Late Night,5.0,12.297954,76.665169,12.407954,76.775169,17.09882783311687,25.0,1,1,Standard (21-30m),On Time
0x280e,BANGRES09DEL03,Bengaluru,34.0,30-34,3.7,Below 4.2,Fog,Low,1,Meal,Scooter,2.0,No,23:35,23:40,23.0,Late Night,5.0,12.934179,77.615797,13.024179,77.705797,13.973201954499304,33.0,1,0,Slow (>30m),Over 30 Min
0x2821,CHENRES17DEL03,Chennai,30.0,30-34,4.8,4.7-5.0,Fog,Low,0,Buffet,Scooter,1.0,No,23:30,23:35,23.0,Late Night,5.0,13.045479,80.23311,13.075479,80.26311,4.656990070730075,28.0,1,1,Standard (21-30m),On Time
0x2836,CHENRES18DEL01,Chennai,34.0,30-34,4.9,4.7-5.0,Sandstorms,Medium,0,Drinks,Scooter,0.0,No,16:55,17:05,16.0,Afternoon,10.0,12.981615,80.231598,13.021615,80.271598,6.210039054794512,26.0,1,1,Standard (21-30m),On Time
0x284b,JAPRES04DEL01,Jaipur,27.0,25-29,4.7,4.7-5.0,Windy,Low,1,Drinks,Bicycle,1.0,No,22:35,22:50,22.0,Late Night,15.0,26.902328,75.794257,27.012328,75.904257,16.385107867108154,17.0,1,1,Fast (<=20m),On Time
0x2888,SURRES06DEL02,Surat,25.0,25-29,4.7,4.7-5.0,Stormy,Jam,1,Snack,Scooter,0.0,No,21:30,21:45,21.0,Late Night,15.0,21.185047,72.80859,21.315047,72.93859,19.7602055372136,19.0,1,1,Fast (<=20m),On Time
0x28a0,VADRES07DEL01,Vadodara,37.0,35-45,4.8,4.7-5.0,Stormy,Low,2,Snack,Scooter,1.0,No,9:20,9:25,9.0,Morning,5.0,0.0,0.0,0.01,0.01,,25.0,1,1,Standard (21-30m),On Time
0x28aa,RANCHIRES02DEL03,Ranchi,31.0,30-34,4.9,4.7-5.0,Stormy,Jam,1,Drinks,Scooter,1.0,No,20:15,20:30,20.0,Evening,15.0,0.0,0.0,0.06,0.06,,29.0,1,1,Standard (21-30m),On Time
0x28ad,JAPRES010DEL02,Jaipur,24.0,18-24,4.6,4.2-4.6,Cloudy,Low,1,Snack,Scooter,1.0,No,23:55,24:05,23.0,Late Night,10.0,26.921411,75.793604,27.001411,75.873604,11.916251616622882,28.0,1,1,Standard (21-30m),On Time
0x28b5,MUMRES06DEL02,Mumbai,33.0,30-34,4.7,4.7-5.0,Stormy,Jam,1,Buffet,Scooter,1.0,No,20:60,21:10,21.0,Late Night,10.0,19.055831,72.833984,19.105831,72.883984,7.649734968699055,27.0,1,1,Standard (21-30m),On Time
0x28bb,HYDRES07DEL02,Hyderabad,29.0,25-29,4.9,4.7-5.0,Windy,Low,2,Meal,Bicycle,1.0,No,23:15,23:30,23.0,Late Night,15.0,17.424114,78.347554,17.474114,78.397554,7.6839032938223815,19.0,1,1,Fast (<=20m),On Time
0x28e3,RANCHIRES07DEL03,Ranchi,32.0,30-34,5.0,4.7-5.0,Sunny,Low,1,Meal,Scooter,0.0,No,23:30,23:45,23.0,Late Night,15.0,23.359407,85.325055,23.419407,85.385055,9.05586101269713,11.0,1,1,Fast (<=20m),On Time
0x28e5,VADRES19DEL01,Vadodara,20.0,18-24,4.9,4.7-5.0,Sunny,High,2,Buffet,Motorcycle,1.0,No,14:45,14:60,14.0,Afternoon,15.0,22.311844,73.165081,22.351844,73.205081,6.05885248629486,17.0,1,1,Fast (<=20m),On Time
0x28fe,MYSRES14DEL01,Mysuru,38.0,35-45,4.9,4.7-5.0,Cloudy,Jam,2,Meal,Bicycle,1.0,No,19:45,19:55,19.0,Evening,10.0,0.0,0.0,0.07,0.07,,48.0,1,0,Slow (>30m),Over 30 Min
0x2918,MYSRES09DEL02,Mysuru,32.0,30-34,4.5,4.2-4.6,Windy,Low,0,Buffet,Scooter,0.0,No,22:35,22:50,22.0,Late Night,15.0,12.323194,76.630583,12.453194,76.760583,20.20637397777692,28.0,1,1,Standard (21-30m),On Time
0x291b,VADRES04DEL02,Vadodara,25.0,25-29,4.9,4.7-5.0,Sandstorms,Low,2,Meal,Bicycle,1.0,No,10:15,10:30,10.0,Morning,15.0,0.0,0.0,0.02,0.02,,16.0,1,1,Fast (<=20m),On Time
0x2923,MUMRES010DEL01,Mumbai,22.0,18-24,4.7,4.7-5.0,Fog,Medium,0,Snack,Scooter,1.0,No,17:15,17:20,17.0,Evening,5.0,19.003517,72.82765,19.073517,72.89765,10.710918154184034,30.0,1,1,Standard (21-30m),On Time
0x2924,COIMBRES11DEL03,Coimbatore,31.0,30-34,3.4,Below 4.2,Sunny,Low,0,Meal,Scooter,1.0,No,23:45,23:50,23.0,Late Night,5.0,11.001753,76.986241,11.091753,77.076241,14.022317650902437,31.0,1,0,Slow (>30m),Over 30 Min
0x2934,INDORES09DEL01,Indore,22.0,18-24,4.5,4.2-4.6,Windy,High,1,Meal,Bicycle,1.0,No,12:35,12:50,12.0,Afternoon,15.0,22.725835,75.887648,22.765835,75.927648,6.050494378928664,11.0,1,1,Fast (<=20m),On Time
0x2935,COIMBRES16DEL02,Coimbatore,29.0,25-29,4.6,4.2-4.6,Cloudy,Medium,0,Buffet,Scooter,1.0,No,18:10,18:15,18.0,Evening,5.0,11.010375,76.95295,11.060375,77.00295,7.790324896032039,25.0,1,1,Standard (21-30m),On Time
0x2960,MUMRES16DEL03,Mumbai,30.0,30-34,4.7,4.7-5.0,Stormy,Medium,1,Drinks,Bicycle,1.0,No,,18:30,,Unknown,,19.120083,72.907385,19.210083,72.997385,13.766211455316668,34.0,1,0,Slow (>30m),Over 30 Min
0x2962,SURRES08DEL02,Surat,30.0,30-34,4.7,4.7-5.0,Sunny,Low,0,Snack,Scooter,0.0,No,,24:10,,Unknown,,21.173343,72.792731,21.303343,72.922731,19.76093504151438,21.0,1,1,Standard (21-30m),On Time
0x298f,RANCHIRES11DEL01,Ranchi,38.0,35-45,4.8,4.7-5.0,Windy,Low,0,Drinks,Scooter,1.0,No,22:10,22:20,22.0,Late Night,10.0,23.359194,85.325447,23.469194,85.435447,16.600989396503692,22.0,1,1,Standard (21-30m),On Time
0x2997,MUMRES20DEL02,Mumbai,24.0,18-24,4.1,Below 4.2,Cloudy,Jam,2,Buffet,Motorcycle,1.0,No,20:35,20:50,20.0,Evening,15.0,19.103249,72.846749,19.233249,72.976749,19.884346040369497,39.0,1,0,Slow (>30m),Over 30 Min
0x29ab,HYDRES16DEL01,Hyderabad,35.0,35-45,4.6,4.2-4.6,Windy,Medium,2,Meal,Bicycle,1.0,No,18:15,18:30,18.0,Evening,15.0,17.440827,78.393391,17.550827,78.503391,16.90251927526918,26.0,1,1,Standard (21-30m),On Time
0x29b9,BANGRES06DEL01,Bengaluru,35.0,35-45,4.6,4.2-4.6,Fog,Low,0,Meal,Scooter,1.0,No,9:30,9:45,9.0,Morning,15.0,12.979096,77.640625,12.989096,77.650625,1.5525631276149985,25.0,1,1,Standard (21-30m),On Time
0x29e5,INDORES03DEL01,Indore,21.0,18-24,4.9,4.7-5.0,Sandstorms,Low,1,Buffet,Bicycle,1.0,No,8:50,8:55,8.0,Morning,5.0,22.751857,75.866699,22.761857,75.876699,1.5125675356087818,19.0,1,1,Fast (<=20m),On Time
0x29f7,JAPRES08DEL02,Jaipur,26.0,25-29,4.8,4.7-5.0,Fog,Low,2,Snack,Motorcycle,0.0,No,22:45,22:60,22.0,Late Night,15.0,26.910262,75.783013,26.960262,75.833013,7.448422756063132,14.0,1,1,Fast (<=20m),On Time
0x2a28,JAPRES02DEL03,Jaipur,33.0,30-34,4.7,4.7-5.0,Fog,Jam,1,Buffet,Scooter,0.0,No,21:55,21:60,21.0,Late Night,5.0,26.914142,75.805704,27.004142,75.895704,13.40590236877501,35.0,1,0,Slow (>30m),Over 30 Min
0x2a30,CHENRES20DEL03,Chennai,31.0,30-34,3.5,Below 4.2,Sandstorms,Jam,1,Buffet,Bicycle,1.0,No,21:60,22:15,22.0,Late Night,15.0,12.975996,80.221898,13.065996,80.311898,13.972055324781298,40.0,1,0,Slow (>30m),Over 30 Min
0x2a46,MUMRES20DEL03,Mumbai,27.0,25-29,5.0,4.7-5.0,Stormy,Jam,2,Buffet,Scooter,1.0,No,20:45,20:60,20.0,Evening,15.0,19.103249,72.846749,19.133249,72.876749,4.589351454450741,29.0,1,1,Standard (21-30m),On Time
0x2a5e,VADRES20DEL03,Vadodara,29.0,25-29,4.1,Below 4.2,Sunny,Jam,0,Drinks,Scooter,1.0,No,19:45,19:60,19.0,Evening,15.0,22.311358,73.164798,22.341358,73.194798,4.5442217978701525,42.0,1,0,Slow (>30m),Over 30 Min
0x2a6f,SURRES08DEL01,Surat,23.0,18-24,4.9,4.7-5.0,Sunny,Medium,2,Snack,Scooter,1.0,No,18:30,18:45,18.0,Evening,15.0,21.173343,72.792731,21.243343,72.862731,10.641510671011968,10.0,1,1,Fast (<=20m),On Time
0x2a81,BANGRES12DEL02,Bengaluru,25.0,25-29,4.7,4.7-5.0,Sunny,Jam,2,Meal,Scooter,0.0,No,21:45,21:55,21.0,Late Night,10.0,12.939496,77.625999,13.069496,77.755999,20.182510484836808,21.0,1,1,Standard (21-30m),On Time
0x2abe,SURRES03DEL01,Surat,36.0,35-45,4.0,Below 4.2,Fog,High,1,Drinks,Scooter,2.0,No,14:35,14:45,14.0,Afternoon,10.0,21.186884,72.793616,21.226884,72.833616,6.080891366867616,35.0,1,0,Slow (>30m),Over 30 Min
0x2acd,PUNERES16DEL01,Pune,30.0,30-34,4.0,Below 4.2,Windy,High,1,Buffet,Scooter,1.0,No,11:30,11:35,11.0,Morning,5.0,18.536718,73.830327,18.546719,73.840328,1.5324194680952252,31.0,1,0,Slow (>30m),Over 30 Min
0x2ae2,CHENRES010DEL01,Chennai,30.0,30-34,4.7,4.7-5.0,Fog,Medium,0,Drinks,Scooter,0.0,No,15:20,15:35,15.0,Afternoon,15.0,13.066762,80.251865,13.106762,80.291865,6.208998026431535,26.0,1,1,Standard (21-30m),On Time
0x2ae9,JAPRES19DEL01,Jaipur,30.0,30-34,4.2,4.2-4.6,Windy,High,0,Snack,Scooter,0.0,No,13:60,14:05,14.0,Afternoon,5.0,26.913726,75.75282,26.953726,75.792821,5.958840177603699,32.0,1,0,Slow (>30m),Over 30 Min
0x2b1c,SURRES03DEL03,Surat,33.0,30-34,4.7,4.7-5.0,Fog,Jam,0,Meal,Scooter,1.0,No,20:35,20:40,20.0,Evening,5.0,21.186884,72.793616,21.216884,72.823616,4.560740355323283,30.0,1,1,Standard (21-30m),On Time
0x2b2a,SURRES09DEL03,Surat,33.0,30-34,4.7,4.7-5.0,Stormy,Low,1,Meal,Bicycle,1.0,No,22:50,22:60,22.0,Late Night,10.0,21.175975,72.795503,21.205975,72.825503,4.560896957791416,25.0,1,1,Standard (21-30m),On Time
0x2b5b,MUMRES02DEL01,Mumbai,31.0,30-34,4.6,4.2-4.6,Cloudy,Low,2,Buffet,Motorcycle,1.0,No,23:55,24:05,23.0,Late Night,10.0,19.221315,72.862381,19.291315,72.932381,10.704253719843852,25.0,1,1,Standard (21-30m),On Time
0x2b6b,SURRES12DEL01,Surat,26.0,25-29,4.2,4.2-4.6,Fog,High,1,Drinks,Bicycle,1.0,No,13:30,13:45,13.0,Afternoon,15.0,21.183434,72.814492,21.223434,72.854492,6.080957425315434,31.0,1,0,Slow (>30m),Over 30 Min
0x2b76,PUNERES13DEL01,Pune,25.0,25-29,4.9,4.7-5.0,Windy,High,2,Buffet,Bicycle,1.0,No,11:50,11:55,11.0,Morning,5.0,18.56245,73.916619,18.57245,73.926619,1.5321569153788221,29.0,1,1,Standard (21-30m),On Time
0x2b7f,PUNERES09DEL02,Pune,38.0,35-45,3.8,Below 4.2,Stormy,Jam,2,Buffet,Bicycle,1.0,No,19:40,19:55,19.0,Evening,15.0,18.536562,73.896485,18.616562,73.976485,12.256944675903481,41.0,1,0,Slow (>30m),Over 30 Min
0x2b88,BANGRES04DEL01,Bengaluru,29.0,25-29,4.7,4.7-5.0,Stormy,Jam,0,Snack,Scooter,1.0,No,20:40,20:45,20.0,Evening,5.0,12.98041,77.640489,13.09041,77.750489,17.076471933611273,26.0,1,1,Standard (21-30m),On Time
0x2b8f,MYSRES14DEL03,Mysuru,20.0,18-24,4.8,4.7-5.0,Sunny,Medium,0,Buffet,Scooter,1.0,No,18:20,18:25,18.0,Evening,5.0,0.0,0.0,0.03,0.03,,21.0,1,1,Standard (21-30m),On Time
0x2ba7,BANGRES03DEL03,Bengaluru,28.0,25-29,4.0,Below 4.2,Stormy,Low,0,Meal,Scooter,1.0,No,22:10,22:15,22.0,Late Night,5.0,12.979166,77.640709,13.039166,77.700709,9.314920355812367,29.0,1,1,Standard (21-30m),On Time
0x2bc2,INDORES03DEL03,Indore,25.0,25-29,4.5,4.2-4.6,Sandstorms,Medium,2,Snack,Bicycle,0.0,No,18:50,19:05,18.0,Evening,15.0,22.751857,75.866699,22.841857,75.956699,13.611273269229283,16.0,1,1,Fast (<=20m),On Time
0x2bce,INDORES06DEL01,Indore,20.0,18-24,5.0,4.7-5.0,Windy,High,1,Drinks,Bicycle,1.0,No,14:50,14:60,14.0,Afternoon,10.0,22.728163,75.884212,22.768163,75.924212,6.050447006057535,20.0,1,1,Fast (<=20m),On Time
0x2bea,MUMRES16DEL01,Mumbai,36.0,35-45,4.6,4.2-4.6,Fog,Jam,2,Drinks,Bicycle,0.0,No,20:15,20:25,20.0,Evening,10.0,19.120083,72.907385,19.230083,73.017385,16.824887606586266,40.0,1,0,Slow (>30m),Over 30 Min
0x2bfb,BANGRES010DEL03,Bengaluru,37.0,35-45,4.3,4.2-4.6,Sandstorms,Low,0,Snack,Scooter,1.0,No,22:10,22:15,22.0,Late Night,5.0,12.933298,77.614293,12.963298,77.644293,4.65801573514782,34.0,1,0,Slow (>30m),Over 30 Min
0x2bfd,PUNERES010DEL02,Pune,30.0,30-34,4.2,4.2-4.6,Sandstorms,Low,0,Drinks,Scooter,0.0,No,10:15,10:20,10.0,Morning,5.0,18.539299,73.897902,18.559299,73.917902,3.064468088653015,26.0,1,1,Standard (21-30m),On Time
0x2c49,RANCHIRES02DEL02,Ranchi,32.0,30-34,4.5,4.2-4.6,Stormy,Medium,0,Buffet,Scooter,0.0,No,17:25,17:40,17.0,Evening,15.0,0.0,0.0,0.05,0.05,,26.0,1,1,Standard (21-30m),On Time
0x2c7d,MUMRES02DEL02,Mumbai,25.0,25-29,4.5,4.2-4.6,Fog,High,0,Buffet,Scooter,1.0,No,11:25,11:40,11.0,Morning,15.0,19.221315,72.862381,19.241315,72.882381,3.0585778835398427,29.0,1,1,Standard (21-30m),On Time
0x2c92,BANGRES17DEL02,Bengaluru,37.0,35-45,4.8,4.7-5.0,Cloudy,Medium,1,Buffet,Bicycle,1.0,No,17:55,18:05,17.0,Evening,10.0,12.972532,77.608179,13.022532,77.658179,7.762610961950507,15.0,1,1,Fast (<=20m),On Time
0x2c99,MUMRES07DEL01,Mumbai,28.0,25-29,4.1,Below 4.2,Fog,Jam,2,Buffet,Bicycle,0.0,No,20:20,20:35,20.0,Evening,15.0,19.091458,72.827808,19.161458,72.897808,10.708235458192133,39.0,1,0,Slow (>30m),Over 30 Min
0x2cbe,COIMBRES14DEL01,Coimbatore,37.0,35-45,3.7,Below 4.2,Sunny,Jam,2,Meal,Bicycle,0.0,No,20:15,20:30,20.0,Evening,15.0,11.003681,76.975525,11.113681,77.085525,17.13804580497175,33.0,1,0,Slow (>30m),Over 30 Min
0x2ce2,CHENRES11DEL01,Chennai,31.0,30-34,4.7,4.7-5.0,Sandstorms,High,0,Drinks,Scooter,2.0,No,12:60,13:15,13.0,Afternoon,15.0,13.064181,80.236442,13.104181,80.276442,6.209029677800828,44.0,1,0,Slow (>30m),Over 30 Min
0x2ce3,MUMRES13DEL01,Mumbai,37.0,35-45,4.8,4.7-5.0,Sunny,Low,1,Meal,Bicycle,1.0,No,22:25,22:30,22.0,Late Night,5.0,19.178321,72.834715,19.288321,72.944715,16.822079781817344,29.0,1,1,Standard (21-30m),On Time
0x2cf4,MUMRES06DEL02,Mumbai,39.0,35-45,4.9,4.7-5.0,Sunny,Jam,0,Buffet,Scooter,1.0,No,20:60,21:15,21.0,Late Night,15.0,19.055831,72.833984,19.105831,72.883984,7.649734968699055,23.0,1,1,Standard (21-30m),On Time
0x2cf8,HYDRES18DEL03,Hyderabad,39.0,35-45,4.5,4.2-4.6,Stormy,Medium,2,Buffet,Bicycle,1.0,No,17:25,17:40,17.0,Evening,15.0,17.450851,78.379347,17.540851,78.469347,13.82933354706203,37.0,1,0,Slow (>30m),Over 30 Min
0x2d07,CHENRES16DEL02,Chennai,23.0,18-24,4.7,4.7-5.0,Cloudy,Low,2,Buffet,Motorcycle,0.0,No,23:55,24:10,23.0,Late Night,15.0,13.049645,80.242268,13.129645,80.322268,12.417924882090992,22.0,1,1,Standard (21-30m),On Time
0x2d0d,COIMBRES04DEL01,Coimbatore,39.0,35-45,4.6,4.2-4.6,Fog,Jam,0,Meal,Scooter,1.0,No,20:55,21:10,20.0,Evening,15.0,11.024839,77.007003,11.094839,77.077003,10.906008574336434,43.0,1,0,Slow (>30m),Over 30 Min
0x2d2a,COIMBRES01DEL03,Coimbatore,30.0,30-34,4.8,4.7-5.0,Stormy,Low,2,Snack,Bicycle,1.0,No,22:20,22:35,22.0,Late Night,15.0,11.016298,76.972076,11.106298,77.062076,14.02197645794583,17.0,1,1,Fast (<=20m),On Time
0x2d70,SURRES02DEL02,Surat,34.0,30-34,4.9,4.7-5.0,Sunny,Low,1,Snack,Bicycle,0.0,No,10:25,10:40,10.0,Morning,15.0,21.186608,72.794136,21.206608,72.814136,3.0405440828330668,19.0,1,1,Fast (<=20m),On Time
0x2d77,HYDRES18DEL02,Hyderabad,28.0,25-29,4.6,4.2-4.6,Sandstorms,Low,2,Snack,Motorcycle,0.0,No,9:25,9:35,9.0,Morning,10.0,17.450851,78.379347,17.470851,78.399347,3.0734670491164913,15.0,1,1,Fast (<=20m),On Time
0x2dd5,INDORES18DEL01,Indore,25.0,25-29,3.4,Below 4.2,Sunny,Low,1,Snack,Bicycle,1.0,No,22:30,22:45,22.0,Late Night,15.0,22.753839,75.897429,22.863838,76.007429,16.6352463545025,44.0,1,0,Slow (>30m),Over 30 Min
0x2ddd,MUMRES05DEL01,Mumbai,36.0,35-45,4.8,4.7-5.0,Stormy,Jam,0,Buffet,Scooter,3.0,No,21:25,21:40,21.0,Late Night,15.0,18.927584,72.832585,18.997584,72.902585,10.713225562014276,54.0,1,0,Slow (>30m),Over 30 Min
0x2e33,SURRES03DEL02,Surat,29.0,25-29,4.9,4.7-5.0,Sandstorms,Low,0,Drinks,Scooter,0.0,No,23:25,23:30,23.0,Late Night,5.0,21.186884,72.793616,21.316884,72.923616,19.76009100596115,20.0,1,1,Fast (<=20m),On Time
0x2e3e,PUNERES010DEL02,Pune,24.0,18-24,4.9,4.7-5.0,Sandstorms,Jam,1,Drinks,Scooter,0.0,No,19:60,20:15,20.0,Evening,15.0,18.539299,73.897902,18.619299,73.977902,12.256851539538037,27.0,1,1,Standard (21-30m),On Time
0x2e40,COIMBRES15DEL02,Coimbatore,20.0,18-24,4.6,4.2-4.6,Stormy,Low,1,Drinks,Scooter,0.0,No,22:35,22:50,22.0,Late Night,15.0,11.006686,76.951736,11.136686,77.081736,20.253612351251384,14.0,1,1,Fast (<=20m),On Time
0x2e5b,PUNERES18DEL01,Pune,29.0,25-29,4.8,4.7-5.0,Windy,Jam,2,Drinks,Scooter,1.0,No,21:15,21:30,21.0,Late Night,15.0,18.593481,73.785901,18.703481,73.895901,16.84992736957142,18.0,1,1,Fast (<=20m),On Time
0x2e61,PUNERES12DEL02,Pune,32.0,30-34,4.7,4.7-5.0,Cloudy,Jam,0,Snack,Scooter,1.0,Yes,19:10,19:25,19.0,Evening,15.0,18.520016,73.830547,18.650016,73.960547,19.917065746414984,53.0,1,0,Slow (>30m),Over 30 Min
0x2ea0,MYSRES09DEL02,Mysuru,25.0,25-29,4.9,4.7-5.0,Windy,Low,1,Drinks,Bicycle,1.0,No,9:35,9:45,9.0,Morning,10.0,12.323194,76.630583,12.343194,76.650583,3.108992624083365,12.0,1,1,Fast (<=20m),On Time
0x2eab,RANCHIRES010DEL01,Ranchi,25.0,25-29,4.2,4.2-4.6,Sunny,High,0,Meal,Scooter,1.0,No,12:50,12:60,12.0,Afternoon,10.0,23.354422,85.3329,23.394422,85.3729,6.037552969606081,44.0,1,0,Slow (>30m),Over 30 Min
0x2eac,VADRES18DEL03,Vadodara,37.0,35-45,4.5,4.2-4.6,Windy,Jam,1,Buffet,Bicycle,3.0,No,20:35,20:50,20.0,Evening,15.0,0.0,0.0,0.09,0.09,,44.0,1,0,Slow (>30m),Over 30 Min
0x2ebc,JAPRES16DEL02,Jaipur,21.0,18-24,4.7,4.7-5.0,Fog,Jam,2,Buffet,Motorcycle,0.0,No,21:10,21:25,21.0,Late Night,15.0,26.849596,75.800512,26.899596,75.850512,7.450195698880465,24.0,1,1,Standard (21-30m),On Time
0x2ec2,PUNERES03DEL02,Pune,31.0,30-34,4.7,4.7-5.0,Windy,Jam,2,Buffet,Scooter,1.0,No,21:45,21:55,21.0,Late Night,10.0,18.554382,73.798206,18.604382,73.848206,7.660530705365707,25.0,1,1,Standard (21-30m),On Time
0x2eef,VADRES05DEL03,Vadodara,35.0,35-45,4.6,4.2-4.6,Windy,Low,0,Drinks,Scooter,1.0,No,22:50,22:55,22.0,Late Night,5.0,22.310526,73.170937,22.400526,73.260937,13.631349490566702,21.0,1,1,Standard (21-30m),On Time
0x2f16,RANCHIRES05DEL03,Ranchi,26.0,25-29,4.8,4.7-5.0,Sunny,Low,0,Snack,Scooter,1.0,No,22:45,22:50,22.0,Late Night,5.0,23.355164,85.324097,23.445164,85.414097,13.583286461073468,29.0,1,1,Standard (21-30m),On Time
0x2f43,RANCHIRES08DEL03,Ranchi,26.0,25-29,5.0,4.7-5.0,Sandstorms,Jam,1,Buffet,Bicycle,0.0,No,20:50,21:05,20.0,Evening,15.0,23.353783,85.326967,23.413783,85.386967,9.056036784978833,12.0,1,1,Fast (<=20m),On Time
0x2f83,RANCHIRES08DEL02,Ranchi,27.0,25-29,4.7,4.7-5.0,Stormy,Medium,2,Meal,Scooter,1.0,No,17:55,18:10,17.0,Evening,15.0,23.353783,85.326967,23.433783,85.406967,12.074298623477901,27.0,1,1,Standard (21-30m),On Time
0x2f98,BANGRES05DEL02,Bengaluru,28.0,25-29,4.8,4.7-5.0,Fog,Jam,0,Meal,Scooter,2.0,No,19:50,20:05,19.0,Evening,15.0,12.970324,77.645748,13.050324,77.725748,12.419865302931404,37.0,1,0,Slow (>30m),Over 30 Min
0x2f9d,CHENRES07DEL01,Chennai,32.0,30-34,3.5,Below 4.2,Stormy,Medium,2,Snack,Bicycle,1.0,No,17:25,17:40,17.0,Evening,15.0,13.081878,80.248519,13.191878,80.358519,17.073049871910392,33.0,1,0,Slow (>30m),Over 30 Min
0x2fa4,CHENRES20DEL01,Chennai,26.0,25-29,4.5,4.2-4.6,Stormy,High,1,Drinks,Scooter,1.0,No,12:45,12:55,12.0,Afternoon,10.0,12.975996,80.221898,13.015996,80.261898,6.2101075256405105,12.0,1,1,Fast (<=20m),On Time
0x2fc0,MYSRES17DEL03,Mysuru,21.0,18-24,4.5,4.2-4.6,Stormy,Low,2,Buffet,Bicycle,0.0,No,23:55,24:05,23.0,Late Night,10.0,12.326356,76.619103,12.416356,76.709103,13.989469620010503,12.0,1,1,Fast (<=20m),On Time
0x2fcb,RANCHIRES19DEL01,Ranchi,35.0,35-45,4.9,4.7-5.0,Stormy,Medium,1,Snack,Scooter,1.0,No,15:20,15:30,15.0,Afternoon,10.0,23.333017,85.3172,23.373017,85.3572,6.037998593515113,28.0,1,1,Standard (21-30m),On Time
0x2fea,INDORES16DEL02,Indore,24.0,18-24,4.7,4.7-5.0,Sandstorms,Jam,1,Buffet,Scooter,1.0,No,21:15,21:20,21.0,Late Night,5.0,22.744648,75.894377,22.794648,75.944377,7.562511943420551,22.0,1,1,Standard (21-30m),On Time
0x2ff9,COIMBRES18DEL02,Coimbatore,30.0,30-34,4.0,Below 4.2,Fog,Jam,1,Meal,Bicycle,1.0,No,20:50,20:60,20.0,Evening,10.0,11.02091,76.940432,11.15091,77.070432,20.25312934740746,38.0,1,0,Slow (>30m),Over 30 Min
0x3016,COIMBRES06DEL01,Coimbatore,27.0,25-29,4.6,4.2-4.6,Cloudy,Low,1,Meal,Scooter,1.0,No,23:60,24:05,0.0,Morning,5.0,11.021278,76.995017,11.131278,77.105017,17.137540693986345,20.0,1,1,Fast (<=20m),On Time
0x3027,MYSRES15DEL03,Mysuru,33.0,30-34,4.6,4.2-4.6,Fog,Jam,1,Snack,Scooter,0.0,No,21:55,22:05,21.0,Late Night,10.0,12.352058,76.60665,12.382058,76.63665,4.663194243216148,28.0,1,1,Standard (21-30m),On Time
0x302f,BANGRES01DEL01,Bengaluru,37.0,35-45,4.6,4.2-4.6,Sandstorms,Low,2,Snack,Scooter,1.0,No,9:20,9:30,9.0,Morning,10.0,12.933284,77.615428,12.943284,77.625428,1.5527023030482423,27.0,1,1,Standard (21-30m),On Time
0x3042,SURRES13DEL01,Surat,39.0,35-45,4.2,4.2-4.6,Windy,High,0,Drinks,Scooter,0.0,No,11:30,11:40,11.0,Morning,10.0,21.170096,72.789122,21.180096,72.799122,1.520374938001145,39.0,1,0,Slow (>30m),Over 30 Min
0x305a,MYSRES11DEL01,Mysuru,35.0,35-45,4.8,4.7-5.0,Sunny,High,0,Buffet,Scooter,1.0,No,12:45,12:60,12.0,Afternoon,15.0,12.323225,76.630028,12.363225,76.670028,6.217868918141731,20.0,1,1,Fast (<=20m),On Time
0x3061,HYDRES17DEL03,Hyderabad,26.0,25-29,4.8,4.7-5.0,Cloudy,Jam,0,Snack,Scooter,1.0,No,19:30,19:35,19.0,Evening,5.0,17.451976,78.385883,17.541976,78.475883,13.829292774373378,37.0,1,0,Slow (>30m),Over 30 Min
0x3069,RANCHIRES11DEL03,Ranchi,21.0,18-24,4.6,4.2-4.6,Fog,Jam,0,Buffet,Scooter,1.0,No,19:45,19:60,19.0,Evening,15.0,23.359194,85.325447,23.389194,85.355447,4.528168320170964,21.0,1,1,Standard (21-30m),On Time
0x306e,VADRES05DEL01,Vadodara,39.0,35-45,4.8,4.7-5.0,Cloudy,High,1,Drinks,Bicycle,1.0,No,13:45,13:50,13.0,Afternoon,5.0,22.310526,73.170937,22.350526,73.210937,6.058878884434275,30.0,1,1,Standard (21-30m),On Time
0x3074,HYDRES04DEL02,Hyderabad,21.0,18-24,4.2,4.2-4.6,Windy,Low,0,Buffet,Scooter,0.0,No,8:60,9:15,9.0,Morning,15.0,17.411028,78.329645,17.431028,78.349645,3.0737868437069706,22.0,1,1,Standard (21-30m),On Time
0x30a1,HYDRES20DEL03,Hyderabad,22.0,18-24,4.9,4.7-5.0,Stormy,Jam,2,Buffet,Bicycle,0.0,No,20:30,20:40,20.0,Evening,10.0,17.483216,78.552111,17.573216,78.642111,13.828159600650878,16.0,1,1,Fast (<=20m),On Time
0x30bc,CHENRES18DEL03,Chennai,21.0,18-24,4.6,4.2-4.6,Windy,Jam,1,Buffet,Bicycle,1.0,No,21:35,21:50,21.0,Late Night,15.0,12.981615,80.231598,13.071615,80.321598,13.971900982101234,25.0,1,1,Standard (21-30m),On Time
0x30d1,VADRES16DEL02,Vadodara,36.0,35-45,4.2,4.2-4.6,Stormy,Jam,0,Snack,Scooter,1.0,No,19:20,19:25,19.0,Evening,5.0,0.0,0.0,0.08,0.08,,53.0,1,0,Slow (>30m),Over 30 Min
0x30df,INDORES09DEL03,Indore,25.0,25-29,4.9,4.7-5.0,Windy,Jam,2,Snack,Bicycle,1.0,No,20:30,20:35,20.0,Evening,5.0,22.725835,75.887648,22.815835,75.977648,13.612466356810154,28.0,1,1,Standard (21-30m),On Time
0x30f4,RANCHIRES13DEL03,Ranchi,22.0,18-24,4.7,4.7-5.0,Fog,Jam,1,Meal,Bicycle,2.0,Yes,20:40,20:45,20.0,Evening,5.0,23.374989,85.335486,23.464989,85.425486,13.582356254915991,39.0,1,0,Slow (>30m),Over 30 Min
0x30fa,JAPRES14DEL01,Jaipur,22.0,18-24,4.8,4.7-5.0,Sunny,Medium,1,Drinks,Scooter,1.0,No,18:25,18:35,18.0,Evening,10.0,26.88842,75.800689,26.99842,75.910689,16.38600326856597,19.0,1,1,Fast (<=20m),On Time
0x3102,RANCHIRES14DEL02,Ranchi,37.0,35-45,3.7,Below 4.2,Stormy,Jam,1,Snack,Scooter,2.0,No,19:20,19:30,19.0,Evening,10.0,0.0,0.0,0.08,0.08,,38.0,1,0,Slow (>30m),Over 30 Min
0x311e,CHENRES17DEL02,Chennai,33.0,30-34,4.5,4.2-4.6,Stormy,Medium,1,Buffet,Scooter,1.0,No,17:50,18:05,17.0,Evening,15.0,13.045479,80.23311,13.095479,80.28311,7.761496958336217,27.0,1,1,Standard (21-30m),On Time
0x3127,PUNERES04DEL01,Pune,26.0,25-29,4.4,4.2-4.6,Cloudy,High,2,Snack,Scooter,1.0,No,13:55,13:60,13.0,Afternoon,5.0,18.51421,73.838429,18.55421,73.878429,6.1291923889243884,32.0,1,0,Slow (>30m),Over 30 Min
0x3140,RANCHIRES07DEL03,Ranchi,32.0,30-34,4.2,4.2-4.6,Fog,Jam,1,Snack,Scooter,0.0,No,21:60,22:15,22.0,Late Night,15.0,23.359407,85.325055,23.389407,85.355055,4.528164993107731,39.0,1,0,Slow (>30m),Over 30 Min
0x3158,COIMBRES17DEL02,Coimbatore,24.0,18-24,4.1,Below 4.2,Stormy,Low,0,Meal,Scooter,1.0,No,10:15,10:25,10.0,Morning,10.0,11.026117,76.944652,11.046117,76.964652,3.116126143584278,16.0,1,1,Fast (<=20m),On Time
0x3162,SURRES12DEL03,Surat,24.0,18-24,4.7,4.7-5.0,Cloudy,Medium,2,Buffet,Bicycle,0.0,No,18:10,18:15,18.0,Evening,5.0,21.183434,72.814492,21.213434,72.844492,4.560789888910285,12.0,1,1,Fast (<=20m),On Time
0x3174,CHENRES11DEL03,Chennai,36.0,35-45,4.9,4.7-5.0,Stormy,Jam,1,Buffet,Bicycle,0.0,No,21:10,21:25,21.0,Late Night,15.0,13.064181,80.236442,13.094181,80.266442,4.656818257133204,30.0,1,1,Standard (21-30m),On Time
0x3175,JAPRES19DEL02,Jaipur,33.0,30-34,4.8,4.7-5.0,Stormy,Medium,2,Drinks,Bicycle,1.0,No,17:30,17:35,17.0,Evening,5.0,26.913726,75.75282,26.963726,75.80282,7.448321426261456,27.0,1,1,Standard (21-30m),On Time
0x317c,BANGRES17DEL03,Bengaluru,25.0,25-29,4.9,4.7-5.0,Windy,Low,2,Drinks,Bicycle,1.0,No,23:35,23:45,23.0,Late Night,10.0,12.972532,77.608179,13.002532,77.638179,4.657657982702655,17.0,1,1,Fast (<=20m),On Time
0x31ba,HYDRES08DEL01,Hyderabad,28.0,25-29,4.6,4.2-4.6,Stormy,High,2,Buffet,Bicycle,0.0,No,11:30,11:35,11.0,Morning,5.0,17.438263,78.397865,17.448263,78.407865,1.5368041891161555,11.0,1,1,Fast (<=20m),On Time
0x31be,SURRES17DEL03,Surat,29.0,25-29,4.9,4.7-5.0,Cloudy,Jam,2,Buffet,Motorcycle,1.0,No,20:50,20:55,20.0,Evening,5.0,21.149569,72.772697,21.209569,72.832697,9.122121008650993,32.0,1,0,Slow (>30m),Over 30 Min
0x31c6,CHENRES03DEL01,Chennai,30.0,30-34,4.7,4.7-5.0,Sunny,Low,1,Buffet,Bicycle,1.0,No,8:50,8:60,8.0,Morning,10.0,13.091809,80.219104,13.101809,80.229104,1.552218707729946,16.0,1,1,Fast (<=20m),On Time
0x31ca,CHENRES08DEL02,Chennai,35.0,35-45,4.4,4.2-4.6,Sandstorms,Low,0,Buffet,Scooter,1.0,No,8:35,8:50,8.0,Morning,15.0,13.022394,80.242439,13.042394,80.262439,3.1048317741708567,26.0,1,1,Standard (21-30m),On Time
0x31e0,HYDRES04DEL01,Hyderabad,30.0,30-34,4.7,4.7-5.0,Fog,Jam,2,Buffet,Bicycle,1.0,No,19:60,20:10,20.0,Evening,10.0,17.411028,78.329645,17.521028,78.439645,16.903838186702274,35.0,1,0,Slow (>30m),Over 30 Min
0x31e2,BANGRES04DEL02,Bengaluru,22.0,18-24,4.9,4.7-5.0,Sunny,Medium,2,Drinks,Motorcycle,1.0,No,18:20,18:25,18.0,Evening,5.0,12.98041,77.640489,13.06041,77.720489,12.419619195714652,19.0,1,1,Fast (<=20m),On Time
0x3206,PUNERES14DEL01,Pune,30.0,30-34,4.7,4.7-5.0,Fog,Low,0,Buffet,Scooter,1.0,No,8:15,8:25,8.0,Morning,10.0,18.516216,73.842527,18.526216,73.852527,1.5323532524616483,27.0,1,1,Standard (21-30m),On Time
0x3208,JAPRES20DEL03,Jaipur,20.0,18-24,4.7,4.7-5.0,Cloudy,Low,1,Meal,Bicycle,1.0,No,22:55,23:05,22.0,Late Night,10.0,26.956431,75.776649,27.046431,75.866649,13.403672847785732,29.0,1,1,Standard (21-30m),On Time
0x321b,COIMBRES17DEL02,Coimbatore,22.0,18-24,4.6,4.2-4.6,Sunny,Low,0,Drinks,Scooter,1.0,No,8:50,8:60,8.0,Morning,10.0,11.026117,76.944652,11.046117,76.964652,3.116126143584278,16.0,1,1,Fast (<=20m),On Time
0x3227,VADRES08DEL01,Vadodara,29.0,25-29,4.9,4.7-5.0,Sandstorms,Low,1,Buffet,Bicycle,0.0,No,8:50,9:05,8.0,Morning,15.0,0.0,0.0,0.01,0.01,,11.0,1,1,Fast (<=20m),On Time
0x324c,BANGRES11DEL02,Bengaluru,35.0,35-45,3.4,Below 4.2,Sunny,Low,0,Meal,Scooter,1.0,No,23:20,23:35,23.0,Late Night,15.0,12.934365,77.616155,13.064365,77.746155,20.182713735682118,31.0,1,0,Slow (>30m),Over 30 Min
0x325a,INDORES09DEL02,Indore,29.0,25-29,4.9,4.7-5.0,Sunny,Low,1,Meal,Scooter,1.0,No,10:30,10:45,10.0,Morning,15.0,22.725835,75.887648,22.745835,75.907648,3.0253489471920902,16.0,1,1,Fast (<=20m),On Time
0x3261,VADRES07DEL01,Vadodara,35.0,35-45,3.9,Below 4.2,Windy,Medium,1,Meal,Scooter,2.0,No,17:25,17:35,17.0,Evening,10.0,0.0,0.0,0.11,0.11,,34.0,1,0,Slow (>30m),Over 30 Min
0x3267,MYSRES18DEL01,Mysuru,38.0,35-45,4.3,4.2-4.6,Fog,Jam,2,Buffet,Bicycle,1.0,No,19:50,20:05,19.0,Evening,15.0,12.337928,76.617889,12.447928,76.727889,17.097550143936882,48.0,1,0,Slow (>30m),Over 30 Min
0x326e,MYSRES17DEL01,Mysuru,21.0,18-24,4.7,4.7-5.0,Cloudy,Medium,0,Snack,Scooter,0.0,No,18:50,19:05,18.0,Evening,15.0,12.326356,76.619103,12.436356,76.729103,17.09792042743721,35.0,1,0,Slow (>30m),Over 30 Min
0x326f,MUMRES02DEL01,Mumbai,38.0,35-45,4.6,4.2-4.6,Windy,Medium,2,Meal,Bicycle,1.0,No,15:10,15:15,15.0,Afternoon,5.0,19.221315,72.862381,19.261315,72.902381,6.116980118803459,33.0,1,0,Slow (>30m),Over 30 Min
0x3279,PUNERES08DEL01,Pune,23.0,18-24,4.7,4.7-5.0,Sandstorms,High,2,Buffet,Scooter,1.0,No,12:10,12:15,12.0,Afternoon,5.0,18.53408,73.89852,18.57408,73.93852,6.1288548725800975,28.0,1,1,Standard (21-30m),On Time
0x328c,INDORES08DEL01,Indore,38.0,35-45,4.5,4.2-4.6,Fog,High,2,Meal,Bicycle,1.0,No,13:20,13:30,13.0,Afternoon,10.0,22.725748,75.898497,22.765747,75.938497,6.050414418835044,30.0,1,1,Standard (21-30m),On Time
0x329e,MUMRES19DEL02,Mumbai,32.0,30-34,4.5,4.2-4.6,Sandstorms,Medium,1,Buffet,Bicycle,1.0,No,18:25,18:35,18.0,Evening,10.0,19.131141,72.813074,19.26114,72.943074,19.882677610502057,20.0,1,1,Fast (<=20m),On Time
0x32a7,BANGRES08DEL02,Bengaluru,36.0,35-45,4.0,Below 4.2,Windy,Jam,0,Buffet,Scooter,1.0,No,19:60,20:10,20.0,Evening,10.0,12.906229,77.596791,12.986229,77.676791,12.421425015967078,52.0,1,0,Slow (>30m),Over 30 Min
0x32bc,PUNERES19DEL01,Pune,30.0,30-34,4.7,4.7-5.0,Cloudy,Low,2,Meal,Bicycle,0.0,No,,9:05,,Unknown,,18.563934,73.915367,18.573935,73.925367,1.532231305140191,15.0,1,1,Fast (<=20m),On Time
0x32ed,RANCHIRES16DEL02,Ranchi,29.0,25-29,4.7,4.7-5.0,Sunny,Medium,1,Meal,Scooter,0.0,No,18:20,18:25,18.0,Evening,5.0,23.371292,85.327872,23.501292,85.457872,19.617851658744158,15.0,1,1,Fast (<=20m),On Time
0x32fd,RANCHIRES03DEL02,Ranchi,24.0,18-24,4.7,4.7-5.0,Sunny,Low,2,Drinks,Motorcycle,1.0,No,10:25,10:35,10.0,Morning,10.0,0.0,0.0,0.02,0.02,,21.0,1,1,Standard (21-30m),On Time
0x3302,INDORES010DEL03,Indore,39.0,35-45,4.8,4.7-5.0,Sunny,Medium,2,Meal,Scooter,0.0,No,17:25,17:30,17.0,Evening,5.0,22.75004,75.902847,22.84004,75.992847,13.611356615101812,19.0,1,1,Fast (<=20m),On Time
0x3312,RANCHIRES01DEL01,Ranchi,34.0,30-34,5.0,4.7-5.0,Fog,High,0,Snack,Scooter,1.0,No,12:45,12:55,12.0,Afternoon,10.0,23.416792,85.316842,23.456792,85.356842,6.03625253454958,29.0,1,1,Standard (21-30m),On Time
0x3319,SURRES20DEL03,Surat,25.0,25-29,4.9,4.7-5.0,Sandstorms,Low,0,Meal,Scooter,0.0,No,22:45,22:50,22.0,Late Night,5.0,21.15276,72.778059,21.24276,72.868059,13.682397775391584,19.0,1,1,Fast (<=20m),On Time
0x331a,RANCHIRES04DEL03,Ranchi,21.0,18-24,4.3,4.2-4.6,Sandstorms,Jam,0,Snack,Scooter,1.0,No,21:25,21:30,21.0,Late Night,5.0,23.359033,85.325347,23.389033,85.355347,4.528170834975484,38.0,1,0,Slow (>30m),Over 30 Min
0x333d,RANCHIRES04DEL03,Ranchi,24.0,18-24,4.7,4.7-5.0,Fog,Low,0,Meal,Scooter,1.0,No,22:20,22:25,22.0,Late Night,5.0,23.359033,85.325347,23.449033,85.415347,13.58310497669277,21.0,1,1,Standard (21-30m),On Time
0x3343,BANGRES17DEL01,Bengaluru,28.0,25-29,4.8,4.7-5.0,Sandstorms,Medium,0,Buffet,Scooter,1.0,No,15:60,16:10,16.0,Afternoon,10.0,12.972532,77.608179,13.012532,77.648179,6.210149722434871,19.0,1,1,Fast (<=20m),On Time
0x335a,SURRES12DEL01,Surat,27.0,25-29,4.4,4.2-4.6,Cloudy,Jam,1,Drinks,Scooter,2.0,No,20:30,20:40,20.0,Evening,10.0,21.183434,72.814492,21.253434,72.884492,10.641172427530606,42.0,1,0,Slow (>30m),Over 30 Min
0x33a0,JAPRES06DEL03,Jaipur,29.0,25-29,4.5,4.2-4.6,Fog,Medium,0,Drinks,Scooter,1.0,No,18:60,19:10,19.0,Evening,10.0,26.911927,75.797282,27.001927,75.887282,13.406019069693492,37.0,1,0,Slow (>30m),Over 30 Min
0x33ad,BANGRES15DEL02,Bengaluru,20.0,18-24,4.6,4.2-4.6,Cloudy,Low,2,Snack,Bicycle,1.0,No,23:40,23:50,23.0,Late Night,10.0,12.975377,77.696664,13.105377,77.826664,20.18108701246389,20.0,1,1,Fast (<=20m),On Time
0x33cf,JAPRES17DEL01,Jaipur,22.0,18-24,4.2,4.2-4.6,Fog,Medium,2,Drinks,Motorcycle,2.0,No,18:35,18:40,18.0,Evening,5.0,26.892312,75.806896,27.002312,75.916896,16.385752737242402,39.0,1,0,Slow (>30m),Over 30 Min
0x33d3,COIMBRES02DEL03,Coimbatore,20.0,18-24,4.8,4.7-5.0,Fog,Low,2,Snack,Scooter,1.0,No,23:50,23:60,23.0,Late Night,10.0,11.022477,76.995667,11.112477,77.085667,14.021831380947749,20.0,1,1,Fast (<=20m),On Time
0x33e3,COIMBRES03DEL02,Coimbatore,37.0,35-45,4.9,4.7-5.0,Sandstorms,Low,1,Buffet,Bicycle,0.0,No,22:15,22:30,22.0,Late Night,15.0,11.025083,77.015393,11.155083,77.145393,20.252987531090945,25.0,1,1,Standard (21-30m),On Time
0x33e7,MYSRES01DEL01,Mysuru,32.0,30-34,4.7,4.7-5.0,Sandstorms,Low,1,Drinks,Scooter,1.0,No,22:30,22:35,22.0,Late Night,5.0,12.311072,76.654878,12.381072,76.724878,10.881212560996568,16.0,1,1,Fast (<=20m),On Time
0x3425,VADRES15DEL02,Vadodara,23.0,18-24,4.9,4.7-5.0,Fog,Low,2,Meal,Bicycle,1.0,No,22:15,22:25,22.0,Late Night,10.0,0.0,0.0,0.13,0.13,,23.0,1,1,Standard (21-30m),On Time
0x3449,BANGRES18DEL01,Bengaluru,35.0,35-45,3.5,Below 4.2,Fog,Low,1,Snack,Scooter,0.0,No,23:50,24:05,23.0,Late Night,15.0,12.913041,77.683237,13.023041,77.793237,17.078729980745624,36.0,1,0,Slow (>30m),Over 30 Min
0x3457,BANGRES010DEL03,Bengaluru,32.0,30-34,4.6,4.2-4.6,Fog,Low,0,Snack,Scooter,1.0,No,22:30,22:45,22.0,Late Night,15.0,12.933298,77.614293,12.993298,77.674293,9.315757973771419,23.0,1,1,Standard (21-30m),On Time
0x347b,RANCHIRES03DEL01,Ranchi,34.0,30-34,4.1,Below 4.2,Stormy,High,0,Drinks,Scooter,1.0,No,13:40,13:50,13.0,Afternoon,10.0,0.0,0.0,0.04,0.04,,38.0,1,0,Slow (>30m),Over 30 Min
0x348b,CHENRES16DEL03,Chennai,27.0,25-29,4.3,4.2-4.6,Stormy,Low,0,Buffet,Scooter,1.0,No,22:10,22:15,22.0,Late Night,5.0,13.049645,80.242268,13.079645,80.272268,4.656951818396391,24.0,1,1,Standard (21-30m),On Time
0x349d,INDORES05DEL02,Indore,23.0,18-24,4.9,4.7-5.0,Sunny,Medium,0,Buffet,Scooter,1.0,No,17:40,17:50,17.0,Evening,10.0,22.727021,75.884167,22.857021,76.014167,19.66104676017179,24.0,1,1,Standard (21-30m),On Time
0x34a2,CHENRES04DEL02,Chennai,28.0,25-29,4.8,4.7-5.0,Sunny,Medium,0,Snack,Scooter,1.0,No,18:15,18:25,18.0,Evening,10.0,13.02978,80.208812,13.07978,80.258812,7.761737207347761,24.0,1,1,Standard (21-30m),On Time
0x34a9,INDORES16DEL03,Indore,33.0,30-34,4.9,4.7-5.0,Windy,Low,0,Buffet,Scooter,1.0,No,23:15,23:20,23.0,Late Night,5.0,22.744648,75.894377,22.834648,75.984377,13.61160391289427,22.0,1,1,Standard (21-30m),On Time
0x34b8,INDORES17DEL03,Indore,37.0,35-45,4.4,4.2-4.6,Sandstorms,Jam,2,Snack,Scooter,2.0,No,20:30,20:35,20.0,Evening,5.0,22.761226,75.887522,22.851226,75.977522,13.610843422497538,40.0,1,0,Slow (>30m),Over 30 Min
0x34c2,COIMBRES18DEL02,Coimbatore,37.0,35-45,4.6,4.2-4.6,Windy,Medium,0,Snack,Scooter,1.0,No,18:10,18:25,18.0,Evening,15.0,11.02091,76.940432,11.07091,76.990432,7.790187764072779,30.0,1,1,Standard (21-30m),On Time
0x34f4,COIMBRES15DEL02,Coimbatore,28.0,25-29,4.6,4.2-4.6,Cloudy,Jam,2,Snack,Bicycle,0.0,No,19:15,19:30,19.0,Evening,15.0,11.006686,76.951736,11.056686,77.001736,7.790372885040046,21.0,1,1,Standard (21-30m),On Time
0x3529,SURRES04DEL02,Surat,36.0,35-45,4.7,4.7-5.0,Stormy,Low,1,Meal,Scooter,1.0,No,8:50,8:60,8.0,Morning,10.0,21.173493,72.801953,21.193493,72.821953,3.04066956326349,21.0,1,1,Standard (21-30m),On Time
0x357f,JAPRES010DEL02,Jaipur,31.0,30-34,4.7,4.7-5.0,Fog,Low,1,Meal,Scooter,0.0,No,8:55,8:60,8.0,Morning,5.0,26.921411,75.793604,26.941411,75.813604,2.979414227359262,15.0,1,1,Fast (<=20m),On Time
0x358e,MUMRES06DEL03,Mumbai,25.0,25-29,4.6,4.2-4.6,Sandstorms,Medium,1,Snack,Bicycle,1.0,No,18:50,19:05,18.0,Evening,15.0,19.055831,72.833984,19.115831,72.893984,9.17955113014458,23.0,1,1,Standard (21-30m),On Time
0x358f,SURRES07DEL01,Surat,23.0,18-24,4.6,4.2-4.6,Windy,Jam,0,Snack,Scooter,1.0,No,19:30,19:45,19.0,Evening,15.0,21.170798,72.790489,21.280798,72.900489,16.721453235478375,30.0,1,1,Standard (21-30m),On Time
0x359d,SURRES14DEL02,Surat,20.0,18-24,5.0,4.7-5.0,Cloudy,Medium,1,Drinks,Scooter,1.0,No,18:50,19:05,18.0,Evening,15.0,21.157729,72.768726,21.287729,72.898726,19.761907705502733,27.0,1,1,Standard (21-30m),On Time
0x35b6,PUNERES13DEL03,Pune,26.0,25-29,4.6,4.2-4.6,Cloudy,Jam,1,Snack,Scooter,0.0,No,19:55,20:05,19.0,Evening,10.0,18.56245,73.916619,18.62245,73.976619,9.192303114337385,24.0,1,1,Standard (21-30m),On Time
0x35de,COIMBRES13DEL02,Coimbatore,21.0,18-24,4.8,4.7-5.0,Sandstorms,Jam,1,Drinks,Bicycle,0.0,No,21:55,22:10,21.0,Late Night,15.0,11.003669,76.976494,11.053669,77.026494,7.790412120666412,28.0,1,1,Standard (21-30m),On Time
0x35e4,SURRES01DEL02,Surat,23.0,18-24,4.6,4.2-4.6,Cloudy,Low,1,Drinks,Bicycle,1.0,No,22:30,22:40,22.0,Late Night,10.0,21.186438,72.794115,21.266438,72.874115,12.16103301642372,20.0,1,1,Fast (<=20m),On Time
0x35e8,MYSRES010DEL02,Mysuru,30.0,30-34,5.0,4.7-5.0,Windy,Medium,0,Drinks,Scooter,0.0,No,18:40,18:50,18.0,Evening,10.0,12.321214,76.621094,12.401214,76.701094,12.435319899854402,30.0,1,1,Standard (21-30m),On Time
0x3626,COIMBRES16DEL03,Coimbatore,39.0,35-45,4.8,4.7-5.0,Sunny,Jam,2,Buffet,Bicycle,1.0,No,19:50,19:60,19.0,Evening,10.0,11.010375,76.95295,11.100375,77.04295,14.022115450662895,25.0,1,1,Standard (21-30m),On Time
0x363b,HYDRES06DEL03,Hyderabad,32.0,30-34,4.6,4.2-4.6,Fog,Jam,0,Buffet,Scooter,0.0,No,20:35,20:50,20.0,Evening,15.0,17.455894,78.375467,17.545894,78.465467,13.829150757901948,40.0,1,0,Slow (>30m),Over 30 Min
0x3642,MUMRES16DEL02,Mumbai,20.0,18-24,4.8,4.7-5.0,Stormy,Medium,2,Snack,Bicycle,1.0,No,18:15,18:30,18.0,Evening,15.0,19.120083,72.907385,19.200083,72.987385,12.23680756516128,28.0,1,1,Standard (21-30m),On Time
0x3647,BANGRES04DEL03,Bengaluru,31.0,30-34,4.6,4.2-4.6,Stormy,Jam,2,Snack,Scooter,1.0,No,20:45,20:55,20.0,Evening,10.0,12.98041,77.640489,13.01041,77.670489,4.6575860229691335,30.0,1,1,Standard (21-30m),On Time
0x3690,HYDRES06DEL03,Hyderabad,36.0,35-45,4.6,4.2-4.6,Stormy,Low,2,Buffet,Scooter,1.0,No,22:55,23:10,22.0,Late Night,15.0,17.455894,78.375467,17.545894,78.465467,13.829150757901948,26.0,1,1,Standard (21-30m),On Time
0x36a2,BANGRES01DEL02,Bengaluru,35.0,35-45,4.6,4.2-4.6,Windy,High,0,Meal,Scooter,1.0,No,11:45,11:60,11.0,Morning,15.0,12.933284,77.615428,12.953284,77.635428,3.1053742651808514,47.0,1,0,Slow (>30m),Over 30 Min
0x36c3,COIMBRES15DEL02,Coimbatore,26.0,25-29,4.7,4.7-5.0,Cloudy,Medium,0,Buffet,Scooter,1.0,No,17:45,17:55,17.0,Evening,10.0,11.006686,76.951736,11.056686,77.001736,7.790372885040046,26.0,1,1,Standard (21-30m),On Time
0x36d1,INDORES16DEL02,Indore,21.0,18-24,4.9,4.7-5.0,Stormy,Low,1,Buffet,Bicycle,0.0,No,10:15,10:25,10.0,Morning,10.0,22.744648,75.894377,22.764648,75.914377,3.025157545406537,11.0,1,1,Fast (<=20m),On Time
0x3712,JAPRES010DEL01,Jaipur,28.0,25-29,4.9,4.7-5.0,Stormy,Jam,2,Drinks,Bicycle,0.0,No,20:50,20:60,20.0,Evening,10.0,26.921411,75.793604,27.031411,75.903604,16.383878702193932,25.0,1,1,Standard (21-30m),On Time
0x3713,COIMBRES010DEL01,Coimbatore,36.0,35-45,4.6,4.2-4.6,Windy,Medium,2,Drinks,Scooter,1.0,No,17:10,17:15,17.0,Evening,5.0,11.003008,76.97544,11.073009,77.04544,10.906486049529029,24.0,1,1,Standard (21-30m),On Time
0x3717,SURRES010DEL03,Surat,34.0,30-34,4.0,Below 4.2,Windy,Medium,2,Meal,Bicycle,1.0,No,18:35,18:40,18.0,Evening,5.0,21.17106,72.789292,21.20106,72.819292,4.560967491211514,34.0,1,0,Slow (>30m),Over 30 Min
0x372c,CHENRES07DEL03,Chennai,28.0,25-29,4.5,4.2-4.6,Cloudy,Jam,2,Buffet,Scooter,0.0,No,20:45,20:55,20.0,Evening,10.0,13.081878,80.248519,13.141878,80.308519,9.313034428333243,23.0,1,1,Standard (21-30m),On Time
0x373b,VADRES02DEL01,Vadodara,28.0,25-29,4.1,Below 4.2,Sunny,High,0,Buffet,Scooter,3.0,Yes,14:50,14:60,14.0,Afternoon,10.0,0.0,0.0,0.04,0.04,,53.0,1,0,Slow (>30m),Over 30 Min
0x3757,JAPRES11DEL03,Jaipur,34.0,30-34,5.0,4.7-5.0,Sunny,Medium,1,Snack,Bicycle,1.0,No,17:30,17:45,17.0,Evening,15.0,26.90294,75.793007,27.04294,75.933007,20.852492126914342,24.0,1,1,Standard (21-30m),On Time
0x37a9,JAPRES17DEL01,Jaipur,37.0,35-45,4.6,4.2-4.6,Fog,Jam,0,Buffet,Scooter,1.0,No,20:35,20:40,20.0,Evening,5.0,26.892312,75.806896,26.962312,75.876896,10.428117102996076,45.0,1,0,Slow (>30m),Over 30 Min
0x37bb,SURRES03DEL01,Surat,30.0,30-34,4.7,4.7-5.0,Windy,Medium,0,Buffet,Scooter,0.0,No,17:55,18:05,17.0,Evening,10.0,21.186884,72.793616,21.256884,72.863616,10.641056753501982,44.0,1,0,Slow (>30m),Over 30 Min
0x37be,MUMRES010DEL01,Mumbai,26.0,25-29,4.6,4.2-4.6,Stormy,Medium,2,Buffet,Scooter,0.0,No,17:45,17:60,17.0,Evening,15.0,19.003517,72.82765,19.113517,72.93765,16.83048454178069,18.0,1,1,Fast (<=20m),On Time
0x37da,PUNERES18DEL02,Pune,28.0,25-29,4.9,4.7-5.0,Stormy,Medium,2,Snack,Bicycle,1.0,No,17:20,17:30,17.0,Evening,10.0,18.593481,73.785901,18.723481,73.915901,19.912994694250273,29.0,1,1,Standard (21-30m),On Time
0x3806,MUMRES15DEL02,Mumbai,22.0,18-24,4.8,4.7-5.0,Sunny,Medium,2,Snack,Scooter,0.0,No,17:20,17:30,17.0,Evening,10.0,19.176269,72.836721,19.306269,72.966721,19.880185329621128,10.0,1,1,Fast (<=20m),On Time
0x381f,JAPRES01DEL03,Jaipur,36.0,35-45,4.8,4.7-5.0,Fog,Medium,1,Buffet,Bicycle,1.0,No,18:20,18:35,18.0,Evening,15.0,26.90519,75.810753,26.93519,75.840753,4.46931819503161,18.0,1,1,Fast (<=20m),On Time
0x3837,INDORES03DEL03,Indore,34.0,30-34,4.5,4.2-4.6,Sunny,Jam,1,Buffet,Bicycle,1.0,No,20:30,20:45,20.0,Evening,15.0,22.751857,75.866699,22.811857,75.926699,9.074641166231038,24.0,1,1,Standard (21-30m),On Time
0x3861,MYSRES20DEL03,Mysuru,37.0,35-45,4.9,4.7-5.0,Cloudy,Low,0,Buffet,Scooter,1.0,No,22:55,22:60,22.0,Late Night,5.0,12.337978,76.616792,12.397978,76.676792,9.326372267856886,29.0,1,1,Standard (21-30m),On Time
0x386e,PUNERES14DEL03,Pune,30.0,30-34,4.6,4.2-4.6,Cloudy,Low,2,Meal,Motorcycle,1.0,No,22:45,22:60,22.0,Late Night,15.0,18.516216,73.842527,18.606216,73.932527,13.789649777029757,30.0,1,1,Standard (21-30m),On Time
0x387a,JAPRES15DEL01,Jaipur,21.0,18-24,4.5,4.2-4.6,Sandstorms,High,1,Meal,Scooter,1.0,No,12:55,13:05,12.0,Afternoon,10.0,26.891191,75.802083,26.931191,75.842083,5.959301341148196,29.0,1,1,Standard (21-30m),On Time
0x3880,PUNERES06DEL03,Pune,24.0,18-24,4.9,4.7-5.0,Cloudy,Jam,2,Buffet,Bicycle,1.0,No,21:60,22:15,22.0,Late Night,15.0,18.546258,73.904337,18.576258,73.934337,4.596549676380436,21.0,1,1,Standard (21-30m),On Time
0x388d,CHENRES05DEL02,Chennai,39.0,35-45,3.7,Below 4.2,Windy,Medium,2,Buffet,Bicycle,1.0,No,18:20,18:25,18.0,Evening,5.0,13.058616,80.264151,13.138616,80.344151,12.417704716240648,34.0,1,0,Slow (>30m),Over 30 Min
0x3896,MYSRES010DEL01,Mysuru,22.0,18-24,4.3,4.2-4.6,Windy,Low,0,Drinks,Scooter,0.0,No,9:35,9:45,9.0,Morning,10.0,12.321214,76.621094,12.331214,76.631094,1.5545165293736782,27.0,1,1,Standard (21-30m),On Time
0x38c6_x,JAPRES11DEL01,Jaipur,24.0,18-24,4.8,4.7-5.0,Windy,High,2,Meal,Motorcycle,0.0,No,13:20,13:25,13.0,Afternoon,5.0,26.90294,75.793007,26.94294,75.833007,5.959026554569051,12.0,1,1,Fast (<=20m),On Time
0x38d9,HYDRES16DEL01,Hyderabad,30.0,30-34,4.6,4.2-4.6,Fog,Low,0,Drinks,Scooter,1.0,No,8:60,9:15,9.0,Morning,15.0,17.440827,78.393391,17.450827,78.403391,1.5367938921881952,23.0,1,1,Standard (21-30m),On Time
0x38ff,JAPRES01DEL03,Jaipur,27.0,25-29,4.7,4.7-5.0,Cloudy,Jam,1,Drinks,Scooter,0.0,No,19:35,19:40,19.0,Evening,5.0,26.90519,75.810753,26.93519,75.840753,4.46931819503161,34.0,1,0,Slow (>30m),Over 30 Min
0x3913,MUMRES02DEL02,Mumbai,37.0,35-45,4.9,4.7-5.0,Cloudy,Jam,0,Drinks,Scooter,1.0,No,20:45,20:55,20.0,Evening,10.0,19.221315,72.862381,19.271315,72.912381,7.646115309571211,26.0,1,1,Standard (21-30m),On Time
0x3921,VADRES04DEL01,Vadodara,35.0,35-45,4.0,Below 4.2,Fog,High,1,Drinks,Bicycle,1.0,No,11:50,11:60,11.0,Morning,10.0,0.0,0.0,0.01,0.01,,37.0,1,0,Slow (>30m),Over 30 Min
0x3933,RANCHIRES12DEL03,Ranchi,39.0,35-45,4.8,4.7-5.0,Windy,Jam,2,Drinks,Bicycle,0.0,No,19:60,20:15,20.0,Evening,15.0,0.0,0.0,0.03,0.03,,27.0,1,1,Standard (21-30m),On Time
0x3941,BANGRES05DEL02,Bengaluru,28.0,25-29,4.8,4.7-5.0,Sandstorms,Low,2,Meal,Scooter,1.0,No,22:25,22:40,22.0,Late Night,15.0,12.970324,77.645748,13.020324,77.695748,7.762644588308441,18.0,1,1,Fast (<=20m),On Time
0x394e,SURRES18DEL03,Surat,39.0,35-45,4.6,4.2-4.6,Sunny,Jam,0,Meal,Scooter,1.0,No,19:35,19:50,19.0,Evening,15.0,21.149834,72.778666,21.239834,72.868666,13.682523785997287,28.0,1,1,Standard (21-30m),On Time
0x395b,VADRES04DEL03,Vadodara,36.0,35-45,4.7,4.7-5.0,Cloudy,Jam,1,Snack,Scooter,1.0,No,20:15,20:20,20.0,Evening,5.0,0.0,0.0,0.06,0.06,,30.0,1,1,Standard (21-30m),On Time
0x396c,CHENRES05DEL01,Chennai,36.0,35-45,4.2,4.2-4.6,Windy,Medium,1,Drinks,Bicycle,1.0,No,17:50,18:05,17.0,Evening,15.0,13.058616,80.264151,13.168616,80.374151,17.073836634362547,36.0,1,0,Slow (>30m),Over 30 Min
0x396d,RANCHIRES13DEL02,Ranchi,35.0,35-45,4.6,4.2-4.6,Cloudy,Jam,2,Snack,Bicycle,3.0,Yes,21:55,21:60,21.0,Late Night,5.0,23.374989,85.335486,23.504989,85.465486,19.617600841390068,47.0,1,0,Slow (>30m),Over 30 Min
0x3979,INDORES05DEL03,Indore,20.0,18-24,4.6,4.2-4.6,Stormy,Jam,0,Buffet,Scooter,1.0,No,20:40,20:55,20.0,Evening,15.0,22.727021,75.884167,22.757021,75.914167,4.537929017335161,15.0,1,1,Fast (<=20m),On Time
0x3988,MUMRES14DEL02,Mumbai,39.0,35-45,4.6,4.2-4.6,Fog,Low,0,Drinks,Scooter,1.0,No,10:55,10:60,10.0,Morning,5.0,19.1813,72.836191,19.2013,72.856191,3.0589287711050988,26.0,1,1,Standard (21-30m),On Time
0x39cd,COIMBRES14DEL02,Coimbatore,30.0,30-34,4.8,4.7-5.0,Fog,High,2,Drinks,Bicycle,1.0,No,11:30,11:35,11.0,Morning,5.0,11.003681,76.975525,11.023681,76.995525,3.1162428001751343,33.0,1,0,Slow (>30m),Over 30 Min
0x39d2,HYDRES02DEL03,Hyderabad,21.0,18-24,4.9,4.7-5.0,Fog,Low,1,Drinks,Scooter,0.0,No,22:50,23:05,22.0,Late Night,15.0,17.41233,78.449654,17.44233,78.479654,4.6106044019154675,15.0,1,1,Fast (<=20m),On Time
0x3a08,PUNERES20DEL03,Pune,32.0,30-34,4.5,4.2-4.6,Fog,Low,1,Buffet,Bicycle,1.0,No,23:25,23:35,23.0,Late Night,10.0,18.592718,73.773572,18.682718,73.863572,13.78671803171344,31.0,1,0,Slow (>30m),Over 30 Min
0x3a09,INDORES08DEL01,Indore,38.0,35-45,4.6,4.2-4.6,Cloudy,Low,1,Snack,Bicycle,0.0,No,23:15,23:30,23.0,Late Night,15.0,22.725748,75.898497,22.795748,75.968497,10.587833627733957,30.0,1,1,Standard (21-30m),On Time
0x3a23,RANCHIRES19DEL03,Ranchi,33.0,30-34,4.5,4.2-4.6,Sunny,Medium,2,Buffet,Scooter,0.0,No,17:50,17:55,17.0,Evening,5.0,23.333017,85.3172,23.363017,85.3472,4.528577009347093,21.0,1,1,Standard (21-30m),On Time
0x3a29,SURRES14DEL01,Surat,39.0,35-45,4.5,4.2-4.6,Sandstorms,Medium,2,Buffet,Bicycle,1.0,No,17:25,17:35,17.0,Evening,10.0,21.157729,72.768726,21.267729,72.878726,16.722141789376934,34.0,1,0,Slow (>30m),Over 30 Min
0x3a3a,BANGRES17DEL03,Bengaluru,22.0,18-24,4.7,4.7-5.0,Sandstorms,Low,1,Drinks,Bicycle,0.0,No,22:10,22:15,22.0,Late Night,5.0,12.972532,77.608179,13.002532,77.638179,4.657657982702655,10.0,1,1,Fast (<=20m),On Time
0x3a42,MUMRES07DEL02,Mumbai,26.0,25-29,4.7,4.7-5.0,Stormy,Jam,1,Meal,Bicycle,0.0,No,19:45,19:50,19.0,Evening,5.0,19.091458,72.827808,19.141458,72.877808,7.648958072931787,23.0,1,1,Standard (21-30m),On Time
0x3a64,SURRES20DEL02,Surat,23.0,18-24,4.9,4.7-5.0,Cloudy,Low,1,Drinks,Scooter,0.0,No,22:10,22:15,22.0,Late Night,5.0,21.15276,72.778059,21.20276,72.828059,7.601810834791758,16.0,1,1,Fast (<=20m),On Time
0x3a65,SURRES03DEL02,Surat,36.0,35-45,4.1,Below 4.2,Fog,Low,0,Drinks,Scooter,1.0,No,23:45,23:55,23.0,Late Night,10.0,21.186884,72.793616,21.266884,72.873616,12.161015921769494,39.0,1,0,Slow (>30m),Over 30 Min
0x3a6c,JAPRES07DEL02,Jaipur,23.0,18-24,4.8,4.7-5.0,Fog,High,2,Snack,Bicycle,0.0,No,11:40,11:45,11.0,Morning,5.0,26.766536,75.837333,26.786536,75.857333,2.9812219730252805,34.0,1,0,Slow (>30m),Over 30 Min
0x3a74,SURRES010DEL01,Surat,27.0,25-29,4.8,4.7-5.0,Cloudy,High,1,Buffet,Scooter,0.0,No,13:60,14:05,14.0,Afternoon,5.0,21.17106,72.789292,21.21106,72.829292,6.081194277406292,24.0,1,1,Standard (21-30m),On Time
0x3a87,SURRES010DEL02,Surat,24.0,18-24,4.9,4.7-5.0,Sunny,Low,2,Buffet,Bicycle,0.0,No,22:55,23:05,22.0,Late Night,10.0,21.17106,72.789292,21.22106,72.839292,7.6013731692002455,17.0,1,1,Fast (<=20m),On Time
0x3a98,HYDRES03DEL01,Hyderabad,20.0,18-24,4.9,4.7-5.0,Fog,High,1,Buffet,Scooter,1.0,No,12:60,13:15,13.0,Afternoon,15.0,17.422819,78.449578,17.462819,78.489578,6.147223810957223,27.0,1,1,Standard (21-30m),On Time
0x3aab,MYSRES01DEL01,Mysuru,35.0,35-45,4.0,Below 4.2,Windy,High,1,Meal,Bicycle,1.0,No,14:55,15:10,14.0,Afternoon,15.0,12.311072,76.654878,12.351072,76.694878,6.218009778855673,33.0,1,0,Slow (>30m),Over 30 Min
0x3ab5,SURRES11DEL02,Surat,34.0,30-34,4.3,4.2-4.6,Sandstorms,Medium,2,Snack,Bicycle,0.0,No,17:55,17:60,17.0,Evening,5.0,21.157735,72.768778,21.207735,72.818778,7.601691884760726,33.0,1,0,Slow (>30m),Over 30 Min
0x3ab8,PUNERES05DEL01,Pune,22.0,18-24,4.6,4.2-4.6,Fog,High,2,Drinks,Bicycle,1.0,No,11:40,11:55,11.0,Morning,15.0,18.543626,73.905101,18.553626,73.915101,1.5322369069085406,30.0,1,1,Standard (21-30m),On Time
0x3ae1,MUMRES14DEL01,Mumbai,35.0,35-45,4.6,4.2-4.6,Sunny,Medium,1,Drinks,Scooter,1.0,No,18:55,18:60,18.0,Evening,5.0,19.1813,72.836191,19.2513,72.906191,10.705483265553463,21.0,1,1,Standard (21-30m),On Time
0x3aec,RANCHIRES12DEL01,Ranchi,36.0,35-45,4.0,Below 4.2,Fog,Low,0,Meal,Scooter,1.0,No,23:15,23:30,23.0,Late Night,15.0,0.0,0.0,0.07,0.07,,39.0,1,0,Slow (>30m),Over 30 Min
0x3af7,MUMRES02DEL02,Mumbai,24.0,18-24,4.7,4.7-5.0,Sandstorms,Medium,2,Drinks,Motorcycle,0.0,No,17:25,17:30,17.0,Evening,5.0,19.221315,72.862381,19.351315,72.992381,19.87761148749709,23.0,1,1,Standard (21-30m),On Time
0x3b05,CHENRES19DEL01,Chennai,35.0,35-45,4.7,4.7-5.0,Stormy,High,2,Snack,Bicycle,1.0,No,13:20,13:35,13.0,Afternoon,15.0,12.986047,80.218114,13.026047,80.258114,6.209985028290128,28.0,1,1,Standard (21-30m),On Time
0x3b07,SURRES06DEL03,Surat,28.0,25-29,4.7,4.7-5.0,Cloudy,Low,0,Buffet,Scooter,1.0,No,23:35,23:45,23.0,Late Night,10.0,21.185047,72.80859,21.245047,72.86859,9.121102373523351,24.0,1,1,Standard (21-30m),On Time
0x3b4c,PUNERES16DEL01,Pune,32.0,30-34,4.9,4.7-5.0,Sandstorms,Low,2,Meal,Bicycle,1.0,No,23:35,23:50,23.0,Late Night,15.0,18.536718,73.830327,18.606718,73.900327,10.724970934242917,20.0,1,1,Fast (<=20m),On Time
0x3b4d,JAPRES15DEL02,Jaipur,38.0,35-45,4.6,4.2-4.6,Cloudy,Jam,0,Buffet,Scooter,1.0,No,21:55,22:10,21.0,Late Night,15.0,26.891191,75.802083,26.941191,75.852083,7.448980440888869,32.0,1,0,Slow (>30m),Over 30 Min
0x3b4f,MYSRES02DEL01,Mysuru,27.0,25-29,4.7,4.7-5.0,Fog,Low,2,Drinks,Motorcycle,1.0,No,8:40,8:45,8.0,Morning,5.0,12.304569,76.643622,12.314569,76.653622,1.5545646884939355,14.0,1,1,Fast (<=20m),On Time
0x3b60,INDORES13DEL01,Indore,35.0,35-45,4.2,4.2-4.6,Stormy,Medium,2,Meal,Bicycle,1.0,No,17:20,17:30,17.0,Evening,10.0,22.745049,75.892471,22.855049,76.002471,16.635821039247297,35.0,1,0,Slow (>30m),Over 30 Min
0x3b81,VADRES01DEL01,Vadodara,36.0,35-45,4.9,4.7-5.0,Cloudy,Jam,0,Drinks,Scooter,1.0,No,21:25,21:35,21.0,Late Night,10.0,22.307898,73.167788,22.377898,73.237788,10.602603970577807,44.0,1,0,Slow (>30m),Over 30 Min
0x3b85,PUNERES05DEL03,Pune,25.0,25-29,4.6,4.2-4.6,Cloudy,Jam,0,Drinks,Scooter,1.0,No,21:35,21:45,21.0,Late Night,10.0,18.543626,73.905101,18.603626,73.965101,9.192783650279589,27.0,1,1,Standard (21-30m),On Time
0x3ba9,INDORES09DEL03,Indore,31.0,30-34,4.5,4.2-4.6,Sunny,Jam,2,Meal,Bicycle,1.0,No,21:20,21:30,21.0,Late Night,10.0,22.725835,75.887648,22.815835,75.977648,13.612466356810154,24.0,1,1,Standard (21-30m),On Time
0x3bc3,RANCHIRES07DEL02,Ranchi,37.0,35-45,4.2,4.2-4.6,Sandstorms,Medium,0,Drinks,Scooter,2.0,No,18:40,18:50,18.0,Evening,10.0,23.359407,85.325055,23.489407,85.455055,19.618657751409327,35.0,1,0,Slow (>30m),Over 30 Min
0x3bc8,VADRES010DEL03,Vadodara,30.0,30-34,4.8,4.7-5.0,Fog,Jam,2,Snack,Bicycle,1.0,No,20:10,20:15,20.0,Evening,5.0,22.310329,73.169083,22.370329,73.229083,9.088023587265994,35.0,1,0,Slow (>30m),Over 30 Min
0x3bef,BANGRES15DEL03,Bengaluru,33.0,30-34,4.6,4.2-4.6,Sunny,Medium,0,Snack,Scooter,0.0,No,18:50,18:55,18.0,Evening,5.0,12.975377,77.696664,13.005377,77.726664,4.657632000533678,28.0,1,1,Standard (21-30m),On Time
0x3c01,BANGRES20DEL01,Bengaluru,32.0,30-34,4.5,4.2-4.6,Sunny,High,1,Meal,Scooter,0.0,No,13:50,13:60,13.0,Afternoon,10.0,12.972161,77.596014,13.012161,77.636014,6.21015424114329,20.0,1,1,Fast (<=20m),On Time
0x3c06,MUMRES14DEL02,Mumbai,27.0,25-29,4.5,4.2-4.6,Cloudy,Low,2,Drinks,Bicycle,1.0,No,23:50,23:55,23.0,Late Night,5.0,19.1813,72.836191,19.2613,72.916191,12.234662416367938,24.0,1,1,Standard (21-30m),On Time
0x3c2a,BANGRES15DEL03,Bengaluru,23.0,18-24,5.0,4.7-5.0,Stormy,Low,1,Meal,Scooter,1.0,No,23:50,23:60,23.0,Late Night,10.0,12.975377,77.696664,13.035377,77.756664,9.314989655754555,19.0,1,1,Fast (<=20m),On Time
0x3c40,COIMBRES20DEL02,Coimbatore,33.0,30-34,4.9,4.7-5.0,Sandstorms,High,0,Buffet,Scooter,1.0,No,11:55,11:60,11.0,Morning,5.0,10.994136,76.963303,11.014136,76.983303,3.116292359941385,49.0,1,0,Slow (>30m),Over 30 Min
0x3c72,VADRES05DEL02,Vadodara,31.0,30-34,4.7,4.7-5.0,Fog,Low,0,Buffet,Scooter,1.0,No,23:20,23:30,23.0,Late Night,10.0,22.310526,73.170937,22.390526,73.250937,12.116955760221717,41.0,1,0,Slow (>30m),Over 30 Min
0x3c7f,MYSRES09DEL03,Mysuru,22.0,18-24,5.0,4.7-5.0,Windy,Medium,0,Meal,Scooter,1.0,No,17:15,17:30,17.0,Evening,15.0,12.323194,76.630583,12.383194,76.690583,9.326629770227296,21.0,1,1,Standard (21-30m),On Time
0x3c9a,PUNERES19DEL01,Pune,28.0,25-29,4.5,4.2-4.6,Windy,Jam,0,Buffet,Scooter,1.0,No,19:60,20:10,20.0,Evening,10.0,18.563934,73.915367,18.673935,74.025367,16.851394307019227,28.0,1,1,Standard (21-30m),On Time
0x3c9e,JAPRES09DEL01,Jaipur,33.0,30-34,5.0,4.7-5.0,Stormy,Low,1,Buffet,Scooter,0.0,No,10:55,11:05,10.0,Morning,10.0,26.911378,75.789034,26.921378,75.799034,1.4897950345723296,27.0,1,1,Standard (21-30m),On Time
0x3cb3,MUMRES16DEL02,Mumbai,24.0,18-24,4.7,4.7-5.0,Fog,Medium,2,Snack,Motorcycle,1.0,No,17:50,18:05,17.0,Evening,15.0,19.120083,72.907385,19.250083,73.037385,19.88338809561328,32.0,1,0,Slow (>30m),Over 30 Min
0x3cb7,HYDRES17DEL03,Hyderabad,25.0,25-29,4.2,4.2-4.6,Sunny,Jam,0,Meal,Scooter,0.0,No,19:25,19:40,19.0,Evening,15.0,17.451976,78.385883,17.481976,78.415883,4.610126685757653,51.0,1,0,Slow (>30m),Over 30 Min
0x3cf6,CHENRES18DEL02,Chennai,26.0,25-29,5.0,4.7-5.0,Stormy,Jam,2,Snack,Bicycle,1.0,No,21:10,21:15,21.0,Late Night,5.0,12.981615,80.231598,13.031615,80.281598,7.762472576519166,23.0,1,1,Standard (21-30m),On Time
0x3d14,RANCHIRES11DEL03,Ranchi,37.0,35-45,4.8,4.7-5.0,Cloudy,Low,0,Meal,Scooter,1.0,No,22:30,22:45,22.0,Late Night,15.0,23.359194,85.325447,23.389194,85.355447,4.528168320170964,29.0,1,1,Standard (21-30m),On Time
0x3d5e,COIMBRES05DEL01,Coimbatore,22.0,18-24,4.9,4.7-5.0,Windy,Low,1,Snack,Bicycle,1.0,No,10:55,10:60,10.0,Morning,5.0,11.022169,76.999594,11.032169,77.009594,1.5580863516080126,13.0,1,1,Fast (<=20m),On Time
0x3d68,INDORES14DEL03,Indore,28.0,25-29,4.5,4.2-4.6,Stormy,Jam,1,Snack,Bicycle,0.0,No,20:60,21:10,21.0,Late Night,10.0,22.761593,75.886362,22.791593,75.916362,4.537401139103022,11.0,1,1,Fast (<=20m),On Time
0x3d89,VADRES13DEL02,Vadodara,35.0,35-45,4.6,4.2-4.6,Sunny,Medium,0,Buffet,Scooter,1.0,No,18:60,19:05,19.0,Evening,5.0,22.310237,73.158921,22.440237,73.288921,19.68844060256603,30.0,1,1,Standard (21-30m),On Time
0x3d8d,INDORES15DEL02,Indore,38.0,35-45,3.5,Below 4.2,Cloudy,Low,2,Meal,Bicycle,1.0,No,22:60,23:10,23.0,Late Night,10.0,22.760072,75.892574,22.890072,76.022574,19.65885587138484,32.0,1,0,Slow (>30m),Over 30 Min
0x3d91,JAPRES01DEL01,Jaipur,26.0,25-29,4.8,4.7-5.0,Sunny,High,2,Snack,Motorcycle,0.0,No,13:15,13:20,13.0,Afternoon,5.0,26.90519,75.810753,26.94519,75.850753,5.958973920541164,14.0,1,1,Fast (<=20m),On Time
0x3d93,CHENRES010DEL02,Chennai,37.0,35-45,4.7,4.7-5.0,Stormy,Low,2,Snack,Motorcycle,1.0,No,23:55,24:10,23.0,Late Night,15.0,13.066762,80.251865,13.146762,80.331865,12.417504672683167,17.0,1,1,Fast (<=20m),On Time
0x3dba,INDORES05DEL03,Indore,28.0,25-29,5.0,4.7-5.0,Windy,Low,1,Drinks,Scooter,1.0,No,23:10,23:20,23.0,Late Night,10.0,22.727021,75.884167,22.787021,75.944167,9.075399895075487,11.0,1,1,Fast (<=20m),On Time
0x3dd8,CHENRES07DEL02,Chennai,21.0,18-24,4.6,4.2-4.6,Fog,Low,0,Snack,Scooter,1.0,No,23:55,23:60,23.0,Late Night,5.0,13.081878,80.248519,13.161878,80.328519,12.417133150195115,23.0,1,1,Standard (21-30m),On Time
0x3e09,INDORES12DEL02,Indore,23.0,18-24,4.7,4.7-5.0,Sunny,Low,0,Drinks,Scooter,1.0,No,10:35,10:40,10.0,Morning,5.0,22.74806,75.8934,22.76806,75.9134,3.0251228174902294,12.0,1,1,Fast (<=20m),On Time
0x3e2c,CHENRES20DEL01,Chennai,33.0,30-34,4.6,4.2-4.6,Sunny,High,1,Meal,Scooter,1.0,No,14:35,14:40,14.0,Afternoon,5.0,12.975996,80.221898,13.015996,80.261898,6.2101075256405105,23.0,1,1,Standard (21-30m),On Time
0x3e3d,MUMRES12DEL01,Mumbai,34.0,30-34,4.9,4.7-5.0,Sandstorms,Low,1,Meal,Scooter,1.0,No,9:25,9:35,9.0,Morning,10.0,19.207222,72.972281,19.217222,72.982281,1.5293726991698615,27.0,1,1,Standard (21-30m),On Time
0x3e44,MUMRES11DEL01,Mumbai,24.0,18-24,4.1,Below 4.2,Sandstorms,Low,0,Meal,Scooter,1.0,No,10:10,10:15,10.0,Morning,5.0,18.994237,72.825553,19.004237,72.835553,1.5303018945130977,24.0,1,1,Standard (21-30m),On Time
0x3e7e,BANGRES05DEL02,Bengaluru,22.0,18-24,5.0,4.7-5.0,Fog,Low,0,Meal,Scooter,0.0,No,8:15,8:30,8.0,Morning,15.0,12.970324,77.645748,12.990324,77.665748,3.1051492022356912,22.0,1,1,Standard (21-30m),On Time
0x3e94,MYSRES14DEL03,Mysuru,38.0,35-45,4.3,4.2-4.6,Windy,Jam,1,Meal,Bicycle,1.0,No,19:35,19:40,19.0,Evening,5.0,0.0,0.0,0.06,0.06,,33.0,1,0,Slow (>30m),Over 30 Min
0x3e9b,JAPRES08DEL03,Jaipur,34.0,30-34,4.9,4.7-5.0,Sunny,Jam,0,Meal,Scooter,1.0,No,20:20,20:25,20.0,Evening,5.0,26.910262,75.783013,26.940262,75.813013,4.4692292119460895,25.0,1,1,Standard (21-30m),On Time
0x3ea1,CHENRES13DEL01,Chennai,32.0,30-34,4.9,4.7-5.0,Sandstorms,High,2,Meal,Scooter,1.0,No,14:55,15:05,14.0,Afternoon,10.0,13.027018,80.254791,13.067018,80.294791,6.209484754561457,30.0,1,1,Standard (21-30m),On Time
0x3ea9,BANGRES01DEL03,Bengaluru,29.0,25-29,4.9,4.7-5.0,Sandstorms,Jam,0,Snack,Scooter,1.0,No,20:25,20:30,20.0,Evening,5.0,12.933284,77.615428,13.023284,77.705428,13.973226457021006,25.0,1,1,Standard (21-30m),On Time
0x3ee5,COIMBRES14DEL02,Coimbatore,33.0,30-34,4.6,4.2-4.6,Sunny,Jam,2,Buffet,Bicycle,0.0,No,20:10,20:20,20.0,Evening,10.0,11.003681,76.975525,11.083681,77.055525,12.46434651410147,29.0,1,1,Standard (21-30m),On Time
0x3eeb,VADRES010DEL02,Vadodara,23.0,18-24,4.9,4.7-5.0,Sunny,Low,0,Snack,Scooter,0.0,No,23:55,23:60,23.0,Late Night,5.0,22.310329,73.169083,22.440329,73.299083,19.688434603710945,23.0,1,1,Standard (21-30m),On Time
0x3ef,RANCHIRES13DEL01,Ranchi,30.0,30-34,4.7,4.7-5.0,Unknown,Unknown,3,Snack,Electric Scooter,1.0,No,,17:55,,Unknown,,23.374989,85.335486,23.444989,85.405486,10.564420207340424,32.0,1,0,Slow (>30m),Over 30 Min
0x3f06,MUMRES04DEL02,Mumbai,31.0,30-34,4.8,4.7-5.0,Windy,Low,2,Snack,Bicycle,1.0,No,8:60,9:05,9.0,Morning,5.0,19.254567,72.848923,19.274567,72.868923,3.0582857995284227,20.0,1,1,Fast (<=20m),On Time
0x3f07,MUMRES15DEL01,Mumbai,25.0,25-29,4.7,4.7-5.0,Sunny,High,2,Buffet,Bicycle,1.0,No,11:10,11:15,11.0,Morning,5.0,19.176269,72.836721,19.186269,72.846721,1.5295083184215559,16.0,1,1,Fast (<=20m),On Time
0x3f13,COIMBRES03DEL03,Coimbatore,33.0,30-34,4.5,4.2-4.6,Sandstorms,Jam,1,Drinks,Bicycle,1.0,No,20:20,20:25,20.0,Evening,5.0,11.025083,77.015393,11.115083,77.105393,14.021770171044214,35.0,1,0,Slow (>30m),Over 30 Min
0x3f3f,MUMRES17DEL01,Mumbai,28.0,25-29,4.8,4.7-5.0,Cloudy,Low,1,Snack,Bicycle,1.0,No,10:60,11:15,11.0,Morning,15.0,19.121999,72.908493,19.131999,72.918493,1.5297456245545944,18.0,1,1,Fast (<=20m),On Time
0x3f50,CHENRES04DEL02,Chennai,31.0,30-34,4.8,4.7-5.0,Stormy,Medium,2,Buffet,Bicycle,1.0,No,17:15,17:30,17.0,Evening,15.0,13.02978,80.208812,13.15978,80.338812,20.178921585879735,30.0,1,1,Standard (21-30m),On Time
0x3f77,SURRES17DEL01,Surat,26.0,25-29,4.8,4.7-5.0,Stormy,Jam,0,Snack,Scooter,1.0,No,21:55,22:05,21.0,Late Night,10.0,21.149569,72.772697,21.219569,72.842697,10.642307001438638,37.0,1,0,Slow (>30m),Over 30 Min
0x3f7d,BANGRES010DEL02,Bengaluru,36.0,35-45,4.8,4.7-5.0,Windy,Low,1,Snack,Scooter,0.0,No,23:35,23:40,23.0,Late Night,5.0,12.933298,77.614293,12.983298,77.664293,7.763207655700249,22.0,1,1,Standard (21-30m),On Time
0x3f86,MYSRES13DEL01,Mysuru,21.0,18-24,4.9,4.7-5.0,Stormy,Jam,2,Drinks,Bicycle,1.0,No,20:50,20:55,20.0,Evening,5.0,12.310972,76.659264,12.420972,76.769264,17.09841217392479,21.0,1,1,Standard (21-30m),On Time
0x3f8d,MUMRES06DEL03,Mumbai,25.0,25-29,4.8,4.7-5.0,Cloudy,Jam,2,Snack,Scooter,1.0,No,19:50,20:05,19.0,Evening,15.0,19.055831,72.833984,19.115831,72.893984,9.17955113014458,22.0,1,1,Standard (21-30m),On Time
0x3f97,SURRES17DEL01,Surat,21.0,18-24,4.5,4.2-4.6,Stormy,Jam,2,Snack,Scooter,1.0,No,21:15,21:30,21.0,Late Night,15.0,21.149569,72.772697,21.219569,72.842697,10.642307001438638,26.0,1,1,Standard (21-30m),On Time
0x4022,RANCHIRES17DEL02,Ranchi,38.0,35-45,4.7,4.7-5.0,Cloudy,Jam,0,Drinks,Scooter,2.0,Yes,20:60,21:05,21.0,Late Night,5.0,23.374878,85.335739,23.454878,85.415739,12.073418988308763,42.0,1,0,Slow (>30m),Over 30 Min
0x4063,PUNERES13DEL03,Pune,30.0,30-34,4.4,4.2-4.6,Cloudy,Jam,0,Meal,Scooter,1.0,No,19:25,19:40,19.0,Evening,15.0,18.56245,73.916619,18.62245,73.976619,9.192303114337385,32.0,1,0,Slow (>30m),Over 30 Min
0x40a7,JAPRES12DEL03,Jaipur,28.0,25-29,4.9,4.7-5.0,Sandstorms,Medium,2,Buffet,Scooter,1.0,No,18:55,19:05,18.0,Evening,10.0,26.902908,75.792934,26.932908,75.822934,4.469358226070059,27.0,1,1,Standard (21-30m),On Time
0x40d5,CHENRES03DEL02,Chennai,37.0,35-45,4.9,4.7-5.0,Sunny,Low,2,Drinks,Bicycle,0.0,No,9:10,9:25,9.0,Morning,15.0,13.091809,80.219104,13.111809,80.239104,3.104406719461168,12.0,1,1,Fast (<=20m),On Time
0x40de,RANCHIRES07DEL01,Ranchi,20.0,18-24,4.8,4.7-5.0,Fog,Medium,0,Snack,Scooter,1.0,No,18:50,18:60,18.0,Evening,10.0,23.359407,85.325055,23.469407,85.435055,16.600977179565007,35.0,1,0,Slow (>30m),Over 30 Min
0x40ea,CHENRES13DEL02,Chennai,33.0,30-34,4.6,4.2-4.6,Sandstorms,Low,0,Snack,Scooter,1.0,No,23:45,23:60,23.0,Late Night,15.0,13.027018,80.254791,13.107018,80.334791,12.418479552738328,26.0,1,1,Standard (21-30m),On Time
0x40ff,MUMRES01DEL01,Mumbai,36.0,35-45,4.7,4.7-5.0,Sandstorms,Low,2,Buffet,Motorcycle,1.0,No,9:15,9:30,9.0,Morning,15.0,19.12663,72.829976,19.13663,72.839976,1.5297253982538181,29.0,1,1,Standard (21-30m),On Time
0x4147,RANCHIRES02DEL03,Ranchi,30.0,30-34,4.9,4.7-5.0,Fog,Jam,2,Buffet,Bicycle,1.0,No,21:10,21:15,21.0,Late Night,5.0,0.0,0.0,0.06,0.06,,30.0,1,1,Standard (21-30m),On Time
0x4181,HYDRES06DEL03,Hyderabad,39.0,35-45,4.6,4.2-4.6,Sandstorms,Medium,2,Snack,Scooter,1.0,No,17:25,17:35,17.0,Evening,10.0,17.455894,78.375467,17.545894,78.465467,13.829150757901948,30.0,1,1,Standard (21-30m),On Time
0x419c,RANCHIRES06DEL01,Ranchi,28.0,25-29,4.7,4.7-5.0,Sandstorms,High,0,Snack,Scooter,0.0,No,12:40,12:55,12.0,Afternoon,15.0,23.357804,85.325146,23.397804,85.365146,6.0374825291386225,38.0,1,0,Slow (>30m),Over 30 Min
0x41ab,MUMRES09DEL01,Mumbai,27.0,25-29,4.6,4.2-4.6,Cloudy,High,1,Snack,Bicycle,1.0,No,12:10,12:15,12.0,Afternoon,5.0,18.994049,72.825203,19.034049,72.865203,6.120950224107759,20.0,1,1,Fast (<=20m),On Time
0x41b9,PUNERES15DEL03,Pune,23.0,18-24,4.9,4.7-5.0,Sandstorms,Jam,2,Drinks,Bicycle,0.0,Unknown,20:60,21:10,21.0,Late Night,10.0,18.636215,73.751081,18.666215,73.781081,4.595400173074309,10.0,1,1,Fast (<=20m),On Time
0x41c5,MYSRES19DEL02,Mysuru,39.0,35-45,4.9,4.7-5.0,Sunny,Medium,0,Meal,Scooter,0.0,No,17:20,17:35,17.0,Evening,15.0,12.334022,76.618203,12.464022,76.748203,20.205964299814095,38.0,1,0,Slow (>30m),Over 30 Min
0x41e4,COIMBRES20DEL02,Coimbatore,24.0,18-24,4.6,4.2-4.6,Cloudy,Medium,0,Snack,Scooter,1.0,No,17:15,17:30,17.0,Evening,15.0,10.994136,76.963303,11.044136,77.013303,7.790536027572854,24.0,1,1,Standard (21-30m),On Time
0x421a,RANCHIRES01DEL03,Ranchi,34.0,30-34,4.1,Below 4.2,Windy,Jam,2,Meal,Bicycle,1.0,No,20:60,21:15,21.0,Late Night,15.0,23.416792,85.316842,23.476792,85.376842,9.054065456160073,32.0,1,0,Slow (>30m),Over 30 Min
0x4229,INDORES06DEL01,Indore,38.0,35-45,4.3,4.2-4.6,Windy,Jam,0,Snack,Scooter,2.0,No,21:30,21:45,21.0,Late Night,15.0,22.728163,75.884212,22.838163,75.994212,16.63676757148157,53.0,1,0,Slow (>30m),Over 30 Min
0x4255,CHENRES03DEL01,Chennai,30.0,30-34,4.7,4.7-5.0,Sandstorms,Low,0,Drinks,Scooter,1.0,No,,8:55,,Unknown,,13.091809,80.219104,13.101809,80.229104,1.552218707729946,23.0,1,1,Standard (21-30m),On Time
0x427e,BANGRES16DEL01,Bengaluru,31.0,30-34,4.8,4.7-5.0,Sunny,Jam,1,Meal,Scooter,1.0,No,20:45,20:60,20.0,Evening,15.0,13.029198,77.570997,13.099198,77.640997,10.866230162030641,23.0,1,1,Standard (21-30m),On Time
0x429,HYDRES11DEL03,Hyderabad,30.0,30-34,4.7,4.7-5.0,Unknown,Unknown,3,Buffet,Electric Scooter,0.0,No,,23:40,,Unknown,,17.430448,78.418213,17.490448,78.478213,9.220410618740702,18.0,1,1,Fast (<=20m),On Time
0x42a8,RANCHIRES07DEL01,Ranchi,31.0,30-34,4.6,4.2-4.6,Cloudy,Medium,2,Snack,Bicycle,1.0,No,15:25,15:35,15.0,Afternoon,10.0,23.359407,85.325055,23.399407,85.365055,6.037449138753068,17.0,1,1,Fast (<=20m),On Time
0x42bc,RANCHIRES12DEL01,Ranchi,23.0,18-24,4.8,4.7-5.0,Sandstorms,High,0,Meal,Scooter,0.0,No,11:25,11:30,11.0,Morning,5.0,0.0,0.0,0.01,0.01,,22.0,1,1,Standard (21-30m),On Time
0x42c1,PUNERES15DEL01,Pune,28.0,25-29,5.0,4.7-5.0,Cloudy,Low,0,Drinks,Scooter,1.0,No,9:15,9:30,9.0,Morning,15.0,18.636215,73.751081,18.646215,73.761081,1.5318427458551402,19.0,1,1,Fast (<=20m),On Time
0x42da,SURRES06DEL02,Surat,23.0,18-24,4.5,4.2-4.6,Windy,Jam,0,Meal,Scooter,0.0,No,21:40,21:50,21.0,Late Night,10.0,21.185047,72.80859,21.235047,72.85859,7.601038430391824,23.0,1,1,Standard (21-30m),On Time
0x42eb,MUMRES14DEL02,Mumbai,37.0,35-45,4.8,4.7-5.0,Cloudy,Low,1,Snack,Bicycle,1.0,No,8:10,8:25,8.0,Morning,15.0,19.1813,72.836191,19.2013,72.856191,3.0589287711050988,15.0,1,1,Fast (<=20m),On Time
0x4300,VADRES07DEL02,Vadodara,36.0,35-45,4.0,Below 4.2,Windy,Low,0,Buffet,Scooter,0.0,No,10:25,10:35,10.0,Morning,10.0,0.0,0.0,0.02,0.02,,33.0,1,0,Slow (>30m),Over 30 Min
0x4306,JAPRES09DEL01,Jaipur,29.0,25-29,4.8,4.7-5.0,Sandstorms,Medium,0,Meal,Scooter,1.0,No,18:20,18:30,18.0,Evening,10.0,26.911378,75.789034,26.981378,75.859034,10.427336293463465,30.0,1,1,Standard (21-30m),On Time
0x4313,PUNERES03DEL01,Pune,25.0,25-29,5.0,4.7-5.0,Sandstorms,High,2,Meal,Scooter,1.0,No,13:55,14:10,13.0,Afternoon,15.0,18.554382,73.798206,18.594382,73.838206,6.1285096792086575,27.0,1,1,Standard (21-30m),On Time
0x4314,CHENRES05DEL02,Chennai,25.0,25-29,4.9,4.7-5.0,Fog,Jam,0,Buffet,Scooter,2.0,No,21:45,21:50,21.0,Late Night,5.0,13.058616,80.264151,13.138616,80.344151,12.417704716240648,43.0,1,0,Slow (>30m),Over 30 Min
0x4323,MYSRES02DEL02,Mysuru,38.0,35-45,5.0,4.7-5.0,Sandstorms,Low,2,Drinks,Scooter,0.0,No,22:35,22:40,22.0,Late Night,5.0,12.304569,76.643622,12.354569,76.693622,7.772533936309724,22.0,1,1,Standard (21-30m),On Time
0x435d,JAPRES03DEL02,Jaipur,26.0,25-29,4.6,4.2-4.6,Windy,Low,1,Drinks,Bicycle,1.0,No,22:35,22:40,22.0,Late Night,5.0,26.913483,75.803139,26.993483,75.883139,11.91662289880606,16.0,1,1,Fast (<=20m),On Time
0x438f,BANGRES010DEL01,Bengaluru,39.0,35-45,4.6,4.2-4.6,Sunny,Medium,1,Meal,Bicycle,1.0,No,15:45,15:55,15.0,Afternoon,10.0,12.933298,77.614293,12.973298,77.654293,6.210626901563955,23.0,1,1,Standard (21-30m),On Time
0x439b,VADRES19DEL02,Vadodara,21.0,18-24,4.6,4.2-4.6,Cloudy,Low,2,Buffet,Bicycle,1.0,No,9:50,9:60,9.0,Morning,10.0,22.311844,73.165081,22.331844,73.185081,3.02952640614441,15.0,1,1,Fast (<=20m),On Time
0x43a8,MYSRES16DEL02,Mysuru,26.0,25-29,4.8,4.7-5.0,Cloudy,Low,2,Buffet,Bicycle,1.0,No,9:45,9:50,9.0,Morning,5.0,12.316967,76.603067,12.336967,76.623067,3.1090286915973695,16.0,1,1,Fast (<=20m),On Time
0x43b2,VADRES05DEL03,Vadodara,28.0,25-29,4.8,4.7-5.0,Cloudy,Medium,2,Meal,Scooter,0.0,No,17:25,17:35,17.0,Evening,10.0,22.310526,73.170937,22.340526,73.200937,4.5442342933947355,17.0,1,1,Fast (<=20m),On Time
0x43ba,HYDRES04DEL03,Hyderabad,21.0,18-24,4.6,4.2-4.6,Stormy,Medium,0,Meal,Scooter,1.0,No,18:55,18:60,18.0,Evening,5.0,17.411028,78.329645,17.441028,78.359645,4.610620073503543,22.0,1,1,Standard (21-30m),On Time
0x43bb,RANCHIRES13DEL01,Ranchi,37.0,35-45,5.0,4.7-5.0,Fog,Low,1,Meal,Scooter,1.0,No,10:25,10:30,10.0,Morning,5.0,23.374989,85.335486,23.384989,85.345486,1.5093592763890418,15.0,1,1,Fast (<=20m),On Time
0x43be,JAPRES11DEL02,Jaipur,38.0,35-45,4.8,4.7-5.0,Stormy,Low,2,Drinks,Motorcycle,0.0,No,8:30,8:45,8.0,Morning,15.0,26.90294,75.793007,26.92294,75.813007,2.9796302604649063,22.0,1,1,Standard (21-30m),On Time
0x43ce,BANGRES03DEL03,Bengaluru,34.0,30-34,4.8,4.7-5.0,Sunny,Jam,1,Drinks,Bicycle,0.0,No,20:35,20:50,20.0,Evening,15.0,12.979166,77.640709,13.039166,77.700709,9.314920355812367,22.0,1,1,Standard (21-30m),On Time
0x43e3,INDORES16DEL02,Indore,39.0,35-45,4.4,4.2-4.6,Fog,Medium,1,Snack,Scooter,1.0,No,17:50,17:60,17.0,Evening,10.0,22.744648,75.894377,22.824648,75.974377,12.099407479031946,41.0,1,0,Slow (>30m),Over 30 Min
0x43f0,CHENRES09DEL01,Chennai,26.0,25-29,4.7,4.7-5.0,Cloudy,High,1,Buffet,Scooter,1.0,No,11:30,11:35,11.0,Morning,5.0,13.044694,80.26147,13.054694,80.27147,1.5523630242238229,29.0,1,1,Standard (21-30m),On Time
0x43f7,COIMBRES20DEL02,Coimbatore,24.0,18-24,4.9,4.7-5.0,Windy,Jam,2,Snack,Bicycle,1.0,No,21:45,21:50,21.0,Late Night,5.0,10.994136,76.963303,11.124136,77.093303,20.254038012526944,20.0,1,1,Fast (<=20m),On Time
0x4400,JAPRES04DEL03,Jaipur,38.0,35-45,5.0,4.7-5.0,Cloudy,Medium,2,Snack,Bicycle,2.0,No,18:20,18:35,18.0,Evening,15.0,26.902328,75.794257,26.992328,75.884257,13.406524721046026,42.0,1,0,Slow (>30m),Over 30 Min
0x4405,RANCHIRES14DEL03,Ranchi,20.0,18-24,4.8,4.7-5.0,Fog,Jam,0,Drinks,Scooter,1.0,No,19:10,19:15,19.0,Evening,5.0,0.0,0.0,0.03,0.03,,29.0,1,1,Standard (21-30m),On Time
0x440c,COIMBRES05DEL03,Coimbatore,36.0,35-45,4.2,4.2-4.6,Fog,Jam,1,Meal,Bicycle,1.0,No,21:15,21:25,21.0,Late Night,10.0,11.022169,76.999594,11.082169,77.059594,9.348127404600463,34.0,1,0,Slow (>30m),Over 30 Min
0x446c,MYSRES19DEL02,Mysuru,30.0,30-34,4.5,4.2-4.6,Cloudy,Low,2,Drinks,Bicycle,0.0,No,23:55,24:05,23.0,Late Night,10.0,12.334022,76.618203,12.464022,76.748203,20.205964299814095,32.0,1,0,Slow (>30m),Over 30 Min
0x4484,BANGRES12DEL03,Bengaluru,39.0,35-45,4.8,4.7-5.0,Stormy,Medium,2,Drinks,Motorcycle,1.0,No,18:40,18:55,18.0,Evening,15.0,12.939496,77.625999,12.969496,77.655999,4.65795928795794,25.0,1,1,Standard (21-30m),On Time
0x4485,COIMBRES010DEL02,Coimbatore,24.0,18-24,4.7,4.7-5.0,Cloudy,Low,1,Buffet,Bicycle,1.0,No,22:35,22:40,22.0,Late Night,5.0,11.003008,76.97544,11.053009,77.02544,7.790500065451542,18.0,1,1,Fast (<=20m),On Time
0x44ae,PUNERES09DEL02,Pune,32.0,30-34,4.9,4.7-5.0,Windy,Low,0,Snack,Scooter,0.0,No,22:60,23:10,23.0,Late Night,10.0,18.536562,73.896485,18.666562,74.026485,19.916150123139918,24.0,1,1,Standard (21-30m),On Time
0x44c1,MUMRES07DEL03,Mumbai,24.0,18-24,4.7,4.7-5.0,Windy,Medium,2,Meal,Bicycle,1.0,No,18:55,18:60,18.0,Evening,5.0,19.091458,72.827808,19.121458,72.857808,4.589505825667041,24.0,1,1,Standard (21-30m),On Time
0x4506,BANGRES010DEL02,Bengaluru,27.0,25-29,4.8,4.7-5.0,Windy,Jam,1,Snack,Scooter,1.0,No,19:55,19:60,19.0,Evening,5.0,12.933298,77.614293,13.013298,77.694293,12.420767206584339,27.0,1,1,Standard (21-30m),On Time
0x450b,VADRES11DEL01,Vadodara,27.0,25-29,4.5,4.2-4.6,Stormy,High,1,Meal,Scooter,1.0,No,14:40,14:45,14.0,Afternoon,5.0,22.308096,73.167753,22.348096,73.207753,6.058927551225757,27.0,1,1,Standard (21-30m),On Time
0x451e,HYDRES06DEL02,Hyderabad,26.0,25-29,4.5,4.2-4.6,Sandstorms,Low,1,Drinks,Scooter,1.0,No,8:45,8:55,8.0,Morning,10.0,17.455894,78.375467,17.475894,78.395467,3.0734265039559348,17.0,1,1,Fast (<=20m),On Time
0x4527,JAPRES07DEL03,Jaipur,31.0,30-34,4.5,4.2-4.6,Stormy,Jam,2,Buffet,Scooter,1.0,No,20:20,20:30,20.0,Evening,10.0,26.766536,75.837333,26.856536,75.927333,13.413662605790556,29.0,1,1,Standard (21-30m),On Time
0x453b,CHENRES18DEL02,Chennai,29.0,25-29,4.6,4.2-4.6,Stormy,Jam,1,Buffet,Scooter,1.0,No,20:55,20:60,20.0,Evening,5.0,12.981615,80.231598,13.111615,80.361598,20.180839155827968,16.0,1,1,Fast (<=20m),On Time
0x4556,JAPRES03DEL01,Jaipur,25.0,25-29,4.9,4.7-5.0,Sandstorms,Medium,0,Meal,Scooter,0.0,No,16:40,16:55,16.0,Afternoon,15.0,26.913483,75.803139,26.953483,75.843139,5.958779893117491,16.0,1,1,Fast (<=20m),On Time
0x4557,RANCHIRES08DEL02,Ranchi,21.0,18-24,4.9,4.7-5.0,Fog,High,0,Meal,Scooter,1.0,No,11:10,11:15,11.0,Morning,5.0,23.353783,85.326967,23.373783,85.346967,3.0188872875414514,29.0,1,1,Standard (21-30m),On Time
0x4565,CHENRES20DEL03,Chennai,27.0,25-29,4.8,4.7-5.0,Sunny,Jam,0,Meal,Scooter,1.0,No,20:50,20:55,20.0,Evening,5.0,12.975996,80.221898,13.065996,80.311898,13.972055324781298,20.0,1,1,Fast (<=20m),On Time
0x4592,MYSRES14DEL01,Mysuru,37.0,35-45,4.9,4.7-5.0,Sandstorms,Jam,2,Meal,Bicycle,1.0,No,19:50,20:05,19.0,Evening,15.0,0.0,0.0,0.07,0.07,,27.0,1,1,Standard (21-30m),On Time
0x459f,MYSRES15DEL02,Mysuru,23.0,18-24,4.5,4.2-4.6,Sunny,Jam,1,Meal,Bicycle,1.0,No,21:10,21:25,21.0,Late Night,15.0,12.352058,76.60665,12.402058,76.65665,7.771845037319833,15.0,1,1,Fast (<=20m),On Time
0x45ca,PUNERES18DEL01,Pune,22.0,18-24,4.4,4.2-4.6,Sunny,High,0,Meal,Scooter,2.0,No,14:30,14:45,14.0,Afternoon,15.0,18.593481,73.785901,18.633481,73.825901,6.127843916971148,52.0,1,0,Slow (>30m),Over 30 Min
0x45cd,HYDRES03DEL01,Hyderabad,39.0,35-45,4.6,4.2-4.6,Windy,Low,2,Snack,Scooter,1.0,No,10:60,11:05,11.0,Morning,5.0,17.422819,78.449578,17.432819,78.459578,1.536866182222313,26.0,1,1,Standard (21-30m),On Time
0x45e2,PUNERES16DEL02,Pune,34.0,30-34,4.7,4.7-5.0,Sandstorms,Jam,1,Drinks,Bicycle,1.0,No,19:20,19:25,19.0,Evening,5.0,18.536718,73.830327,18.586718,73.880327,7.660906245921597,30.0,1,1,Standard (21-30m),On Time
0x45fa,HYDRES06DEL02,Hyderabad,28.0,25-29,4.9,4.7-5.0,Sunny,Low,0,Drinks,Scooter,0.0,No,10:20,10:30,10.0,Morning,10.0,17.455894,78.375467,17.475894,78.395467,3.0734265039559348,14.0,1,1,Fast (<=20m),On Time
0x4607,INDORES13DEL02,Indore,37.0,35-45,4.9,4.7-5.0,Sunny,High,2,Snack,Scooter,0.0,No,11:30,11:45,11.0,Morning,15.0,22.745049,75.892471,22.765049,75.912471,3.0251534641916638,24.0,1,1,Standard (21-30m),On Time
0x4607_x,INDORES13DEL02,Indore,37.0,35-45,4.9,4.7-5.0,Sunny,High,2,Snack,Scooter,0.0,No,11:30,11:45,11.0,Morning,15.0,22.745049,75.892471,22.765049,75.912471,3.0251534641916638,24.0,1,1,Standard (21-30m),On Time
0x461c,HYDRES04DEL02,Hyderabad,20.0,18-24,4.6,4.2-4.6,Stormy,Jam,2,Meal,Bicycle,0.0,No,20:50,21:05,20.0,Evening,15.0,17.411028,78.329645,17.461028,78.379645,7.684166030973103,16.0,1,1,Fast (<=20m),On Time
0x4622,VADRES02DEL01,Vadodara,29.0,25-29,5.0,4.7-5.0,Stormy,High,0,Drinks,Scooter,1.0,No,13:55,14:05,13.0,Afternoon,10.0,0.0,0.0,0.04,0.04,,29.0,1,1,Standard (21-30m),On Time
0x4655,CHENRES02DEL03,Chennai,38.0,35-45,4.4,4.2-4.6,Windy,Jam,1,Meal,Scooter,1.0,No,20:55,21:10,20.0,Evening,15.0,13.086438,80.220672,13.176438,80.310672,13.969010040806968,32.0,1,0,Slow (>30m),Over 30 Min
0x4679,MUMRES07DEL02,Mumbai,31.0,30-34,4.9,4.7-5.0,Sunny,Low,0,Drinks,Scooter,0.0,No,23:40,23:55,23.0,Late Night,15.0,19.091458,72.827808,19.221458,72.957808,19.885016560233726,21.0,1,1,Standard (21-30m),On Time
0x467f,CHENRES05DEL02,Chennai,28.0,25-29,4.8,4.7-5.0,Fog,Low,0,Meal,Scooter,1.0,No,8:45,8:50,8.0,Morning,5.0,13.058616,80.264151,13.078616,80.284151,3.1046102421056685,21.0,1,1,Standard (21-30m),On Time
0x468f,VADRES16DEL03,Vadodara,25.0,25-29,4.6,4.2-4.6,Fog,Medium,1,Snack,Scooter,0.0,No,17:10,17:15,17.0,Evening,5.0,0.0,0.0,0.03,0.03,,19.0,1,1,Fast (<=20m),On Time
0x46a0,JAPRES19DEL01,Jaipur,22.0,18-24,4.8,4.7-5.0,Fog,Jam,1,Drinks,Bicycle,0.0,No,21:10,21:15,21.0,Late Night,5.0,26.913726,75.75282,26.983726,75.82282,10.42724010559267,30.0,1,1,Standard (21-30m),On Time
0x46ca,VADRES05DEL01,Vadodara,21.0,18-24,4.8,4.7-5.0,Windy,High,0,Drinks,Scooter,1.0,No,13:25,13:35,13.0,Afternoon,10.0,22.310526,73.170937,22.350526,73.210937,6.058878884434275,16.0,1,1,Fast (<=20m),On Time
0x46cb,SURRES17DEL02,Surat,37.0,35-45,5.0,4.7-5.0,Windy,Jam,2,Buffet,Bicycle,0.0,No,20:20,20:30,20.0,Evening,10.0,21.149569,72.772697,21.199569,72.822697,7.601887117275184,33.0,1,0,Slow (>30m),Over 30 Min
0x46e6,RANCHIRES17DEL01,Ranchi,31.0,30-34,4.6,4.2-4.6,Sunny,Medium,1,Snack,Scooter,0.0,No,18:10,18:20,18.0,Evening,10.0,23.374878,85.335739,23.444878,85.405739,10.564424258154087,25.0,1,1,Standard (21-30m),On Time
0x46e7,CHENRES16DEL02,Chennai,28.0,25-29,4.1,Below 4.2,Fog,Jam,1,Buffet,Bicycle,1.0,No,19:50,19:55,19.0,Evening,5.0,13.049645,80.242268,13.129645,80.322268,12.417924882090992,44.0,1,0,Slow (>30m),Over 30 Min
0x46f1,MYSRES20DEL02,Mysuru,21.0,18-24,4.4,4.2-4.6,Windy,Jam,0,Snack,Scooter,1.0,No,20:40,20:55,20.0,Evening,15.0,12.337978,76.616792,12.417978,76.696792,12.434930308212797,38.0,1,0,Slow (>30m),Over 30 Min
0x46fa,CHENRES16DEL02,Chennai,20.0,18-24,4.9,4.7-5.0,Fog,Jam,2,Buffet,Scooter,0.0,No,21:30,21:45,21.0,Late Night,15.0,13.049645,80.242268,13.099645,80.292268,7.761433157808645,21.0,1,1,Standard (21-30m),On Time
0x4710,INDORES12DEL02,Indore,28.0,25-29,4.7,4.7-5.0,Cloudy,Low,0,Buffet,Scooter,1.0,No,23:20,23:30,23.0,Late Night,10.0,22.74806,75.8934,22.82806,75.9734,12.099268410444548,24.0,1,1,Standard (21-30m),On Time
0x4737,JAPRES11DEL03,Jaipur,31.0,30-34,4.8,4.7-5.0,Fog,Low,2,Meal,Bicycle,1.0,No,23:55,24:10,23.0,Late Night,15.0,26.90294,75.793007,26.93294,75.823007,4.469357664742239,16.0,1,1,Fast (<=20m),On Time
0x474c,COIMBRES03DEL03,Coimbatore,27.0,25-29,4.9,4.7-5.0,Stormy,Medium,0,Drinks,Scooter,1.0,No,18:20,18:30,18.0,Evening,10.0,11.025083,77.015393,11.085083,77.075393,9.348081835624752,19.0,1,1,Fast (<=20m),On Time
0x4765,JAPRES16DEL03,Jaipur,23.0,18-24,4.5,4.2-4.6,Stormy,Jam,1,Drinks,Bicycle,1.0,No,19:55,20:10,19.0,Evening,15.0,26.849596,75.800512,26.989596,75.940512,20.856862533584223,19.0,1,1,Fast (<=20m),On Time
0x4776,COIMBRES14DEL02,Coimbatore,32.0,30-34,4.7,4.7-5.0,Stormy,Medium,2,Meal,Motorcycle,0.0,No,17:50,17:60,17.0,Evening,10.0,11.003681,76.975525,11.053681,77.025525,7.790411964628951,32.0,1,0,Slow (>30m),Over 30 Min
0x477b,JAPRES09DEL03,Jaipur,25.0,25-29,5.0,4.7-5.0,Sandstorms,Jam,2,Drinks,Scooter,1.0,No,20:35,20:45,20.0,Evening,10.0,26.911378,75.789034,26.941378,75.819034,4.46920963107772,29.0,1,1,Standard (21-30m),On Time
0x478d,JAPRES20DEL01,Jaipur,37.0,35-45,4.3,4.2-4.6,Fog,Low,0,Meal,Scooter,2.0,No,22:35,22:40,22.0,Late Night,5.0,26.956431,75.776649,27.026431,75.846649,10.42548950033588,43.0,1,0,Slow (>30m),Over 30 Min
0x47af,VADRES04DEL03,Vadodara,20.0,18-24,4.7,4.7-5.0,Fog,Medium,2,Buffet,Scooter,0.0,No,18:25,18:35,18.0,Evening,10.0,0.0,0.0,0.03,0.03,,17.0,1,1,Fast (<=20m),On Time
0x47c4,CHENRES13DEL02,Chennai,29.0,25-29,4.7,4.7-5.0,Fog,High,0,Meal,Scooter,1.0,No,11:40,11:50,11.0,Morning,10.0,13.027018,80.254791,13.047018,80.274791,3.1048035267183245,29.0,1,1,Standard (21-30m),On Time
0x47ca,SURRES02DEL01,Surat,29.0,25-29,4.1,Below 4.2,Cloudy,Jam,2,Snack,Bicycle,1.0,No,19:50,19:55,19.0,Evening,5.0,21.186608,72.794136,21.296608,72.904136,16.72061977214888,33.0,1,0,Slow (>30m),Over 30 Min
0x47d7,INDORES06DEL01,Indore,32.0,30-34,3.7,Below 4.2,Cloudy,Low,2,Buffet,Motorcycle,0.0,No,22:20,22:25,22.0,Late Night,5.0,22.728163,75.884212,22.838163,75.994212,16.63676757148157,37.0,1,0,Slow (>30m),Over 30 Min
0x47dc,CHENRES17DEL03,Chennai,23.0,18-24,4.7,4.7-5.0,Stormy,Low,0,Snack,Scooter,0.0,No,22:30,22:45,22.0,Late Night,15.0,13.045479,80.23311,13.135479,80.32311,13.970142294617732,19.0,1,1,Fast (<=20m),On Time
0x47f2,CHENRES16DEL01,Chennai,33.0,30-34,4.9,4.7-5.0,Windy,Low,2,Meal,Motorcycle,1.0,No,22:40,22:45,22.0,Late Night,5.0,13.049645,80.242268,13.119645,80.312268,10.865791710349681,28.0,1,1,Standard (21-30m),On Time
0x4804,JAPRES09DEL02,Jaipur,28.0,25-29,5.0,4.7-5.0,Stormy,High,2,Drinks,Scooter,0.0,No,11:60,12:10,12.0,Afternoon,10.0,26.911378,75.789034,26.931378,75.809034,2.979531585883249,21.0,1,1,Standard (21-30m),On Time
0x482b,JAPRES06DEL01,Jaipur,31.0,30-34,4.5,4.2-4.6,Cloudy,Low,0,Buffet,Scooter,0.0,No,9:35,9:50,9.0,Morning,15.0,26.911927,75.797282,26.921927,75.807282,1.4897918245982686,23.0,1,1,Standard (21-30m),On Time
0x4854,MUMRES04DEL01,Mumbai,25.0,25-29,4.9,4.7-5.0,Sunny,Low,1,Meal,Bicycle,1.0,No,9:25,9:40,9.0,Morning,15.0,19.254567,72.848923,19.264567,72.858923,1.5291648781992035,20.0,1,1,Fast (<=20m),On Time
0x4856,VADRES01DEL01,Vadodara,33.0,30-34,4.7,4.7-5.0,Cloudy,High,0,Buffet,Scooter,1.0,No,11:50,11:55,11.0,Morning,5.0,22.307898,73.167788,22.317898,73.177788,1.5148079782682522,31.0,1,0,Slow (>30m),Over 30 Min
0x4858,BANGRES02DEL01,Bengaluru,39.0,35-45,4.6,4.2-4.6,Sunny,Medium,1,Drinks,Scooter,1.0,No,18:35,18:50,18.0,Evening,15.0,12.970221,77.645396,13.040221,77.715396,10.867491154243279,22.0,1,1,Standard (21-30m),On Time
0x4863,COIMBRES02DEL01,Coimbatore,25.0,25-29,4.6,4.2-4.6,Stormy,Low,2,Snack,Scooter,1.0,No,10:25,10:40,10.0,Morning,15.0,11.022477,76.995667,11.032477,77.005667,1.5580855507112945,15.0,1,1,Fast (<=20m),On Time
0x487d,RANCHIRES04DEL03,Ranchi,26.0,25-29,4.9,4.7-5.0,Sandstorms,Jam,1,Drinks,Bicycle,1.0,No,20:50,20:60,20.0,Evening,10.0,23.359033,85.325347,23.419033,85.385347,9.055872702792307,22.0,1,1,Standard (21-30m),On Time
0x48c7,CHENRES09DEL01,Chennai,23.0,18-24,4.7,4.7-5.0,Fog,Medium,1,Drinks,Scooter,1.0,No,16:55,16:60,16.0,Afternoon,5.0,13.044694,80.26147,13.084694,80.30147,6.209268458636906,19.0,1,1,Fast (<=20m),On Time
0x48d3,RANCHIRES02DEL01,Ranchi,39.0,35-45,4.9,4.7-5.0,Sandstorms,High,0,Buffet,Scooter,1.0,No,13:10,13:20,13.0,Afternoon,10.0,0.0,0.0,0.04,0.04,,32.0,1,0,Slow (>30m),Over 30 Min
0x48e8,VADRES14DEL01,Vadodara,26.0,25-29,4.7,4.7-5.0,Stormy,Jam,1,Drinks,Scooter,1.0,No,19:10,19:25,19.0,Evening,15.0,22.311603,73.165012,22.381603,73.235012,10.602474039890291,19.0,1,1,Fast (<=20m),On Time
0x48f9,HYDRES11DEL02,Hyderabad,27.0,25-29,5.0,4.7-5.0,Sunny,Low,1,Snack,Bicycle,0.0,No,8:40,8:50,8.0,Morning,10.0,17.430448,78.418213,17.450448,78.438213,3.073630977169961,21.0,1,1,Standard (21-30m),On Time
0x491a,MYSRES19DEL02,Mysuru,32.0,30-34,4.9,4.7-5.0,Sunny,High,0,Buffet,Scooter,1.0,No,11:35,11:45,11.0,Morning,10.0,12.334022,76.618203,12.354022,76.638203,3.108929865385666,20.0,1,1,Fast (<=20m),On Time
0x493,HYDRES17DEL01,Hyderabad,30.0,30-34,4.7,4.7-5.0,Unknown,Unknown,3,Snack,Electric Scooter,0.0,No,,23:20,,Unknown,,17.451976,78.385883,17.561976,78.495883,16.902025286899093,27.0,1,1,Standard (21-30m),On Time
0x495b,MYSRES13DEL02,Mysuru,31.0,30-34,4.2,4.2-4.6,Windy,Jam,1,Buffet,Scooter,1.0,No,21:50,21:60,21.0,Late Night,10.0,12.310972,76.659264,12.390972,76.739264,12.435557672161545,40.0,1,0,Slow (>30m),Over 30 Min
0x497b,HYDRES16DEL01,Hyderabad,36.0,35-45,4.2,4.2-4.6,Fog,Jam,2,Snack,Bicycle,1.0,No,19:30,19:35,19.0,Evening,5.0,17.440827,78.393391,17.510827,78.463391,10.756712736886536,44.0,1,0,Slow (>30m),Over 30 Min
0x4987,SURRES04DEL01,Surat,28.0,25-29,5.0,4.7-5.0,Fog,Jam,0,Snack,Scooter,1.0,No,20:35,20:45,20.0,Evening,10.0,21.173493,72.801953,21.243493,72.871953,10.641505644147731,44.0,1,0,Slow (>30m),Over 30 Min
0x4993,CHENRES14DEL01,Chennai,31.0,30-34,4.2,4.2-4.6,Cloudy,Jam,1,Drinks,Scooter,1.0,No,20:20,20:25,20.0,Evening,5.0,13.026279,80.174568,13.096279,80.244568,10.86629270166031,37.0,1,0,Slow (>30m),Over 30 Min
0x4994,MUMRES11DEL01,Mumbai,28.0,25-29,4.7,4.7-5.0,Sandstorms,Low,1,Meal,Scooter,1.0,No,23:50,23:55,23.0,Late Night,5.0,18.994237,72.825553,19.064237,72.895553,10.711200595879614,19.0,1,1,Fast (<=20m),On Time
0x4999,RANCHIRES13DEL01,Ranchi,39.0,35-45,4.5,4.2-4.6,Stormy,High,1,Drinks,Scooter,1.0,No,14:15,14:20,14.0,Afternoon,5.0,23.374989,85.335486,23.414989,85.375486,6.037124465552408,28.0,1,1,Standard (21-30m),On Time
0x49cd,HYDRES03DEL03,Hyderabad,23.0,18-24,4.8,4.7-5.0,Windy,Jam,1,Meal,Bicycle,0.0,No,20:40,20:55,20.0,Evening,15.0,17.422819,78.449578,17.482819,78.509578,9.220594562489726,19.0,1,1,Fast (<=20m),On Time
0x49d0,MYSRES06DEL01,Mysuru,33.0,30-34,4.7,4.7-5.0,Sunny,High,1,Buffet,Scooter,1.0,No,12:10,12:20,12.0,Afternoon,10.0,12.323994,76.626167,12.363994,76.666167,6.2178600004778035,17.0,1,1,Fast (<=20m),On Time
0x49f2,SURRES03DEL01,Surat,35.0,35-45,4.0,Below 4.2,Sunny,Jam,0,Drinks,Scooter,1.0,No,20:15,20:30,20.0,Evening,15.0,21.186884,72.793616,21.296884,72.903616,16.720605217293137,34.0,1,0,Slow (>30m),Over 30 Min
0x49f9,HYDRES04DEL01,Hyderabad,32.0,30-34,4.6,4.2-4.6,Fog,Low,0,Buffet,Scooter,1.0,No,9:50,10:05,9.0,Morning,15.0,17.411028,78.329645,17.421028,78.339645,1.5369134780074378,28.0,1,1,Standard (21-30m),On Time
0x4a07,PUNERES02DEL03,Pune,38.0,35-45,4.8,4.7-5.0,Windy,Low,1,Meal,Scooter,1.0,No,23:35,23:40,23.0,Late Night,5.0,18.55144,73.804855,18.61144,73.864855,9.192584229398204,20.0,1,1,Fast (<=20m),On Time
0x4a11,RANCHIRES07DEL02,Ranchi,31.0,30-34,4.7,4.7-5.0,Sandstorms,Jam,0,Drinks,Scooter,1.0,No,19:60,20:15,20.0,Evening,15.0,23.359407,85.325055,23.439407,85.405055,12.074064175412282,46.0,1,0,Slow (>30m),Over 30 Min
0x4a13,RANCHIRES12DEL01,Ranchi,39.0,35-45,4.6,4.2-4.6,Stormy,Low,1,Buffet,Scooter,1.0,No,10:30,10:45,10.0,Morning,15.0,0.0,0.0,0.01,0.01,,23.0,1,1,Standard (21-30m),On Time
0x4a14,VADRES16DEL02,Vadodara,27.0,25-29,4.6,4.2-4.6,Stormy,Jam,2,Snack,Bicycle,1.0,No,20:45,20:60,20.0,Evening,15.0,0.0,0.0,0.08,0.08,,19.0,1,1,Fast (<=20m),On Time
0x4a23,MYSRES010DEL02,Mysuru,27.0,25-29,4.6,4.2-4.6,Fog,Jam,2,Snack,Bicycle,0.0,No,19:40,19:45,19.0,Evening,5.0,12.321214,76.621094,12.371214,76.671094,7.772292765162486,23.0,1,1,Standard (21-30m),On Time
0x4a57,CHENRES17DEL03,Chennai,33.0,30-34,4.9,4.7-5.0,Stormy,Medium,1,Snack,Bicycle,1.0,No,18:30,18:45,18.0,Evening,15.0,13.045479,80.23311,13.075479,80.26311,4.656990070730075,29.0,1,1,Standard (21-30m),On Time
0x4a70,CHENRES15DEL03,Chennai,24.0,18-24,4.7,4.7-5.0,Windy,Low,2,Buffet,Bicycle,1.0,No,23:50,24:05,23.0,Late Night,15.0,13.026286,80.275235,13.056286,80.305235,4.657166150850661,17.0,1,1,Fast (<=20m),On Time
0x4a7c,BANGRES010DEL03,Bengaluru,27.0,25-29,4.7,4.7-5.0,Sandstorms,Medium,2,Drinks,Motorcycle,1.0,No,18:20,18:25,18.0,Evening,5.0,12.933298,77.614293,12.993298,77.674293,9.315757973771419,21.0,1,1,Standard (21-30m),On Time
0x4a89,HYDRES03DEL01,Hyderabad,35.0,35-45,4.4,4.2-4.6,Sandstorms,Jam,1,Buffet,Scooter,1.0,No,21:10,21:25,21.0,Late Night,15.0,17.422819,78.449578,17.492819,78.519578,10.75721956715448,32.0,1,0,Slow (>30m),Over 30 Min
0x4acf,COIMBRES18DEL02,Coimbatore,32.0,30-34,4.1,Below 4.2,Stormy,Jam,2,Buffet,Motorcycle,1.0,No,21:10,21:15,21.0,Late Night,5.0,11.02091,76.940432,11.10091,77.020432,12.463987320992656,34.0,1,0,Slow (>30m),Over 30 Min
0x4ad1,INDORES14DEL02,Indore,33.0,30-34,4.8,4.7-5.0,Sunny,Low,1,Meal,Bicycle,1.0,No,22:45,22:50,22.0,Late Night,5.0,22.761593,75.886362,22.811593,75.936362,7.562080417338395,13.0,1,1,Fast (<=20m),On Time
0x4ae7,SURRES02DEL03,Surat,28.0,25-29,4.9,4.7-5.0,Cloudy,Medium,1,Meal,Scooter,0.0,No,18:55,19:10,18.0,Evening,15.0,21.186608,72.794136,21.216608,72.824136,4.560744318270441,12.0,1,1,Fast (<=20m),On Time
0x4ae8,BANGRES09DEL03,Bengaluru,31.0,30-34,4.8,4.7-5.0,Sunny,Medium,0,Meal,Scooter,1.0,No,17:25,17:30,17.0,Evening,5.0,12.934179,77.615797,12.994179,77.675797,9.315741912042778,26.0,1,1,Standard (21-30m),On Time
0x4b0,HYDRES18DEL02,Hyderabad,30.0,30-34,4.7,4.7-5.0,Sandstorms,Jam,2,Buffet,Bicycle,1.0,No,,21:15,,Unknown,,17.450851,78.379347,17.500851,78.429347,7.683365912633278,25.0,1,1,Standard (21-30m),On Time
0x4b55,PUNERES15DEL03,Pune,22.0,18-24,4.7,4.7-5.0,Cloudy,Jam,1,Meal,Bicycle,0.0,No,21:40,21:50,21.0,Late Night,10.0,18.636215,73.751081,18.696215,73.811081,9.190415799627871,31.0,1,0,Slow (>30m),Over 30 Min
0x4b67,INDORES08DEL01,Indore,39.0,35-45,4.1,Below 4.2,Fog,Medium,2,Meal,Bicycle,2.0,No,17:20,17:25,17.0,Evening,5.0,22.725748,75.898497,22.835748,76.008497,16.63690289342969,38.0,1,0,Slow (>30m),Over 30 Min
0x4b89,INDORES03DEL03,Indore,31.0,30-34,5.0,4.7-5.0,Sunny,Low,1,Buffet,Bicycle,1.0,No,23:20,23:35,23.0,Late Night,15.0,22.751857,75.866699,22.811857,75.926699,9.074641166231038,14.0,1,1,Fast (<=20m),On Time
0x4ba0,MUMRES03DEL01,Mumbai,39.0,35-45,4.8,4.7-5.0,Sunny,High,0,Buffet,Scooter,1.0,No,13:40,13:45,13.0,Afternoon,5.0,19.22384,72.841347,19.26384,72.881347,6.116935770958927,23.0,1,1,Standard (21-30m),On Time
0x4bac,MYSRES02DEL01,Mysuru,28.0,25-29,4.6,4.2-4.6,Cloudy,Jam,1,Buffet,Bicycle,1.0,No,19:30,19:35,19.0,Evening,5.0,12.304569,76.643622,12.414569,76.753622,17.09861667152148,34.0,1,0,Slow (>30m),Over 30 Min
0x4bbc,MUMRES16DEL02,Mumbai,38.0,35-45,4.1,Below 4.2,Windy,Low,0,Meal,Scooter,1.0,No,22:60,23:10,23.0,Late Night,10.0,19.120083,72.907385,19.170083,72.957385,7.648332918879425,21.0,1,1,Standard (21-30m),On Time
0x4bc1,HYDRES010DEL03,Hyderabad,37.0,35-45,4.6,4.2-4.6,Windy,Medium,0,Snack,Scooter,2.0,No,17:15,17:20,17.0,Evening,5.0,17.428294,78.404423,17.518294,78.494423,13.830150558497367,41.0,1,0,Slow (>30m),Over 30 Min
0x4bc5,RANCHIRES04DEL02,Ranchi,36.0,35-45,4.5,4.2-4.6,Stormy,Low,0,Meal,Scooter,1.0,No,23:15,23:30,23.0,Late Night,15.0,23.359033,85.325347,23.439033,85.405347,12.074079767859162,23.0,1,1,Standard (21-30m),On Time
0x4bea,MYSRES11DEL01,Mysuru,31.0,30-34,3.5,Below 4.2,Windy,Jam,2,Buffet,Motorcycle,1.0,No,21:30,21:40,21.0,Late Night,10.0,12.323225,76.630028,12.393225,76.700028,10.880965766860255,32.0,1,0,Slow (>30m),Over 30 Min
0x4c0f,CHENRES14DEL03,Chennai,37.0,35-45,5.0,4.7-5.0,Cloudy,Jam,2,Drinks,Scooter,1.0,No,20:15,20:20,20.0,Evening,5.0,13.026279,80.174568,13.086279,80.234568,9.314057058485723,25.0,1,1,Standard (21-30m),On Time
0x4c1,BANGRES13DEL02,Bengaluru,30.0,30-34,4.7,4.7-5.0,Unknown,Unknown,3,Drinks,Bicycle,1.0,No,,24:05,,Unknown,,12.935662,77.61413,13.065662,77.74413,20.18266236573575,26.0,1,1,Standard (21-30m),On Time
0x4c17,CHENRES02DEL02,Chennai,37.0,35-45,4.8,4.7-5.0,Sunny,Low,1,Drinks,Scooter,1.0,No,8:25,8:35,8.0,Morning,10.0,13.086438,80.220672,13.106438,80.240672,3.104439685155458,18.0,1,1,Fast (<=20m),On Time
0x4c23,MYSRES06DEL01,Mysuru,33.0,30-34,4.4,4.2-4.6,Sandstorms,Jam,0,Buffet,Scooter,2.0,No,19:15,19:30,19.0,Evening,15.0,12.323994,76.626167,12.393994,76.696167,10.880950142733004,43.0,1,0,Slow (>30m),Over 30 Min
0x4c28,VADRES17DEL02,Vadodara,20.0,18-24,4.3,4.2-4.6,Fog,Jam,1,Snack,Bicycle,1.0,No,19:25,19:30,19.0,Evening,5.0,0.0,0.0,0.08,0.08,,44.0,1,0,Slow (>30m),Over 30 Min
0x4c2c,PUNERES19DEL03,Pune,37.0,35-45,4.6,4.2-4.6,Sunny,Jam,1,Meal,Bicycle,1.0,No,20:60,21:05,21.0,Late Night,5.0,18.563934,73.915367,18.593934,73.945367,4.596324204002457,16.0,1,1,Fast (<=20m),On Time
0x4c3,VADRES04DEL01,Vadodara,30.0,30-34,4.7,4.7-5.0,Unknown,Unknown,2,Snack,Scooter,1.0,No,,18:30,,Unknown,,0.0,0.0,0.11,0.11,,25.0,1,1,Standard (21-30m),On Time
0x4c4c,MYSRES06DEL03,Mysuru,31.0,30-34,4.7,4.7-5.0,Sunny,Medium,2,Meal,Scooter,1.0,No,18:50,18:55,18.0,Evening,5.0,12.323994,76.626167,12.353994,76.656167,4.663438503919293,17.0,1,1,Fast (<=20m),On Time
0x4c74,VADRES17DEL02,Vadodara,29.0,25-29,4.7,4.7-5.0,Cloudy,Low,1,Buffet,Scooter,0.0,Unknown,10:50,11:05,10.0,Morning,15.0,0.0,0.0,0.02,0.02,,10.0,1,1,Fast (<=20m),On Time
0x4c88,MUMRES08DEL01,Mumbai,31.0,30-34,3.9,Below 4.2,Cloudy,Low,1,Buffet,Bicycle,1.0,No,23:40,23:50,23.0,Late Night,10.0,19.065838,72.832658,19.135838,72.902658,10.709018163440874,35.0,1,0,Slow (>30m),Over 30 Min
0x4c8e,MYSRES12DEL02,Mysuru,35.0,35-45,4.9,4.7-5.0,Sandstorms,Jam,2,Drinks,Scooter,1.0,No,20:35,20:40,20.0,Evening,5.0,12.284747,76.625861,12.334747,76.675861,7.772820731670705,29.0,1,1,Standard (21-30m),On Time
0x4c93,COIMBRES11DEL02,Coimbatore,20.0,18-24,4.1,Below 4.2,Stormy,Low,0,Snack,Scooter,1.0,No,10:40,10:45,10.0,Morning,5.0,11.001753,76.986241,11.021753,77.006241,3.1162528141358283,16.0,1,1,Fast (<=20m),On Time
0x4cbf,HYDRES03DEL01,Hyderabad,27.0,25-29,4.8,4.7-5.0,Stormy,Low,2,Buffet,Scooter,1.0,No,23:40,23:45,23.0,Late Night,5.0,17.422819,78.449578,17.532819,78.559578,16.903316560889188,15.0,1,1,Fast (<=20m),On Time
0x4cee,COIMBRES12DEL02,Coimbatore,24.0,18-24,4.5,4.2-4.6,Fog,Jam,0,Snack,Scooter,3.0,Yes,21:20,21:25,21.0,Late Night,5.0,11.000762,76.981876,11.080762,77.061876,12.464407316191915,49.0,1,0,Slow (>30m),Over 30 Min
0x4d1d,BANGRES16DEL02,Bengaluru,29.0,25-29,4.8,4.7-5.0,Stormy,Jam,2,Meal,Bicycle,0.0,No,19:20,19:35,19.0,Evening,15.0,13.029198,77.570997,13.109198,77.650997,12.418426152863896,27.0,1,1,Standard (21-30m),On Time
0x4d89,SURRES18DEL01,Surat,33.0,30-34,4.1,Below 4.2,Sandstorms,Jam,1,Meal,Scooter,1.0,No,20:50,21:05,20.0,Evening,15.0,21.149834,72.778666,21.219834,72.848666,10.642298129353664,38.0,1,0,Slow (>30m),Over 30 Min
0x4e4,VADRES17DEL01,Vadodara,30.0,30-34,4.7,4.7-5.0,Unknown,Unknown,3,Meal,Bicycle,1.0,Yes,,21:55,,Unknown,,0.0,0.0,0.11,0.11,,48.0,1,0,Slow (>30m),Over 30 Min
0x4e59,SURRES15DEL02,Surat,30.0,30-34,4.6,4.2-4.6,Sunny,Jam,1,Snack,Scooter,1.0,No,19:35,19:40,19.0,Evening,5.0,21.160522,72.771477,21.210522,72.821477,7.601625238119061,21.0,1,1,Standard (21-30m),On Time
0x4e71,MUMRES11DEL01,Mumbai,32.0,30-34,4.6,4.2-4.6,Stormy,Medium,1,Drinks,Scooter,1.0,No,15:40,15:45,15.0,Afternoon,5.0,18.994237,72.825553,19.034237,72.865553,6.120946957524185,27.0,1,1,Standard (21-30m),On Time
0x4e85,MYSRES16DEL03,Mysuru,31.0,30-34,4.4,4.2-4.6,Cloudy,Medium,1,Snack,Bicycle,1.0,Yes,18:20,18:25,18.0,Evening,5.0,12.316967,76.603067,12.406967,76.693067,13.989715037191116,44.0,1,0,Slow (>30m),Over 30 Min
0x4e92,COIMBRES11DEL02,Coimbatore,22.0,18-24,4.9,4.7-5.0,Windy,Medium,0,Snack,Scooter,1.0,No,17:10,17:20,17.0,Evening,10.0,11.001753,76.986241,11.051753,77.036241,7.7904370325588665,20.0,1,1,Fast (<=20m),On Time
0x4eb7,COIMBRES12DEL01,Coimbatore,25.0,25-29,4.8,4.7-5.0,Sandstorms,High,0,Drinks,Scooter,1.0,No,14:25,14:35,14.0,Afternoon,10.0,11.000762,76.981876,11.040762,77.021876,6.232411960733023,32.0,1,0,Slow (>30m),Over 30 Min
0x4efd,MUMRES08DEL03,Mumbai,23.0,18-24,4.7,4.7-5.0,Sunny,Jam,2,Buffet,Motorcycle,1.0,No,21:40,21:45,21.0,Late Night,5.0,19.065838,72.832658,19.125838,72.892658,9.179289366985605,14.0,1,1,Fast (<=20m),On Time
0x4f03,MYSRES17DEL01,Mysuru,32.0,30-34,4.9,4.7-5.0,Windy,Low,1,Snack,Scooter,1.0,No,8:35,8:45,8.0,Morning,10.0,12.326356,76.619103,12.336356,76.629103,1.5545016393451447,28.0,1,1,Standard (21-30m),On Time
0x4f16,VADRES16DEL03,Vadodara,30.0,30-34,4.9,4.7-5.0,Fog,Jam,0,Buffet,Scooter,1.0,Yes,19:35,19:40,19.0,Evening,5.0,0.0,0.0,0.09,0.09,,53.0,1,0,Slow (>30m),Over 30 Min
0x4f1d,INDORES20DEL02,Indore,39.0,35-45,4.7,4.7-5.0,Sandstorms,Low,2,Snack,Bicycle,1.0,No,10:60,11:10,11.0,Morning,10.0,22.732225,75.874765,22.752225,75.894765,3.0252839511176317,27.0,1,1,Standard (21-30m),On Time
0x4f2,JAPRES08DEL01,Jaipur,30.0,30-34,4.7,4.7-5.0,Unknown,Unknown,3,Drinks,Bicycle,1.0,No,,18:50,,Unknown,,26.910262,75.783013,27.020262,75.893013,16.384596909784364,20.0,1,1,Fast (<=20m),On Time
0x4f3f,PUNERES06DEL01,Pune,21.0,18-24,4.8,4.7-5.0,Windy,Medium,1,Snack,Scooter,1.0,No,17:20,17:35,17.0,Evening,15.0,18.546258,73.904337,18.616258,73.974337,10.724686900283649,27.0,1,1,Standard (21-30m),On Time
0x4f52,MUMRES03DEL02,Mumbai,33.0,30-34,4.5,4.2-4.6,Cloudy,Jam,0,Drinks,Scooter,0.0,No,20:10,20:25,20.0,Evening,15.0,19.22384,72.841347,19.27384,72.891347,7.64605986179765,26.0,1,1,Standard (21-30m),On Time
0x4f58,MYSRES05DEL02,Mysuru,25.0,25-29,4.1,Below 4.2,Stormy,Low,0,Buffet,Scooter,1.0,No,23:55,24:05,23.0,Late Night,10.0,12.323978,76.627961,12.373978,76.677961,7.772252687025764,20.0,1,1,Fast (<=20m),On Time
0x4f5a,VADRES12DEL02,Vadodara,36.0,35-45,5.0,4.7-5.0,Cloudy,Low,1,Drinks,Scooter,1.0,No,10:35,10:40,10.0,Morning,5.0,0.0,0.0,0.02,0.02,,16.0,1,1,Fast (<=20m),On Time
0x4f8c,SURRES16DEL03,Surat,29.0,25-29,4.8,4.7-5.0,Sandstorms,Medium,2,Meal,Bicycle,1.0,No,17:35,17:45,17.0,Evening,10.0,21.160437,72.774209,21.190437,72.804209,4.561119889070638,28.0,1,1,Standard (21-30m),On Time
0x4f8e,MYSRES19DEL02,Mysuru,25.0,25-29,4.6,4.2-4.6,Sunny,Jam,2,Buffet,Motorcycle,0.0,No,21:40,21:50,21.0,Late Night,10.0,12.334022,76.618203,12.464022,76.748203,20.205964299814095,20.0,1,1,Fast (<=20m),On Time
0x4fa3,BANGRES19DEL02,Bengaluru,35.0,35-45,4.8,4.7-5.0,Windy,Medium,1,Meal,Scooter,1.0,No,17:10,17:25,17.0,Evening,15.0,12.914264,77.6784,13.044264,77.8084,20.183509244457024,30.0,1,1,Standard (21-30m),On Time
0x4fd0,INDORES19DEL01,Indore,30.0,30-34,5.0,4.7-5.0,Sunny,Low,2,Drinks,Bicycle,1.0,No,9:40,9:45,9.0,Morning,5.0,22.745536,75.893106,22.755536,75.903106,1.5125997004953078,19.0,1,1,Fast (<=20m),On Time
0x4fe5,JAPRES04DEL03,Jaipur,34.0,30-34,4.7,4.7-5.0,Sunny,Jam,1,Buffet,Bicycle,1.0,No,20:30,20:35,20.0,Evening,5.0,26.902328,75.794257,27.042328,75.934257,20.852542306145345,19.0,1,1,Fast (<=20m),On Time
0x4fec,RANCHIRES20DEL02,Ranchi,34.0,30-34,5.0,4.7-5.0,Sunny,Low,1,Buffet,Bicycle,1.0,No,23:50,23:60,23.0,Late Night,10.0,23.39925,85.390464,23.52925,85.520464,19.615954059060932,29.0,1,1,Standard (21-30m),On Time
0x5004,VADRES15DEL01,Vadodara,25.0,25-29,4.7,4.7-5.0,Sandstorms,High,2,Meal,Motorcycle,0.0,No,13:25,13:30,13.0,Afternoon,5.0,0.0,0.0,0.04,0.04,,10.0,1,1,Fast (<=20m),On Time
0x500c,RANCHIRES17DEL02,Ranchi,26.0,25-29,4.7,4.7-5.0,Sandstorms,Medium,1,Snack,Bicycle,1.0,No,18:35,18:45,18.0,Evening,10.0,23.374878,85.335739,23.454878,85.415739,12.073418988308763,23.0,1,1,Standard (21-30m),On Time
0x5011,JAPRES13DEL03,Jaipur,27.0,25-29,5.0,4.7-5.0,Windy,Medium,0,Buffet,Scooter,1.0,No,17:55,18:05,17.0,Evening,10.0,26.846156,75.8023,26.906156,75.8623,8.940180068526951,28.0,1,1,Standard (21-30m),On Time
0x5031,HYDRES19DEL03,Hyderabad,29.0,25-29,4.7,4.7-5.0,Windy,Jam,0,Snack,Scooter,1.0,No,19:10,19:15,19.0,Evening,5.0,17.458998,78.500366,17.488998,78.530366,4.6100419699130715,20.0,1,1,Fast (<=20m),On Time
0x506e,BANGRES04DEL01,Bengaluru,24.0,18-24,4.6,4.2-4.6,Sunny,Jam,1,Meal,Scooter,1.0,No,20:10,20:25,20.0,Evening,15.0,12.98041,77.640489,13.09041,77.750489,17.076471933611273,23.0,1,1,Standard (21-30m),On Time
0x5075,JAPRES010DEL02,Jaipur,32.0,30-34,4.0,Below 4.2,Cloudy,High,1,Snack,Scooter,1.0,No,11:55,11:60,11.0,Morning,5.0,26.921411,75.793604,26.941411,75.813604,2.979414227359262,38.0,1,0,Slow (>30m),Over 30 Min
0x507a,PUNERES07DEL01,Pune,23.0,18-24,4.7,4.7-5.0,Cloudy,Low,2,Meal,Bicycle,1.0,No,23:25,23:40,23.0,Late Night,15.0,18.546947,73.900626,18.656947,74.010626,16.8521096927661,20.0,1,1,Fast (<=20m),On Time
0x507b,CHENRES04DEL01,Chennai,35.0,35-45,4.2,4.2-4.6,Stormy,High,0,Drinks,Scooter,1.0,No,14:60,15:05,15.0,Afternoon,5.0,13.02978,80.208812,13.06978,80.248812,6.2094509752396645,32.0,1,0,Slow (>30m),Over 30 Min
0x50b2,VADRES12DEL03,Vadodara,33.0,30-34,3.7,Below 4.2,Windy,Jam,1,Snack,Bicycle,1.0,No,20:20,20:30,20.0,Evening,10.0,0.0,0.0,0.09,0.09,,33.0,1,0,Slow (>30m),Over 30 Min
0x50f1,MUMRES16DEL02,Mumbai,24.0,18-24,4.5,4.2-4.6,Sandstorms,Low,2,Buffet,Scooter,1.0,No,10:60,11:15,11.0,Morning,15.0,19.120083,72.907385,19.140083,72.927385,3.059464302740348,18.0,1,1,Fast (<=20m),On Time
0x5114,JAPRES19DEL02,Jaipur,38.0,35-45,4.8,4.7-5.0,Fog,Jam,2,Snack,Scooter,2.0,No,21:45,21:55,21.0,Late Night,10.0,26.913726,75.75282,26.963726,75.80282,7.448321426261456,36.0,1,0,Slow (>30m),Over 30 Min
0x5149,PUNERES17DEL01,Pune,27.0,25-29,4.6,4.2-4.6,Stormy,Low,2,Meal,Motorcycle,1.0,No,8:35,8:50,8.0,Morning,15.0,18.530963,73.828972,18.540963,73.838972,1.5322906761813144,17.0,1,1,Fast (<=20m),On Time
0x515b,MYSRES14DEL02,Mysuru,30.0,30-34,4.2,4.2-4.6,Stormy,Medium,0,Snack,Scooter,1.0,No,18:55,18:60,18.0,Evening,5.0,0.0,0.0,0.05,0.05,,36.0,1,0,Slow (>30m),Over 30 Min
0x5161,INDORES06DEL02,Indore,21.0,18-24,4.9,4.7-5.0,Fog,High,1,Drinks,Scooter,1.0,No,11:50,11:60,11.0,Morning,10.0,22.728163,75.884212,22.748163,75.904212,3.0253252696835844,29.0,1,1,Standard (21-30m),On Time
0x5167,JAPRES19DEL03,Jaipur,22.0,18-24,4.7,4.7-5.0,Stormy,Jam,2,Meal,Bicycle,0.0,No,21:15,21:30,21.0,Late Night,15.0,26.913726,75.75282,26.973726,75.812821,8.937876028019282,20.0,1,1,Fast (<=20m),On Time
0x519b,MUMRES06DEL01,Mumbai,24.0,18-24,4.6,4.2-4.6,Sunny,High,1,Drinks,Scooter,1.0,No,14:35,14:40,14.0,Afternoon,5.0,19.055831,72.833984,19.095831,72.873984,6.119875165135543,13.0,1,1,Fast (<=20m),On Time
0x51e2,JAPRES18DEL03,Jaipur,31.0,30-34,4.7,4.7-5.0,Stormy,Low,0,Meal,Scooter,1.0,No,23:25,23:40,23.0,Late Night,15.0,26.913987,75.752891,27.053987,75.892891,20.851586204058318,20.0,1,1,Fast (<=20m),On Time
0x51f7,SURRES01DEL01,Surat,27.0,25-29,4.6,4.2-4.6,Cloudy,Jam,0,Snack,Scooter,1.0,No,20:25,20:40,20.0,Evening,15.0,21.186438,72.794115,21.296438,72.904115,16.720628737013744,40.0,1,0,Slow (>30m),Over 30 Min
0x51fe,COIMBRES07DEL03,Coimbatore,25.0,25-29,4.8,4.7-5.0,Stormy,Medium,2,Drinks,Bicycle,1.0,No,18:35,18:45,18.0,Evening,10.0,10.96185,76.971082,11.05185,77.061082,14.023251452797606,23.0,1,1,Standard (21-30m),On Time
0x520b,COIMBRES06DEL03,Coimbatore,31.0,30-34,4.4,4.2-4.6,Cloudy,Jam,1,Snack,Scooter,1.0,No,20:35,20:40,20.0,Evening,5.0,11.021278,76.995017,11.051278,77.025017,4.674187941695048,38.0,1,0,Slow (>30m),Over 30 Min
0x520d,SURRES17DEL02,Surat,21.0,18-24,4.6,4.2-4.6,Stormy,Jam,1,Snack,Bicycle,0.0,No,21:30,21:35,21.0,Late Night,5.0,21.149569,72.772697,21.199569,72.822697,7.601887117275184,20.0,1,1,Fast (<=20m),On Time
0x520f,CHENRES01DEL02,Chennai,33.0,30-34,4.9,4.7-5.0,Sunny,Jam,1,Snack,Scooter,1.0,No,20:15,20:20,20.0,Evening,5.0,13.005801,80.250744,13.085801,80.330744,12.41899882613173,15.0,1,1,Fast (<=20m),On Time
0x5218_x,BANGRES02DEL02,Bengaluru,20.0,18-24,4.7,4.7-5.0,Sunny,Medium,1,Drinks,Bicycle,0.0,No,17:60,18:10,18.0,Evening,10.0,12.970221,77.645396,13.100221,77.775396,20.181291792106194,14.0,1,1,Fast (<=20m),On Time
0x5218_y,BANGRES02DEL02,Bengaluru,20.0,18-24,4.7,4.7-5.0,Sunny,Medium,1,Drinks,Bicycle,0.0,No,17:60,18:10,18.0,Evening,10.0,12.970221,77.645396,13.100221,77.775396,20.181291792106194,14.0,1,1,Fast (<=20m),On Time
0x521b,INDORES18DEL03,Indore,24.0,18-24,4.9,4.7-5.0,Stormy,Jam,1,Snack,Bicycle,1.0,No,19:50,19:60,19.0,Evening,10.0,22.753839,75.897429,22.783839,75.927429,4.5375195943230615,28.0,1,1,Standard (21-30m),On Time
0x521c,INDORES010DEL03,Indore,33.0,30-34,4.7,4.7-5.0,Fog,Medium,2,Snack,Scooter,0.0,No,17:45,17:50,17.0,Evening,5.0,22.75004,75.902847,22.81004,75.962847,9.07469669881394,17.0,1,1,Fast (<=20m),On Time
0x5229,CHENRES03DEL03,Chennai,37.0,35-45,5.0,4.7-5.0,Stormy,Medium,1,Snack,Scooter,1.0,No,18:10,18:20,18.0,Evening,10.0,13.091809,80.219104,13.151809,80.279104,9.312851330932466,27.0,1,1,Standard (21-30m),On Time
0x5231,MUMRES20DEL03,Mumbai,35.0,35-45,4.7,4.7-5.0,Sunny,Low,1,Drinks,Scooter,1.0,No,23:60,24:15,0.0,Morning,15.0,19.103249,72.846749,19.133249,72.876749,4.589351454450741,16.0,1,1,Fast (<=20m),On Time
0x5249,SURRES07DEL02,Surat,32.0,30-34,4.8,4.7-5.0,Sunny,Jam,2,Buffet,Bicycle,1.0,No,20:15,20:20,20.0,Evening,5.0,21.170798,72.790489,21.250798,72.870489,12.16163227995857,15.0,1,1,Fast (<=20m),On Time
0x525,MUMRES20DEL02,Mumbai,30.0,30-34,4.7,4.7-5.0,Unknown,Unknown,3,Snack,Motorcycle,1.0,No,,17:25,,Unknown,,19.103249,72.846749,19.153249,72.896749,7.648700666183259,24.0,1,1,Standard (21-30m),On Time
0x527d,RANCHIRES15DEL01,Ranchi,34.0,30-34,4.5,4.2-4.6,Sandstorms,Low,0,Drinks,Scooter,0.0,No,9:45,9:60,9.0,Morning,15.0,23.369746,85.33982,23.379746,85.34982,1.509386577995927,24.0,1,1,Standard (21-30m),On Time
0x52b,MYSRES15DEL03,Mysuru,30.0,30-34,4.7,4.7-5.0,Unknown,Unknown,1,Snack,Bicycle,0.0,No,,23:20,,Unknown,,12.352058,76.60665,12.382058,76.63665,4.663194243216148,18.0,1,1,Fast (<=20m),On Time
0x52c,PUNERES14DEL02,Pune,30.0,30-34,4.7,4.7-5.0,Unknown,Unknown,1,Drinks,Scooter,1.0,No,,18:30,,Unknown,,18.516216,73.842527,18.646216,73.972527,19.917275926604027,21.0,1,1,Standard (21-30m),On Time
0x52c2,COIMBRES01DEL03,Coimbatore,22.0,18-24,4.6,4.2-4.6,Cloudy,Low,2,Drinks,Scooter,0.0,No,23:60,24:15,0.0,Morning,15.0,11.016298,76.972076,11.046298,77.002076,4.6742268124954025,10.0,1,1,Fast (<=20m),On Time
0x52d7,VADRES09DEL03,Vadodara,26.0,25-29,4.8,4.7-5.0,Cloudy,Jam,1,Snack,Scooter,1.0,No,21:20,21:25,21.0,Late Night,5.0,0.0,0.0,0.06,0.06,,29.0,1,1,Standard (21-30m),On Time
0x52e2,JAPRES07DEL02,Jaipur,36.0,35-45,4.8,4.7-5.0,Sandstorms,Medium,0,Buffet,Scooter,1.0,No,18:15,18:20,18.0,Evening,5.0,26.766536,75.837333,26.896536,75.967333,19.373772595112406,36.0,1,0,Slow (>30m),Over 30 Min
0x535a,VADRES02DEL01,Vadodara,29.0,25-29,4.8,4.7-5.0,Windy,Medium,0,Meal,Scooter,0.0,No,15:60,16:15,16.0,Afternoon,15.0,0.0,0.0,0.04,0.04,,12.0,1,1,Fast (<=20m),On Time
0x535e,SURRES02DEL01,Surat,27.0,25-29,4.6,4.2-4.6,Windy,Low,2,Drinks,Bicycle,0.0,No,10:55,10:60,10.0,Morning,5.0,21.186608,72.794136,21.196608,72.804136,1.5202959689517888,12.0,1,1,Fast (<=20m),On Time
0x5374,RANCHIRES06DEL02,Ranchi,22.0,18-24,4.5,4.2-4.6,Stormy,Low,1,Meal,Bicycle,0.0,No,8:20,8:35,8.0,Morning,15.0,23.357804,85.325146,23.377804,85.345146,3.018845428430034,15.0,1,1,Fast (<=20m),On Time
0x5389,BANGRES08DEL02,Bengaluru,25.0,25-29,4.6,4.2-4.6,Fog,Jam,2,Buffet,Bicycle,1.0,No,21:20,21:30,21.0,Late Night,10.0,12.906229,77.596791,12.956229,77.646791,7.763618331391064,33.0,1,0,Slow (>30m),Over 30 Min
0x538f,RANCHIRES01DEL01,Ranchi,22.0,18-24,4.8,4.7-5.0,Stormy,Jam,1,Drinks,Bicycle,1.0,No,19:30,19:35,19.0,Evening,5.0,23.416792,85.316842,23.486792,85.386842,10.562893499322598,28.0,1,1,Standard (21-30m),On Time
0x53a4,JAPRES08DEL03,Jaipur,31.0,30-34,4.7,4.7-5.0,Cloudy,Medium,2,Drinks,Bicycle,1.0,No,18:45,18:55,18.0,Evening,10.0,26.910262,75.783013,26.940262,75.813013,4.4692292119460895,16.0,1,1,Fast (<=20m),On Time
0x53e3,SURRES12DEL01,Surat,25.0,25-29,5.0,4.7-5.0,Sandstorms,Jam,0,Buffet,Scooter,1.0,No,21:25,21:40,21.0,Late Night,15.0,21.183434,72.814492,21.293434,72.924492,16.720787141073956,39.0,1,0,Slow (>30m),Over 30 Min
0x53e7,PUNERES06DEL02,Pune,24.0,18-24,4.8,4.7-5.0,Windy,Jam,1,Meal,Scooter,1.0,No,19:55,20:05,19.0,Evening,10.0,18.546258,73.904337,18.676258,74.034337,19.915613222021893,26.0,1,1,Standard (21-30m),On Time
0x5405,MUMRES15DEL01,Mumbai,30.0,30-34,5.0,4.7-5.0,Cloudy,High,0,Buffet,Scooter,1.0,No,14:20,14:25,14.0,Afternoon,5.0,19.176269,72.836721,19.216269,72.876721,6.117770403806944,27.0,1,1,Standard (21-30m),On Time
0x5408,CHENRES13DEL01,Chennai,22.0,18-24,4.6,4.2-4.6,Fog,High,0,Drinks,Scooter,1.0,No,14:45,14:60,14.0,Afternoon,15.0,13.027018,80.254791,13.067018,80.294791,6.209484754561457,25.0,1,1,Standard (21-30m),On Time
0x5415,SURRES09DEL01,Surat,26.0,25-29,4.8,4.7-5.0,Stormy,Low,1,Snack,Bicycle,0.0,No,9:30,9:35,9.0,Morning,5.0,21.175975,72.795503,21.185975,72.805503,1.5203468277296832,18.0,1,1,Fast (<=20m),On Time
0x542c,RANCHIRES14DEL02,Ranchi,31.0,30-34,4.8,4.7-5.0,Windy,Low,2,Buffet,Bicycle,1.0,No,22:60,23:05,23.0,Late Night,5.0,0.0,0.0,0.05,0.05,,25.0,1,1,Standard (21-30m),On Time
0x5442,VADRES11DEL02,Vadodara,20.0,18-24,4.9,4.7-5.0,Sunny,Jam,1,Meal,Bicycle,1.0,No,20:20,20:25,20.0,Evening,5.0,22.308096,73.167753,22.358096,73.217753,7.5735341951800645,19.0,1,1,Fast (<=20m),On Time
0x54d6,JAPRES010DEL01,Jaipur,35.0,35-45,4.0,Below 4.2,Cloudy,High,1,Drinks,Scooter,1.0,No,12:40,12:50,12.0,Afternoon,10.0,26.921411,75.793604,26.961411,75.833604,5.958594361173487,37.0,1,0,Slow (>30m),Over 30 Min
0x54ec,MYSRES03DEL01,Mysuru,35.0,35-45,4.2,4.2-4.6,Stormy,Jam,2,Drinks,Scooter,1.0,No,20:15,20:20,20.0,Evening,5.0,12.299524,76.64262,12.369524,76.71262,10.881446853176557,44.0,1,0,Slow (>30m),Over 30 Min
0x54f0,CHENRES03DEL02,Chennai,26.0,25-29,4.6,4.2-4.6,Sandstorms,Medium,2,Snack,Bicycle,1.0,No,17:60,18:05,18.0,Evening,5.0,13.091809,80.219104,13.221809,80.349104,20.176442112537828,23.0,1,1,Standard (21-30m),On Time
0x5501,RANCHIRES14DEL03,Ranchi,25.0,25-29,4.9,4.7-5.0,Sandstorms,Jam,0,Buffet,Scooter,1.0,No,21:60,22:15,22.0,Late Night,15.0,0.0,0.0,0.06,0.06,,25.0,1,1,Standard (21-30m),On Time
0x551b,BANGRES04DEL02,Bengaluru,21.0,18-24,4.8,4.7-5.0,Stormy,Jam,0,Buffet,Scooter,0.0,No,21:60,22:10,22.0,Late Night,10.0,12.98041,77.640489,13.06041,77.720489,12.419619195714652,29.0,1,1,Standard (21-30m),On Time
0x551e,HYDRES02DEL02,Hyderabad,28.0,25-29,4.8,4.7-5.0,Cloudy,Low,0,Snack,Scooter,1.0,No,22:20,22:25,22.0,Late Night,5.0,17.41233,78.449654,17.46233,78.499654,7.68413989788609,20.0,1,1,Fast (<=20m),On Time
0x5522,MYSRES03DEL01,Mysuru,34.0,30-34,4.8,4.7-5.0,Sunny,Low,0,Drinks,Scooter,1.0,No,9:50,9:55,9.0,Morning,5.0,12.299524,76.64262,12.309524,76.65262,1.5545792728907764,27.0,1,1,Standard (21-30m),On Time
0x552f,PUNERES17DEL02,Pune,26.0,25-29,5.0,4.7-5.0,Stormy,Medium,1,Buffet,Scooter,1.0,No,17:45,17:50,17.0,Evening,5.0,18.530963,73.828972,18.660963,73.958972,19.91646004358764,21.0,1,1,Standard (21-30m),On Time
0x555a,HYDRES17DEL02,Hyderabad,22.0,18-24,4.8,4.7-5.0,Windy,Low,1,Meal,Bicycle,0.0,No,10:55,11:05,10.0,Morning,10.0,17.451976,78.385883,17.471976,78.405883,3.0734580051729097,15.0,1,1,Fast (<=20m),On Time
0x558a,COIMBRES02DEL01,Coimbatore,35.0,35-45,4.7,4.7-5.0,Sunny,Jam,2,Snack,Bicycle,0.0,No,21:40,21:55,21.0,Late Night,15.0,11.022477,76.995667,11.132477,77.105667,17.13750624913771,27.0,1,1,Standard (21-30m),On Time
0x5599,JAPRES09DEL02,Jaipur,31.0,30-34,4.2,4.2-4.6,Stormy,Low,0,Buffet,Scooter,0.0,No,8:50,9:05,8.0,Morning,15.0,26.911378,75.789034,26.931378,75.809034,2.979531585883249,33.0,1,0,Slow (>30m),Over 30 Min
0x5609,RANCHIRES07DEL02,Ranchi,36.0,35-45,4.9,4.7-5.0,Fog,Low,2,Meal,Motorcycle,1.0,No,22:55,23:10,22.0,Late Night,15.0,23.359407,85.325055,23.439407,85.405055,12.074064175412282,29.0,1,1,Standard (21-30m),On Time
0x560b,PUNERES03DEL02,Pune,29.0,25-29,5.0,4.7-5.0,Sandstorms,Medium,0,Snack,Scooter,1.0,No,17:25,17:30,17.0,Evening,5.0,18.554382,73.798206,18.634382,73.878206,12.256338062364005,39.0,1,0,Slow (>30m),Over 30 Min
0x5636,MUMRES13DEL02,Mumbai,31.0,30-34,3.9,Below 4.2,Stormy,Jam,2,Buffet,Bicycle,1.0,No,19:25,19:40,19.0,Evening,15.0,19.178321,72.834715,19.308321,72.964715,19.880068200027797,40.0,1,0,Slow (>30m),Over 30 Min
0x564c,HYDRES11DEL01,Hyderabad,36.0,35-45,4.1,Below 4.2,Windy,Low,0,Drinks,Scooter,0.0,No,8:20,8:25,8.0,Morning,5.0,17.430448,78.418213,17.440448,78.428213,1.5368355652843537,21.0,1,1,Standard (21-30m),On Time
0x5690,PUNERES15DEL02,Pune,33.0,30-34,4.8,4.7-5.0,Cloudy,Jam,1,Drinks,Bicycle,2.0,No,20:20,20:35,20.0,Evening,15.0,18.636215,73.751081,18.766215,73.881081,19.910619898776698,44.0,1,0,Slow (>30m),Over 30 Min
0x5696,MYSRES11DEL02,Mysuru,27.0,25-29,4.7,4.7-5.0,Sandstorms,Jam,1,Buffet,Scooter,1.0,No,21:40,21:55,21.0,Late Night,15.0,12.323225,76.630028,12.453225,76.760028,20.20637280538157,18.0,1,1,Fast (<=20m),On Time
0x56a0,CHENRES010DEL01,Chennai,20.0,18-24,4.9,4.7-5.0,Sandstorms,Medium,2,Meal,Bicycle,0.0,No,17:30,17:45,17.0,Evening,15.0,13.066762,80.251865,13.176762,80.361865,17.073561273588798,20.0,1,1,Fast (<=20m),On Time
0x56b2,PUNERES20DEL03,Pune,34.0,30-34,4.8,4.7-5.0,Sunny,Jam,2,Buffet,Bicycle,1.0,No,21:10,21:20,21.0,Late Night,10.0,18.592718,73.773572,18.652718,73.833572,9.191529512117134,17.0,1,1,Fast (<=20m),On Time
0x56d4,RANCHIRES16DEL02,Ranchi,34.0,30-34,5.0,4.7-5.0,Sunny,Low,0,Snack,Scooter,1.0,No,23:15,23:30,23.0,Late Night,15.0,23.371292,85.327872,23.501292,85.457872,19.617851658744158,21.0,1,1,Standard (21-30m),On Time
0x56fc,MUMRES13DEL02,Mumbai,27.0,25-29,4.9,4.7-5.0,Fog,Medium,0,Snack,Scooter,0.0,No,18:35,18:45,18.0,Evening,10.0,19.178321,72.834715,19.308321,72.964715,19.880068200027797,37.0,1,0,Slow (>30m),Over 30 Min
0x5748,HYDRES010DEL03,Hyderabad,26.0,25-29,4.7,4.7-5.0,Sunny,Medium,0,Meal,Scooter,1.0,No,18:15,18:20,18.0,Evening,5.0,17.428294,78.404423,17.488294,78.464423,9.220462561579724,15.0,1,1,Fast (<=20m),On Time
0x574d,PUNERES02DEL01,Pune,27.0,25-29,4.6,4.2-4.6,Sunny,Jam,0,Snack,Scooter,0.0,No,19:40,19:50,19.0,Evening,10.0,18.55144,73.804855,18.62144,73.874855,10.724532561380851,15.0,1,1,Fast (<=20m),On Time
0x574f,BANGRES05DEL02,Bengaluru,28.0,25-29,4.8,4.7-5.0,Sunny,Low,2,Meal,Motorcycle,1.0,No,10:40,10:55,10.0,Morning,15.0,12.970324,77.645748,12.990324,77.665748,3.1051492022356912,23.0,1,1,Standard (21-30m),On Time
0x576e,BANGRES08DEL02,Bengaluru,29.0,25-29,4.8,4.7-5.0,Windy,Jam,1,Snack,Bicycle,1.0,No,20:20,20:25,20.0,Evening,5.0,12.906229,77.596791,13.036229,77.726791,20.183826904999393,17.0,1,1,Fast (<=20m),On Time
0x5779,BANGRES17DEL01,Bengaluru,21.0,18-24,4.7,4.7-5.0,Windy,Medium,2,Drinks,Motorcycle,1.0,No,18:50,19:05,18.0,Evening,15.0,12.972532,77.608179,13.082532,77.718179,17.07673656266302,19.0,1,1,Fast (<=20m),On Time
0x578c,MUMRES19DEL03,Mumbai,24.0,18-24,4.8,4.7-5.0,Stormy,Medium,0,Meal,Scooter,1.0,No,18:55,18:60,18.0,Evening,5.0,19.131141,72.813074,19.16114,72.843074,4.588905119140753,24.0,1,1,Standard (21-30m),On Time
0x5794,HYDRES08DEL03,Hyderabad,27.0,25-29,4.6,4.2-4.6,Stormy,Jam,1,Meal,Bicycle,1.0,No,21:35,21:40,21.0,Late Night,5.0,17.438263,78.397865,17.468263,78.427865,4.610292033957847,14.0,1,1,Fast (<=20m),On Time
0x579c,MYSRES07DEL02,Mysuru,21.0,18-24,4.5,4.2-4.6,Fog,Jam,0,Snack,Scooter,1.0,No,19:50,19:55,19.0,Evening,5.0,12.325461,76.632278,12.455461,76.762278,20.206288234149778,38.0,1,0,Slow (>30m),Over 30 Min
0x57a4,INDORES17DEL02,Indore,20.0,18-24,4.5,4.2-4.6,Sunny,Medium,1,Snack,Scooter,1.0,No,18:35,18:45,18.0,Evening,10.0,22.761226,75.887522,22.811226,75.937522,7.562089766375891,10.0,1,1,Fast (<=20m),On Time
0x57b8,SURRES20DEL03,Surat,38.0,35-45,4.3,4.2-4.6,Stormy,Low,0,Snack,Scooter,2.0,No,22:10,22:20,22.0,Late Night,10.0,21.15276,72.778059,21.18276,72.808059,4.561229981782327,33.0,1,0,Slow (>30m),Over 30 Min
0x5815,INDORES08DEL02,Indore,28.0,25-29,4.5,4.2-4.6,Cloudy,Medium,1,Buffet,Bicycle,1.0,No,18:20,18:30,18.0,Evening,10.0,22.725748,75.898497,22.775748,75.948497,7.562992931636466,14.0,1,1,Fast (<=20m),On Time
0x581e,INDORES03DEL01,Indore,32.0,30-34,4.4,4.2-4.6,Fog,Low,0,Snack,Scooter,1.0,No,22:60,23:15,23.0,Late Night,15.0,22.751857,75.866699,22.861857,75.976699,16.635439251997752,41.0,1,0,Slow (>30m),Over 30 Min
0x5824,COIMBRES07DEL02,Coimbatore,22.0,18-24,5.0,4.7-5.0,Stormy,Jam,0,Drinks,Scooter,1.0,No,21:50,21:60,21.0,Late Night,10.0,10.96185,76.971082,11.09185,77.101082,20.255130915879576,35.0,1,0,Slow (>30m),Over 30 Min
0x582a,SURRES05DEL03,Surat,26.0,25-29,4.2,4.2-4.6,Stormy,Jam,0,Buffet,Scooter,1.0,No,19:55,20:10,19.0,Evening,15.0,21.175104,72.804342,21.265104,72.894342,13.68143500948969,31.0,1,0,Slow (>30m),Over 30 Min
0x583c,MUMRES11DEL02,Mumbai,37.0,35-45,4.7,4.7-5.0,Sunny,Jam,1,Meal,Scooter,0.0,No,21:15,21:20,21.0,Late Night,5.0,18.994237,72.825553,19.044237,72.875553,7.651075026630717,24.0,1,1,Standard (21-30m),On Time
0x5868,PUNERES04DEL01,Pune,23.0,18-24,4.7,4.7-5.0,Sunny,Jam,1,Buffet,Bicycle,0.0,No,19:30,19:40,19.0,Evening,10.0,18.51421,73.838429,18.62421,73.948429,16.85364200906326,14.0,1,1,Fast (<=20m),On Time
0x5880,INDORES19DEL01,Indore,39.0,35-45,4.5,4.2-4.6,Stormy,Low,1,Drinks,Scooter,1.0,No,9:15,9:20,9.0,Morning,5.0,22.745536,75.893106,22.755536,75.903106,1.5125997004953078,22.0,1,1,Standard (21-30m),On Time
0x588d,COIMBRES18DEL03,Coimbatore,20.0,18-24,4.6,4.2-4.6,Fog,Low,2,Drinks,Motorcycle,1.0,No,22:15,22:25,22.0,Late Night,10.0,11.02091,76.940432,11.11091,77.030432,14.021868180030813,23.0,1,1,Standard (21-30m),On Time
0x58a,COIMBRES09DEL01,Coimbatore,30.0,30-34,4.7,4.7-5.0,Windy,Medium,1,Snack,Scooter,0.0,No,,15:45,,Unknown,,11.008638,76.984311,11.048638,77.024311,6.232330059202555,29.0,1,1,Standard (21-30m),On Time
0x58bf,JAPRES08DEL03,Jaipur,21.0,18-24,5.0,4.7-5.0,Sandstorms,Medium,1,Drinks,Scooter,1.0,No,18:15,18:30,18.0,Evening,15.0,26.910262,75.783013,27.050262,75.923013,20.851891710080718,17.0,1,1,Fast (<=20m),On Time
0x58e1,HYDRES04DEL03,Hyderabad,31.0,30-34,4.6,4.2-4.6,Cloudy,Medium,0,Snack,Scooter,1.0,No,17:35,17:50,17.0,Evening,15.0,17.411028,78.329645,17.441028,78.359645,4.610620073503543,34.0,1,0,Slow (>30m),Over 30 Min
0x58e9,PUNERES20DEL02,Pune,24.0,18-24,4.9,4.7-5.0,Cloudy,Jam,2,Drinks,Scooter,1.0,No,19:35,19:40,19.0,Evening,5.0,18.592718,73.773572,18.722718,73.903572,19.913037050613386,33.0,1,0,Slow (>30m),Over 30 Min
0x5901,HYDRES05DEL01,Hyderabad,21.0,18-24,4.7,4.7-5.0,Sandstorms,Medium,2,Meal,Scooter,1.0,No,18:20,18:30,18.0,Evening,10.0,17.433809,78.386744,17.503809,78.456744,10.756910313670732,22.0,1,1,Standard (21-30m),On Time
0x5905,INDORES19DEL01,Indore,20.0,18-24,4.7,4.7-5.0,Sunny,Medium,1,Snack,Scooter,1.0,No,17:40,17:55,17.0,Evening,15.0,22.745536,75.893106,22.855536,76.003106,16.635793731913804,15.0,1,1,Fast (<=20m),On Time
0x5936,BANGRES13DEL03,Bengaluru,24.0,18-24,4.9,4.7-5.0,Windy,Medium,1,Buffet,Bicycle,1.0,No,17:50,17:60,17.0,Evening,10.0,12.935662,77.61413,12.995662,77.67413,9.315714872747181,21.0,1,1,Standard (21-30m),On Time
0x5939,VADRES16DEL01,Vadodara,22.0,18-24,4.9,4.7-5.0,Cloudy,Low,2,Drinks,Scooter,1.0,No,23:15,23:25,23.0,Late Night,10.0,0.0,0.0,0.07,0.07,,23.0,1,1,Standard (21-30m),On Time
0x593e,PUNERES02DEL01,Pune,34.0,30-34,4.0,Below 4.2,Fog,Medium,2,Buffet,Bicycle,1.0,No,18:10,18:25,18.0,Evening,15.0,18.55144,73.804855,18.62144,73.874855,10.724532561380851,37.0,1,0,Slow (>30m),Over 30 Min
0x596d,RANCHIRES09DEL01,Ranchi,24.0,18-24,4.8,4.7-5.0,Fog,Low,2,Meal,Bicycle,1.0,No,23:45,23:55,23.0,Late Night,10.0,23.351058,85.325731,23.421058,85.395731,10.565293163965407,25.0,1,1,Standard (21-30m),On Time
0x5971,RANCHIRES05DEL02,Ranchi,27.0,25-29,4.8,4.7-5.0,Stormy,High,2,Drinks,Bicycle,1.0,No,11:20,11:30,11.0,Morning,10.0,23.355164,85.324097,23.375164,85.344097,3.0188729118478177,17.0,1,1,Fast (<=20m),On Time
0x5979,CHENRES05DEL01,Chennai,32.0,30-34,4.0,Below 4.2,Sandstorms,High,2,Buffet,Scooter,1.0,No,12:40,12:50,12.0,Afternoon,10.0,13.058616,80.264151,13.098616,80.304151,6.209097902323237,34.0,1,0,Slow (>30m),Over 30 Min
0x59ae,PUNERES13DEL02,Pune,30.0,30-34,4.6,4.2-4.6,Cloudy,Low,0,Meal,Scooter,0.0,No,8:60,9:15,9.0,Morning,15.0,18.56245,73.916619,18.58245,73.936619,3.064271303614082,20.0,1,1,Fast (<=20m),On Time
0x59b7,SURRES16DEL02,Surat,36.0,35-45,4.8,4.7-5.0,Sunny,Medium,1,Meal,Scooter,1.0,No,18:20,18:30,18.0,Evening,10.0,21.160437,72.774209,21.290437,72.904209,19.761739057359186,19.0,1,1,Fast (<=20m),On Time
0x59c,JAPRES11DEL01,Jaipur,30.0,30-34,4.7,4.7-5.0,Fog,Low,0,Snack,Scooter,1.0,No,,24:10,,Unknown,,26.90294,75.793007,27.01294,75.903007,16.385068457950315,21.0,1,1,Standard (21-30m),On Time
0x59c2,VADRES16DEL02,Vadodara,26.0,25-29,4.4,4.2-4.6,Sandstorms,High,0,Drinks,Scooter,1.0,No,11:55,12:10,11.0,Morning,15.0,0.0,0.0,0.02,0.02,,31.0,1,0,Slow (>30m),Over 30 Min
0x5a0a,PUNERES19DEL01,Pune,38.0,35-45,4.7,4.7-5.0,Stormy,Medium,0,Meal,Scooter,0.0,No,15:20,15:30,15.0,Afternoon,10.0,18.563934,73.915367,18.603935,73.955367,6.128427843391064,25.0,1,1,Standard (21-30m),On Time
0x5a1f,SURRES05DEL01,Surat,28.0,25-29,4.6,4.2-4.6,Stormy,Low,2,Snack,Bicycle,0.0,No,8:20,8:30,8.0,Morning,10.0,21.175104,72.804342,21.185104,72.814342,1.5203509928218242,16.0,1,1,Fast (<=20m),On Time
0x5a2b,INDORES11DEL01,Indore,35.0,35-45,5.0,4.7-5.0,Cloudy,Low,2,Drinks,Bicycle,0.0,No,9:15,9:25,9.0,Morning,10.0,22.751234,75.88949,22.761234,75.89949,1.5125707061329763,15.0,1,1,Fast (<=20m),On Time
0x5a2f,HYDRES12DEL02,Hyderabad,35.0,35-45,4.6,4.2-4.6,Sunny,Medium,1,Drinks,Scooter,0.0,No,18:20,18:30,18.0,Evening,10.0,17.429585,78.392621,17.559585,78.522621,19.975768807926354,15.0,1,1,Fast (<=20m),On Time
0x5a3f,MYSRES12DEL02,Mysuru,34.0,30-34,4.7,4.7-5.0,Sunny,Low,0,Snack,Scooter,1.0,No,23:35,23:45,23.0,Late Night,10.0,12.284747,76.625861,12.364747,76.705861,12.436165633660886,30.0,1,1,Standard (21-30m),On Time
0x5a61,BANGRES13DEL03,Bengaluru,36.0,35-45,4.6,4.2-4.6,Windy,Jam,1,Snack,Bicycle,1.0,No,19:35,19:45,19.0,Evening,10.0,12.935662,77.61413,12.995662,77.67413,9.315714872747181,27.0,1,1,Standard (21-30m),On Time
0x5a72,BANGRES05DEL02,Bengaluru,38.0,35-45,4.7,4.7-5.0,Stormy,Medium,1,Meal,Bicycle,1.0,No,18:20,18:25,18.0,Evening,5.0,12.970324,77.645748,13.020324,77.695748,7.762644588308441,26.0,1,1,Standard (21-30m),On Time
0x5a9e,VADRES19DEL02,Vadodara,21.0,18-24,4.8,4.7-5.0,Windy,Low,2,Buffet,Motorcycle,0.0,No,23:20,23:25,23.0,Late Night,5.0,22.311844,73.165081,22.441844,73.295081,19.688335815159174,14.0,1,1,Fast (<=20m),On Time
0x5aa4,BANGRES12DEL01,Bengaluru,25.0,25-29,4.5,4.2-4.6,Windy,High,1,Snack,Bicycle,1.0,No,14:25,14:30,14.0,Afternoon,5.0,12.939496,77.625999,12.979496,77.665999,6.2105516108570225,16.0,1,1,Fast (<=20m),On Time
0x5aa6,MYSRES16DEL02,Mysuru,20.0,18-24,4.7,4.7-5.0,Cloudy,Jam,0,Meal,Scooter,3.0,No,20:20,20:30,20.0,Evening,10.0,12.316967,76.603067,12.396967,76.683067,12.43541851870101,46.0,1,0,Slow (>30m),Over 30 Min
0x5ab9,COIMBRES17DEL03,Coimbatore,21.0,18-24,4.6,4.2-4.6,Sunny,Medium,0,Drinks,Scooter,1.0,No,17:40,17:50,17.0,Evening,10.0,11.026117,76.944652,11.116117,77.034652,14.02174588051514,24.0,1,1,Standard (21-30m),On Time
0x5afc,RANCHIRES04DEL01,Ranchi,26.0,25-29,4.7,4.7-5.0,Sandstorms,Medium,0,Meal,Scooter,1.0,No,17:60,18:10,18.0,Evening,10.0,23.359033,85.325347,23.429033,85.395347,10.565002335485854,28.0,1,1,Standard (21-30m),On Time
0x5afe,COIMBRES13DEL02,Coimbatore,30.0,30-34,4.7,4.7-5.0,Fog,Low,0,Buffet,Scooter,1.0,No,8:20,8:25,8.0,Morning,5.0,11.003669,76.976494,11.023669,76.996494,3.116242862508908,22.0,1,1,Standard (21-30m),On Time
0x5b0d,PUNERES18DEL02,Pune,31.0,30-34,4.7,4.7-5.0,Cloudy,Low,2,Buffet,Scooter,0.0,No,8:10,8:15,8.0,Morning,5.0,18.593481,73.785901,18.613481,73.805901,3.0640071887652827,15.0,1,1,Fast (<=20m),On Time
0x5b0f,VADRES17DEL02,Vadodara,24.0,18-24,4.7,4.7-5.0,Sunny,Jam,2,Drinks,Scooter,0.0,No,19:40,19:45,19.0,Evening,5.0,0.0,0.0,0.08,0.08,,12.0,1,1,Fast (<=20m),On Time
0x5b10,COIMBRES14DEL01,Coimbatore,35.0,35-45,4.8,4.7-5.0,Stormy,High,2,Drinks,Motorcycle,1.0,No,12:50,12:60,12.0,Afternoon,10.0,11.003681,76.975525,11.043681,77.015525,6.232381613027887,28.0,1,1,Standard (21-30m),On Time
0x5b4e,COIMBRES05DEL02,Coimbatore,36.0,35-45,4.3,4.2-4.6,Stormy,Jam,2,Snack,Scooter,1.0,No,20:15,20:30,20.0,Evening,15.0,11.022169,76.999594,11.152169,77.129594,20.25308656666775,31.0,1,0,Slow (>30m),Over 30 Min
0x5b72,INDORES03DEL01,Indore,21.0,18-24,4.5,4.2-4.6,Sunny,High,0,Snack,Scooter,2.0,Yes,12:30,12:45,12.0,Afternoon,15.0,22.751857,75.866699,22.791857,75.906699,6.049964616501965,52.0,1,0,Slow (>30m),Over 30 Min
0x5b8,CHENRES01DEL03,Chennai,30.0,30-34,4.7,4.7-5.0,Unknown,Unknown,2,Meal,Bicycle,1.0,No,,20:10,,Unknown,,13.005801,80.250744,13.065801,80.310744,9.314432663239854,11.0,1,1,Fast (<=20m),On Time
0x5bc6,COIMBRES16DEL01,Coimbatore,23.0,18-24,4.7,4.7-5.0,Sandstorms,Low,1,Buffet,Bicycle,1.0,No,10:25,10:40,10.0,Morning,15.0,11.010375,76.95295,11.020375,76.96295,1.558117003449649,12.0,1,1,Fast (<=20m),On Time
0x5bcf,RANCHIRES01DEL03,Ranchi,23.0,18-24,4.8,4.7-5.0,Cloudy,Low,1,Buffet,Scooter,1.0,No,23:15,23:30,23.0,Late Night,15.0,23.416792,85.316842,23.506792,85.406842,13.580392634292197,23.0,1,1,Standard (21-30m),On Time
0x5be6,MYSRES13DEL02,Mysuru,22.0,18-24,4.5,4.2-4.6,Fog,Jam,0,Snack,Scooter,1.0,No,20:40,20:55,20.0,Evening,15.0,12.310972,76.659264,12.390972,76.739264,12.435557672161545,47.0,1,0,Slow (>30m),Over 30 Min
0x5bea,MUMRES14DEL01,Mumbai,20.0,18-24,4.8,4.7-5.0,Windy,High,0,Drinks,Scooter,1.0,No,14:15,14:30,14.0,Afternoon,15.0,19.1813,72.836191,19.2213,72.876191,6.117682222910815,16.0,1,1,Fast (<=20m),On Time
0x5c00,MYSRES09DEL02,Mysuru,38.0,35-45,4.6,4.2-4.6,Stormy,Low,1,Snack,Bicycle,1.0,No,10:40,10:45,10.0,Morning,5.0,12.323194,76.630583,12.343194,76.650583,3.108992624083365,26.0,1,1,Standard (21-30m),On Time
0x5c19,SURRES18DEL03,Surat,20.0,18-24,4.6,4.2-4.6,Fog,Low,0,Snack,Scooter,1.0,No,23:55,24:10,23.0,Late Night,15.0,21.149834,72.778666,21.239834,72.868666,13.682523785997287,20.0,1,1,Fast (<=20m),On Time
0x5c2a,JAPRES19DEL03,Jaipur,21.0,18-24,5.0,4.7-5.0,Fog,Medium,1,Buffet,Bicycle,0.0,No,17:10,17:15,17.0,Evening,5.0,26.913726,75.75282,26.943726,75.78282,4.4691684319534986,12.0,1,1,Fast (<=20m),On Time
0x5c2c,JAPRES18DEL01,Jaipur,25.0,25-29,4.5,4.2-4.6,Fog,Low,2,Drinks,Bicycle,1.0,No,23:30,23:35,23.0,Late Night,5.0,26.913987,75.752891,27.023987,75.862891,16.384356975098516,27.0,1,1,Standard (21-30m),On Time
0x5c39,MUMRES06DEL02,Mumbai,31.0,30-34,4.3,4.2-4.6,Sandstorms,Jam,1,Snack,Bicycle,0.0,No,20:25,20:40,20.0,Evening,15.0,19.055831,72.833984,19.185831,72.963984,19.88704030493894,35.0,1,0,Slow (>30m),Over 30 Min
0x5c3d,BANGRES09DEL02,Bengaluru,29.0,25-29,4.8,4.7-5.0,Sandstorms,Medium,1,Buffet,Scooter,1.0,No,18:40,18:55,18.0,Evening,15.0,12.934179,77.615797,13.014179,77.695797,12.42074577514667,26.0,1,1,Standard (21-30m),On Time
0x5c4d,HYDRES07DEL01,Hyderabad,21.0,18-24,4.8,4.7-5.0,Sunny,Medium,1,Drinks,Bicycle,1.0,No,17:35,17:45,17.0,Evening,10.0,17.424114,78.347554,17.534114,78.457554,16.903259251263673,12.0,1,1,Fast (<=20m),On Time
0x5c5d,INDORES02DEL01,Indore,22.0,18-24,4.6,4.2-4.6,Fog,Low,2,Snack,Bicycle,1.0,No,22:50,22:60,22.0,Late Night,10.0,22.651847,75.881991,22.721847,75.951991,10.59046301922267,27.0,1,1,Standard (21-30m),On Time
0x5c61,PUNERES14DEL03,Pune,32.0,30-34,4.4,4.2-4.6,Windy,Jam,0,Drinks,Scooter,1.0,No,21:15,21:30,21.0,Late Night,15.0,18.516216,73.842527,18.576216,73.902527,9.193482578338074,48.0,1,0,Slow (>30m),Over 30 Min
0x5c6b,SURRES19DEL01,Surat,36.0,35-45,4.6,4.2-4.6,Cloudy,Jam,0,Snack,Scooter,3.0,No,20:35,20:50,20.0,Evening,15.0,21.149669,72.772629,21.259669,72.882629,16.722566253467377,50.0,1,0,Slow (>30m),Over 30 Min
0x5c9c,HYDRES02DEL02,Hyderabad,20.0,18-24,4.5,4.2-4.6,Cloudy,Medium,0,Meal,Scooter,1.0,No,18:50,18:60,18.0,Evening,10.0,17.41233,78.449654,17.49233,78.529654,12.29414151179164,38.0,1,0,Slow (>30m),Over 30 Min
0x5cae,PUNERES15DEL02,Pune,30.0,30-34,4.9,4.7-5.0,Fog,Low,1,Snack,Scooter,0.0,No,23:55,24:05,23.0,Late Night,10.0,18.636215,73.751081,18.766215,73.881081,19.910619898776698,29.0,1,1,Standard (21-30m),On Time
0x5d13,VADRES19DEL01,Vadodara,29.0,25-29,4.7,4.7-5.0,Stormy,Jam,1,Snack,Scooter,0.0,No,20:25,20:40,20.0,Evening,15.0,22.311844,73.165081,22.381844,73.235081,10.602465587615486,22.0,1,1,Standard (21-30m),On Time
0x5d38,BANGRES13DEL02,Bengaluru,23.0,18-24,4.8,4.7-5.0,Sunny,Medium,0,Meal,Scooter,1.0,No,18:30,18:45,18.0,Evening,15.0,12.935662,77.61413,13.015662,77.69413,12.420709696156264,22.0,1,1,Standard (21-30m),On Time
0x5d59,INDORES14DEL02,Indore,37.0,35-45,5.0,4.7-5.0,Sunny,Jam,1,Meal,Scooter,1.0,No,20:35,20:50,20.0,Evening,15.0,22.761593,75.886362,22.841593,75.966362,12.098716647715964,23.0,1,1,Standard (21-30m),On Time
0x5d6d,BANGRES19DEL01,Bengaluru,23.0,18-24,4.4,4.2-4.6,Sandstorms,Low,0,Drinks,Scooter,1.0,No,8:30,8:45,8.0,Morning,15.0,12.914264,77.6784,12.924264,77.6884,1.552759947015296,26.0,1,1,Standard (21-30m),On Time
0x5d7a,JAPRES09DEL01,Jaipur,20.0,18-24,5.0,4.7-5.0,Sunny,Medium,0,Snack,Scooter,1.0,No,18:60,19:15,19.0,Evening,15.0,26.911378,75.789034,26.981378,75.859034,10.427336293463465,22.0,1,1,Standard (21-30m),On Time
0x5d92,PUNERES09DEL03,Pune,24.0,18-24,4.7,4.7-5.0,Windy,Jam,0,Buffet,Scooter,0.0,No,21:20,21:35,21.0,Late Night,15.0,18.536562,73.896485,18.626562,73.986485,13.78887113591706,38.0,1,0,Slow (>30m),Over 30 Min
0x5da8,VADRES14DEL01,Vadodara,30.0,30-34,4.6,4.2-4.6,Windy,High,1,Buffet,Scooter,1.0,No,13:10,13:15,13.0,Afternoon,5.0,22.311603,73.165012,22.351603,73.205012,6.058857313368998,29.0,1,1,Standard (21-30m),On Time
0x5db,HYDRES06DEL01,Hyderabad,30.0,30-34,4.7,4.7-5.0,Cloudy,Medium,0,Buffet,Scooter,0.0,Yes,17:45,17:55,17.0,Evening,10.0,17.455894,78.375467,17.525894,78.445467,10.7562883114948,47.0,1,0,Slow (>30m),Over 30 Min
0x5dc2,JAPRES09DEL02,Jaipur,32.0,30-34,4.7,4.7-5.0,Sunny,Jam,2,Snack,Bicycle,1.0,No,21:55,22:10,21.0,Late Night,15.0,26.911378,75.789034,26.991378,75.869034,11.916721465131658,16.0,1,1,Fast (<=20m),On Time
0x5dda,PUNERES16DEL02,Pune,32.0,30-34,5.0,4.7-5.0,Sunny,Medium,0,Drinks,Scooter,0.0,No,17:60,18:15,18.0,Evening,15.0,18.536718,73.830327,18.586718,73.880327,7.660906245921597,21.0,1,1,Standard (21-30m),On Time
0x5dfa,VADRES16DEL03,Vadodara,38.0,35-45,4.7,4.7-5.0,Sandstorms,Medium,2,Buffet,Motorcycle,1.0,No,18:60,19:15,19.0,Evening,15.0,0.0,0.0,0.06,0.06,,27.0,1,1,Standard (21-30m),On Time
0x5dff,INDORES02DEL01,Indore,35.0,35-45,4.9,4.7-5.0,Cloudy,Low,0,Meal,Scooter,1.0,No,8:35,8:40,8.0,Morning,5.0,22.651847,75.881991,22.661847,75.891991,1.5130755456755944,25.0,1,1,Standard (21-30m),On Time
0x5e09,MYSRES03DEL01,Mysuru,30.0,30-34,3.6,Below 4.2,Stormy,Jam,1,Snack,Bicycle,1.0,No,21:60,22:15,22.0,Late Night,15.0,12.299524,76.64262,12.409524,76.75262,17.098777725980558,42.0,1,0,Slow (>30m),Over 30 Min
0x5e41,SURRES05DEL03,Surat,36.0,35-45,4.5,4.2-4.6,Windy,Medium,1,Drinks,Scooter,1.0,No,18:55,18:60,18.0,Evening,5.0,21.175104,72.804342,21.265104,72.894342,13.68143500948969,22.0,1,1,Standard (21-30m),On Time
0x5e51,COIMBRES01DEL02,Coimbatore,30.0,30-34,4.7,4.7-5.0,Stormy,Low,2,Snack,Bicycle,1.0,No,22:15,22:20,22.0,Late Night,5.0,11.016298,76.972076,11.096298,77.052076,12.464083525896203,27.0,1,1,Standard (21-30m),On Time
0x5e62,HYDRES20DEL03,Hyderabad,25.0,25-29,4.8,4.7-5.0,Sandstorms,Medium,0,Buffet,Scooter,1.0,No,18:10,18:15,18.0,Evening,5.0,17.483216,78.552111,17.513216,78.582111,4.609749555639494,22.0,1,1,Standard (21-30m),On Time
0x5e90,CHENRES09DEL02,Chennai,39.0,35-45,4.9,4.7-5.0,Sunny,Low,1,Snack,Bicycle,0.0,No,8:45,8:60,8.0,Morning,15.0,13.044694,80.26147,13.064694,80.28147,3.1046954579219928,13.0,1,1,Fast (<=20m),On Time
0x5e9b,MYSRES01DEL01,Mysuru,39.0,35-45,3.8,Below 4.2,Windy,Jam,1,Snack,Scooter,2.0,No,20:20,20:25,20.0,Evening,5.0,12.311072,76.654878,12.381072,76.724878,10.881212560996568,44.0,1,0,Slow (>30m),Over 30 Min
0x5e9e,RANCHIRES18DEL02,Ranchi,21.0,18-24,4.5,4.2-4.6,Sunny,Jam,0,Drinks,Scooter,1.0,No,19:20,19:35,19.0,Evening,15.0,23.351489,85.324253,23.481489,85.454253,19.619194592452725,20.0,1,1,Fast (<=20m),On Time
0x5ec8,SURRES01DEL03,Surat,28.0,25-29,4.8,4.7-5.0,Cloudy,Medium,0,Drinks,Scooter,1.0,No,17:55,17:60,17.0,Evening,5.0,21.186438,72.794115,21.246438,72.854115,9.12106240502924,29.0,1,1,Standard (21-30m),On Time
0x5ed6,SURRES14DEL01,Surat,28.0,25-29,4.7,4.7-5.0,Sandstorms,Medium,0,Meal,Scooter,1.0,No,15:25,15:40,15.0,Afternoon,15.0,21.157729,72.768726,21.197729,72.808726,6.0814493118037065,29.0,1,1,Standard (21-30m),On Time
0x5ef7,PUNERES06DEL02,Pune,32.0,30-34,4.2,4.2-4.6,Windy,Medium,0,Snack,Scooter,2.0,No,18:25,18:30,18.0,Evening,5.0,18.546258,73.904337,18.676258,74.034337,19.915613222021893,36.0,1,0,Slow (>30m),Over 30 Min
0x5efb,RANCHIRES19DEL01,Ranchi,22.0,18-24,4.6,4.2-4.6,Fog,Low,1,Drinks,Bicycle,1.0,No,8:45,8:60,8.0,Morning,15.0,23.333017,85.3172,23.343017,85.3272,1.5095776893813329,15.0,1,1,Fast (<=20m),On Time
0x5f1,CHENRES12DEL03,Chennai,30.0,30-34,4.7,4.7-5.0,Windy,Jam,0,Meal,Scooter,1.0,No,,21:50,,Unknown,,12.972793,80.249982,13.002793,80.279982,4.657655599329835,31.0,1,0,Slow (>30m),Over 30 Min
0x5f12,RANCHIRES16DEL01,Ranchi,30.0,30-34,4.7,4.7-5.0,Cloudy,Medium,0,Snack,Scooter,1.0,No,15:60,16:15,16.0,Afternoon,15.0,23.371292,85.327872,23.411292,85.367872,6.037201514421013,26.0,1,1,Standard (21-30m),On Time
0x5f86,INDORES03DEL01,Indore,24.0,18-24,4.7,4.7-5.0,Sunny,High,1,Drinks,Scooter,0.0,No,12:20,12:30,12.0,Afternoon,10.0,22.751857,75.866699,22.791857,75.906699,6.049964616501965,10.0,1,1,Fast (<=20m),On Time
0x5fae,HYDRES11DEL01,Hyderabad,23.0,18-24,4.0,Below 4.2,Fog,Jam,2,Drinks,Bicycle,1.0,No,21:55,22:10,21.0,Late Night,15.0,17.430448,78.418213,17.500448,78.488213,10.757004909623614,38.0,1,0,Slow (>30m),Over 30 Min
0x5fc,INDORES11DEL03,Indore,30.0,30-34,4.7,4.7-5.0,Unknown,Unknown,3,Buffet,Bicycle,0.0,No,,20:40,,Unknown,,22.751234,75.88949,22.781234,75.91949,4.537559382266904,28.0,1,1,Standard (21-30m),On Time
0x5fdf,INDORES14DEL01,Indore,22.0,18-24,4.8,4.7-5.0,Fog,Low,1,Buffet,Bicycle,0.0,No,23:60,24:05,0.0,Morning,5.0,22.761593,75.886362,22.831593,75.956362,10.586555626874734,22.0,1,1,Standard (21-30m),On Time
0x5ffb,RANCHIRES13DEL01,Ranchi,36.0,35-45,4.9,4.7-5.0,Windy,Medium,0,Buffet,Scooter,2.0,No,16:15,16:25,16.0,Afternoon,10.0,23.374989,85.335486,23.414989,85.375486,6.037124465552408,34.0,1,0,Slow (>30m),Over 30 Min
0x6008,BANGRES02DEL01,Bengaluru,34.0,30-34,4.6,4.2-4.6,Sandstorms,High,0,Snack,Scooter,1.0,No,14:10,14:15,14.0,Afternoon,5.0,12.970221,77.645396,13.010221,77.685396,6.210177867953917,36.0,1,0,Slow (>30m),Over 30 Min
0x604e,JAPRES04DEL03,Jaipur,35.0,35-45,4.6,4.2-4.6,Sunny,Jam,0,Drinks,Scooter,1.0,No,19:50,19:55,19.0,Evening,5.0,26.902328,75.794257,26.962328,75.854257,8.93821017952359,26.0,1,1,Standard (21-30m),On Time
0x6050,MYSRES16DEL02,Mysuru,34.0,30-34,4.9,4.7-5.0,Sunny,Low,2,Drinks,Motorcycle,1.0,No,23:60,24:15,0.0,Morning,15.0,12.316967,76.603067,12.366967,76.653067,7.7723543300824565,11.0,1,1,Fast (<=20m),On Time
0x605e,PUNERES17DEL03,Pune,37.0,35-45,5.0,4.7-5.0,Windy,Medium,0,Meal,Scooter,2.0,No,18:35,18:40,18.0,Evening,5.0,18.530963,73.828972,18.560963,73.858972,4.596744619902203,35.0,1,0,Slow (>30m),Over 30 Min
0x6065,JAPRES010DEL03,Jaipur,37.0,35-45,4.1,Below 4.2,Stormy,Jam,0,Meal,Scooter,1.0,No,19:30,19:35,19.0,Evening,5.0,26.921411,75.793604,27.061411,75.933604,20.850977224868476,35.0,1,0,Slow (>30m),Over 30 Min
0x6097,MYSRES19DEL02,Mysuru,27.0,25-29,4.6,4.2-4.6,Sandstorms,Medium,2,Drinks,Motorcycle,1.0,No,18:60,19:15,19.0,Evening,15.0,12.334022,76.618203,12.464022,76.748203,20.205964299814095,20.0,1,1,Fast (<=20m),On Time
0x60e1,MUMRES01DEL01,Mumbai,22.0,18-24,4.8,4.7-5.0,Sandstorms,Low,1,Snack,Bicycle,1.0,No,9:15,9:25,9.0,Morning,10.0,19.12663,72.829976,19.13663,72.839976,1.5297253982538181,15.0,1,1,Fast (<=20m),On Time
0x6148,INDORES18DEL03,Indore,31.0,30-34,4.9,4.7-5.0,Sunny,Jam,2,Buffet,Bicycle,0.0,No,21:45,21:50,21.0,Late Night,5.0,22.753839,75.897429,22.783839,75.927429,4.5375195943230615,17.0,1,1,Fast (<=20m),On Time
0x6155,RANCHIRES20DEL02,Ranchi,20.0,18-24,5.0,4.7-5.0,Sunny,Low,2,Snack,Bicycle,0.0,No,10:40,10:50,10.0,Morning,10.0,23.39925,85.390464,23.41925,85.410464,3.018413614416182,22.0,1,1,Standard (21-30m),On Time
0x6156,JAPRES010DEL03,Jaipur,35.0,35-45,4.9,4.7-5.0,Fog,Jam,2,Drinks,Bicycle,1.0,No,21:30,21:45,21.0,Late Night,15.0,26.921411,75.793604,27.011411,75.883604,13.405519336222898,43.0,1,0,Slow (>30m),Over 30 Min
0x6181,SURRES08DEL01,Surat,30.0,30-34,4.7,4.7-5.0,Sandstorms,Jam,1,Drinks,Bicycle,1.0,No,,22:05,,Unknown,,21.173343,72.792731,21.283343,72.902731,16.721319106241054,44.0,1,0,Slow (>30m),Over 30 Min
0x618b,HYDRES18DEL02,Hyderabad,30.0,30-34,4.7,4.7-5.0,Fog,Medium,0,Drinks,Scooter,1.0,No,,18:10,,Unknown,,17.450851,78.379347,17.500851,78.429347,7.683365912633278,29.0,1,1,Standard (21-30m),On Time
0x618f,COIMBRES16DEL01,Coimbatore,30.0,30-34,4.7,4.7-5.0,Windy,Medium,2,Snack,Motorcycle,1.0,No,,15:55,,Unknown,,11.010375,76.95295,11.050375,76.99295,6.23231198873087,33.0,1,0,Slow (>30m),Over 30 Min
0x6192,RANCHIRES010DEL03,Ranchi,30.0,30-34,4.7,4.7-5.0,Sunny,Medium,1,Buffet,Bicycle,0.0,No,,19:15,,Unknown,,23.354422,85.3329,23.384422,85.3629,4.528242852115801,15.0,1,1,Fast (<=20m),On Time
0x6194,BANGRES20DEL02,Bengaluru,30.0,30-34,4.7,4.7-5.0,Windy,Low,0,Snack,Scooter,0.0,No,23:45,23:60,23.0,Late Night,15.0,12.972161,77.596014,13.102161,77.726014,20.181214750663845,17.0,1,1,Fast (<=20m),On Time
0x61bf,INDORES18DEL02,Indore,25.0,25-29,4.6,4.2-4.6,Windy,High,2,Meal,Bicycle,1.0,No,11:15,11:30,11.0,Morning,15.0,22.753839,75.897429,22.773839,75.917429,3.0250639876679455,21.0,1,1,Standard (21-30m),On Time
0x61d0,CHENRES16DEL03,Chennai,39.0,35-45,4.7,4.7-5.0,Sunny,Jam,2,Buffet,Bicycle,0.0,No,21:20,21:25,21.0,Late Night,5.0,13.049645,80.242268,13.139645,80.332268,13.970027285770882,18.0,1,1,Fast (<=20m),On Time
0x61d6,JAPRES08DEL03,Jaipur,27.0,25-29,4.9,4.7-5.0,Fog,Low,1,Meal,Scooter,0.0,No,22:25,22:30,22.0,Late Night,5.0,26.910262,75.783013,27.000262,75.873013,13.406106787958063,29.0,1,1,Standard (21-30m),On Time
0x61da,VADRES03DEL01,Vadodara,24.0,18-24,4.5,4.2-4.6,Cloudy,Low,0,Buffet,Scooter,1.0,No,9:25,9:40,9.0,Morning,15.0,22.32,73.17,22.33,73.18,1.5147474093706343,19.0,1,1,Fast (<=20m),On Time
0x61e4,SURRES02DEL01,Surat,36.0,35-45,4.4,4.2-4.6,Fog,Medium,1,Snack,Scooter,0.0,No,17:55,17:60,17.0,Evening,5.0,21.186608,72.794136,21.296608,72.904136,16.72061977214888,40.0,1,0,Slow (>30m),Over 30 Min
0x61f9,MYSRES15DEL02,Mysuru,33.0,30-34,4.7,4.7-5.0,Sunny,Jam,1,Drinks,Bicycle,1.0,No,19:25,19:30,19.0,Evening,5.0,12.352058,76.60665,12.482058,76.73665,20.205281143977334,19.0,1,1,Fast (<=20m),On Time
0x6241,CHENRES08DEL02,Chennai,32.0,30-34,4.3,4.2-4.6,Stormy,Low,0,Snack,Scooter,1.0,No,8:20,8:30,8.0,Morning,10.0,13.022394,80.242439,13.042394,80.262439,3.1048317741708567,20.0,1,1,Fast (<=20m),On Time
0x624c,MUMRES06DEL02,Mumbai,28.0,25-29,4.6,4.2-4.6,Fog,Low,1,Meal,Scooter,0.0,No,23:20,23:35,23.0,Late Night,15.0,19.055831,72.833984,19.135831,72.913984,12.239052432592187,29.0,1,1,Standard (21-30m),On Time
0x625,VADRES03DEL02,Vadodara,30.0,30-34,4.7,4.7-5.0,Unknown,Unknown,3,Snack,Bicycle,1.0,No,,18:55,,Unknown,,22.32,73.17,22.45,73.3,19.68780388809535,38.0,1,0,Slow (>30m),Over 30 Min
0x6262,RANCHIRES09DEL02,Ranchi,31.0,30-34,5.0,4.7-5.0,Windy,Medium,0,Buffet,Scooter,1.0,No,17:25,17:35,17.0,Evening,10.0,23.351058,85.325731,23.401058,85.375731,7.546898552269062,31.0,1,0,Slow (>30m),Over 30 Min
0x628c,BANGRES15DEL02,Bengaluru,31.0,30-34,4.8,4.7-5.0,Sandstorms,Low,1,Snack,Bicycle,0.0,No,22:15,22:25,22.0,Late Night,10.0,12.975377,77.696664,13.025377,77.746664,7.762567626458704,24.0,1,1,Standard (21-30m),On Time
0x6291,COIMBRES08DEL02,Coimbatore,29.0,25-29,4.7,4.7-5.0,Sandstorms,Jam,2,Meal,Bicycle,0.0,No,19:45,19:50,19.0,Evening,5.0,11.001852,76.976268,11.081852,77.056268,12.464384613566184,24.0,1,1,Standard (21-30m),On Time
0x6295,PUNERES17DEL02,Pune,27.0,25-29,5.0,4.7-5.0,Stormy,Medium,1,Buffet,Bicycle,1.0,No,17:55,18:05,17.0,Evening,10.0,18.530963,73.828972,18.580963,73.878972,7.661028528490158,23.0,1,1,Standard (21-30m),On Time
0x62a1,PUNERES17DEL01,Pune,34.0,30-34,4.7,4.7-5.0,Fog,Low,0,Drinks,Scooter,1.0,No,23:15,23:30,23.0,Late Night,15.0,18.530963,73.828972,18.600963,73.898972,10.725142213576138,39.0,1,0,Slow (>30m),Over 30 Min
0x62af,HYDRES18DEL01,Hyderabad,24.0,18-24,4.8,4.7-5.0,Stormy,High,0,Drinks,Scooter,1.0,No,12:45,12:55,12.0,Afternoon,10.0,17.450851,78.379347,17.490851,78.419347,6.146773217614508,24.0,1,1,Standard (21-30m),On Time
0x62bf,BANGRES01DEL02,Bengaluru,29.0,25-29,4.5,4.2-4.6,Cloudy,Low,0,Meal,Scooter,1.0,No,9:20,9:25,9.0,Morning,5.0,12.933284,77.615428,12.953284,77.635428,3.1053742651808514,20.0,1,1,Fast (<=20m),On Time
0x62c7,RANCHIRES11DEL03,Ranchi,28.0,25-29,4.7,4.7-5.0,Cloudy,Medium,1,Meal,Bicycle,0.0,No,18:50,18:60,18.0,Evening,10.0,23.359194,85.325447,23.389194,85.355447,4.528168320170964,10.0,1,1,Fast (<=20m),On Time
0x62ce,CHENRES13DEL02,Chennai,21.0,18-24,4.1,Below 4.2,Windy,Jam,0,Snack,Scooter,1.0,No,20:55,20:60,20.0,Evening,5.0,13.027018,80.254791,13.107018,80.334791,12.418479552738328,33.0,1,0,Slow (>30m),Over 30 Min
0x62d8,CHENRES14DEL02,Chennai,39.0,35-45,4.6,4.2-4.6,Fog,Low,0,Meal,Scooter,1.0,No,22:35,22:40,22.0,Late Night,5.0,13.026279,80.174568,13.076279,80.224568,7.7617907471360565,25.0,1,1,Standard (21-30m),On Time
0x630,CHENRES20DEL01,Chennai,30.0,30-34,4.7,4.7-5.0,Fog,Jam,1,Meal,Scooter,1.0,No,,20:30,,Unknown,,12.975996,80.221898,13.085996,80.331898,17.076620222644703,33.0,1,0,Slow (>30m),Over 30 Min
0x6300,SURRES04DEL03,Surat,21.0,18-24,4.5,4.2-4.6,Sunny,Jam,2,Meal,Motorcycle,0.0,No,19:10,19:15,19.0,Evening,5.0,21.173493,72.801953,21.203493,72.831953,4.560932577885813,14.0,1,1,Fast (<=20m),On Time
0x6317,SURRES11DEL03,Surat,20.0,18-24,4.9,4.7-5.0,Sunny,Low,1,Meal,Bicycle,0.0,No,23:20,23:30,23.0,Late Night,10.0,21.157735,72.768778,21.187735,72.798778,4.561158641341747,21.0,1,1,Standard (21-30m),On Time
0x631e,HYDRES18DEL02,Hyderabad,30.0,30-34,4.8,4.7-5.0,Stormy,Low,1,Snack,Scooter,0.0,No,8:15,8:25,8.0,Morning,10.0,17.450851,78.379347,17.470851,78.399347,3.0734670491164913,23.0,1,1,Standard (21-30m),On Time
0x6322,RANCHIRES14DEL03,Ranchi,25.0,25-29,4.9,4.7-5.0,Sandstorms,Low,1,Meal,Scooter,1.0,No,23:35,23:50,23.0,Late Night,15.0,0.0,0.0,0.06,0.06,,16.0,1,1,Fast (<=20m),On Time
0x632e,CHENRES11DEL03,Chennai,21.0,18-24,4.9,4.7-5.0,Fog,Jam,0,Meal,Scooter,1.0,No,19:10,19:15,19.0,Evening,5.0,13.064181,80.236442,13.154181,80.326442,13.969625723326796,48.0,1,0,Slow (>30m),Over 30 Min
0x635e,COIMBRES07DEL01,Coimbatore,27.0,25-29,4.6,4.2-4.6,Sandstorms,Low,2,Buffet,Bicycle,0.0,No,22:20,22:25,22.0,Late Night,5.0,10.96185,76.971082,11.03185,77.041082,10.907155217151752,11.0,1,1,Fast (<=20m),On Time
0x6367,SURRES19DEL02,Surat,31.0,30-34,4.9,4.7-5.0,Fog,Medium,0,Snack,Scooter,3.0,No,18:45,18:55,18.0,Evening,10.0,21.149669,72.772629,21.229669,72.852629,12.162441245233454,45.0,1,0,Slow (>30m),Over 30 Min
0x636c,MYSRES010DEL01,Mysuru,26.0,25-29,4.8,4.7-5.0,Cloudy,Low,2,Snack,Motorcycle,1.0,No,9:50,9:60,9.0,Morning,10.0,12.321214,76.621094,12.331214,76.631094,1.5545165293736782,16.0,1,1,Fast (<=20m),On Time
0x637c,RANCHIRES14DEL01,Ranchi,26.0,25-29,4.8,4.7-5.0,Sandstorms,Medium,2,Meal,Bicycle,1.0,No,18:30,18:35,18.0,Evening,5.0,0.0,0.0,0.07,0.07,,29.0,1,1,Standard (21-30m),On Time
0x6389,COIMBRES15DEL03,Coimbatore,26.0,25-29,5.0,4.7-5.0,Sandstorms,Jam,2,Buffet,Scooter,1.0,No,21:60,22:10,22.0,Late Night,10.0,11.006686,76.951736,11.066686,77.011736,9.348369331800264,23.0,1,1,Standard (21-30m),On Time
0x6396,HYDRES09DEL03,Hyderabad,25.0,25-29,3.4,Below 4.2,Sunny,Low,1,Buffet,Scooter,0.0,No,23:40,23:45,23.0,Late Night,5.0,17.431668,78.408321,17.521668,78.498321,13.830028414254176,34.0,1,0,Slow (>30m),Over 30 Min
0x639b,CHENRES03DEL03,Chennai,31.0,30-34,4.5,4.2-4.6,Sandstorms,Jam,1,Buffet,Bicycle,1.0,No,21:55,21:60,21.0,Late Night,5.0,13.091809,80.219104,13.181809,80.309104,13.96886131654743,25.0,1,1,Standard (21-30m),On Time
0x63bb,RANCHIRES03DEL03,Ranchi,36.0,35-45,4.8,4.7-5.0,Sunny,Jam,0,Buffet,Scooter,1.0,No,21:30,21:40,21.0,Late Night,10.0,0.0,0.0,0.06,0.06,,28.0,1,1,Standard (21-30m),On Time
0x63d2,MUMRES16DEL03,Mumbai,22.0,18-24,4.6,4.2-4.6,Cloudy,Low,0,Snack,Scooter,0.0,No,23:55,24:05,23.0,Late Night,10.0,19.120083,72.907385,19.210083,72.997385,13.766211455316668,22.0,1,1,Standard (21-30m),On Time
0x63f6,INDORES18DEL03,Indore,30.0,30-34,4.5,4.2-4.6,Cloudy,Jam,1,Buffet,Scooter,1.0,No,19:50,19:60,19.0,Evening,10.0,22.753839,75.897429,22.813838,75.957429,9.074498850550262,30.0,1,1,Standard (21-30m),On Time
0x6408,JAPRES07DEL03,Jaipur,22.0,18-24,4.6,4.2-4.6,Sunny,Medium,1,Meal,Bicycle,1.0,No,18:20,18:35,18.0,Evening,15.0,26.766536,75.837333,26.796536,75.867333,4.471745586608768,16.0,1,1,Fast (<=20m),On Time
0x640d,MYSRES09DEL02,Mysuru,20.0,18-24,4.8,4.7-5.0,Stormy,Low,2,Snack,Bicycle,0.0,No,23:10,23:25,23.0,Late Night,15.0,12.323194,76.630583,12.373194,76.680583,7.772264055939685,10.0,1,1,Fast (<=20m),On Time
0x6425,CHENRES11DEL02,Chennai,37.0,35-45,4.7,4.7-5.0,Stormy,Low,1,Drinks,Scooter,0.0,No,8:25,8:35,8.0,Morning,10.0,13.064181,80.236442,13.084181,80.256442,3.1045761547624795,25.0,1,1,Standard (21-30m),On Time
0x6428,PUNERES03DEL01,Pune,33.0,30-34,4.8,4.7-5.0,Stormy,Low,1,Buffet,Scooter,0.0,No,23:10,23:25,23.0,Late Night,15.0,18.554382,73.798206,18.624382,73.868206,10.724444920492715,15.0,1,1,Fast (<=20m),On Time
0x6435,COIMBRES07DEL03,Coimbatore,27.0,25-29,4.0,Below 4.2,Fog,Jam,1,Drinks,Bicycle,2.0,No,19:50,20:05,19.0,Evening,15.0,10.96185,76.971082,10.99185,77.001082,4.674650691295485,34.0,1,0,Slow (>30m),Over 30 Min
0x644,BANGRES04DEL02,Bengaluru,30.0,30-34,4.7,4.7-5.0,Sunny,Jam,0,Meal,Scooter,1.0,No,,20:40,,Unknown,,12.98041,77.640489,13.06041,77.720489,12.419619195714652,31.0,1,0,Slow (>30m),Over 30 Min
0x6470,MYSRES02DEL01,Mysuru,35.0,35-45,4.3,4.2-4.6,Sandstorms,High,2,Meal,Scooter,1.0,No,11:10,11:20,11.0,Morning,10.0,12.304569,76.643622,12.314569,76.653622,1.5545646884939355,32.0,1,0,Slow (>30m),Over 30 Min
0x6474,BANGRES06DEL03,Bengaluru,29.0,25-29,4.9,4.7-5.0,Stormy,Jam,1,Snack,Bicycle,0.0,No,20:20,20:25,20.0,Evening,5.0,12.979096,77.640625,13.069096,77.730625,13.97197018185856,21.0,1,1,Standard (21-30m),On Time
0x648,RANCHIRES15DEL03,Ranchi,30.0,30-34,4.7,4.7-5.0,Stormy,Medium,0,Meal,Scooter,0.0,No,,18:35,,Unknown,,23.369746,85.33982,23.399746,85.36982,4.528003466910528,33.0,1,0,Slow (>30m),Over 30 Min
0x6485,INDORES14DEL03,Indore,29.0,25-29,4.6,4.2-4.6,Sandstorms,Medium,2,Meal,Motorcycle,1.0,No,17:15,17:20,17.0,Evening,5.0,22.761593,75.886362,22.821593,75.946362,9.074343542326337,22.0,1,1,Standard (21-30m),On Time
0x649b,COIMBRES01DEL02,Coimbatore,34.0,30-34,4.8,4.7-5.0,Stormy,Low,2,Snack,Bicycle,1.0,No,23:60,24:15,0.0,Morning,15.0,11.016298,76.972076,11.066298,77.022076,7.790247813136622,29.0,1,1,Standard (21-30m),On Time
0x64af,COIMBRES010DEL02,Coimbatore,26.0,25-29,4.9,4.7-5.0,Stormy,Jam,1,Drinks,Bicycle,1.0,No,19:50,20:05,19.0,Evening,15.0,11.003008,76.97544,11.133009,77.10544,20.2538164918102,24.0,1,1,Standard (21-30m),On Time
0x6523,PUNERES04DEL03,Pune,22.0,18-24,4.6,4.2-4.6,Fog,Low,2,Snack,Motorcycle,1.0,No,23:20,23:25,23.0,Late Night,5.0,18.51421,73.838429,18.57421,73.898429,9.193533692576224,19.0,1,1,Fast (<=20m),On Time
0x6531,SURRES08DEL01,Surat,20.0,18-24,4.8,4.7-5.0,Sandstorms,Low,2,Meal,Bicycle,1.0,No,10:60,11:10,11.0,Morning,10.0,21.173343,72.792731,21.183343,72.802731,1.520359413409167,19.0,1,1,Fast (<=20m),On Time
0x6532,VADRES15DEL03,Vadodara,29.0,25-29,4.6,4.2-4.6,Cloudy,Medium,1,Buffet,Scooter,0.0,No,18:55,18:60,18.0,Evening,5.0,0.0,0.0,0.09,0.09,,35.0,1,0,Slow (>30m),Over 30 Min
0x655,HYDRES14DEL01,Hyderabad,33.0,30-34,4.4,4.2-4.6,Sandstorms,Low,0,Snack,Scooter,1.0,No,8:30,8:40,8.0,Morning,10.0,17.426228,78.407495,17.436228,78.417495,1.5368525026403286,28.0,1,1,Standard (21-30m),On Time
0x655c,MYSRES08DEL02,Mysuru,30.0,30-34,4.9,4.7-5.0,Windy,Jam,0,Drinks,Scooter,2.0,No,21:35,21:40,21.0,Late Night,5.0,12.297954,76.665169,12.427954,76.795169,20.207327600381788,44.0,1,0,Slow (>30m),Over 30 Min
0x657b,COIMBRES17DEL01,Coimbatore,34.0,30-34,3.5,Below 4.2,Stormy,Jam,1,Drinks,Scooter,1.0,No,21:20,21:25,21.0,Late Night,5.0,11.026117,76.944652,11.096117,77.014652,10.905985244159266,40.0,1,0,Slow (>30m),Over 30 Min
0x658,INDORES06DEL01,Indore,30.0,30-34,4.0,Below 4.2,Cloudy,High,2,Buffet,Motorcycle,0.0,No,12:10,12:25,12.0,Afternoon,15.0,22.728163,75.884212,22.768163,75.924212,6.050447006057535,39.0,1,0,Slow (>30m),Over 30 Min
0x6586,MYSRES08DEL02,Mysuru,21.0,18-24,4.2,4.2-4.6,Stormy,Low,0,Drinks,Scooter,0.0,No,22:55,22:60,22.0,Late Night,5.0,12.297954,76.665169,12.347954,76.715169,7.772629694963424,25.0,1,1,Standard (21-30m),On Time
0x65a,BANGRES02DEL01,Bengaluru,27.0,25-29,5.0,4.7-5.0,Sandstorms,Medium,0,Meal,Scooter,1.0,No,16:25,16:40,16.0,Afternoon,15.0,12.970221,77.645396,13.010221,77.685396,6.210177867953917,26.0,1,1,Standard (21-30m),On Time
0x6604,JAPRES08DEL03,Jaipur,22.0,18-24,4.6,4.2-4.6,Sandstorms,Jam,1,Drinks,Scooter,1.0,No,19:30,19:35,19.0,Evening,5.0,26.910262,75.783013,27.000262,75.873013,13.406106787958063,29.0,1,1,Standard (21-30m),On Time
0x6625,MYSRES08DEL01,Mysuru,24.0,18-24,4.4,4.2-4.6,Sandstorms,Medium,0,Snack,Scooter,0.0,No,17:45,17:60,17.0,Evening,15.0,12.297954,76.665169,12.367954,76.735169,10.881478689939625,35.0,1,0,Slow (>30m),Over 30 Min
0x6629,HYDRES01DEL02,Hyderabad,27.0,25-29,4.8,4.7-5.0,Sunny,Jam,2,Meal,Bicycle,0.0,No,20:45,20:60,20.0,Evening,15.0,17.410371,78.437225,17.490371,78.517225,12.29420447254591,21.0,1,1,Standard (21-30m),On Time
0x665b,COIMBRES06DEL03,Coimbatore,23.0,18-24,5.0,4.7-5.0,Fog,Medium,2,Buffet,Bicycle,0.0,No,17:20,17:35,17.0,Evening,15.0,11.021278,76.995017,11.111278,77.085017,14.021859538451183,34.0,1,0,Slow (>30m),Over 30 Min
0x6684,VADRES08DEL02,Vadodara,30.0,30-34,4.5,4.2-4.6,Sandstorms,Low,0,Drinks,Scooter,1.0,No,22:60,23:15,23.0,Late Night,15.0,0.0,0.0,0.05,0.05,,20.0,1,1,Fast (<=20m),On Time
0x66b0,HYDRES010DEL03,Hyderabad,27.0,25-29,4.7,4.7-5.0,Sunny,Jam,1,Drinks,Scooter,1.0,No,20:55,21:05,20.0,Evening,10.0,17.428294,78.404423,17.518294,78.494423,13.830150558497367,13.0,1,1,Fast (<=20m),On Time
0x66b8,PUNERES02DEL03,Pune,38.0,35-45,4.5,4.2-4.6,Sandstorms,Jam,1,Drinks,Bicycle,1.0,No,20:15,20:30,20.0,Evening,15.0,18.55144,73.804855,18.61144,73.864855,9.192584229398204,30.0,1,1,Standard (21-30m),On Time
0x66c0,RANCHIRES05DEL02,Ranchi,28.0,25-29,4.5,4.2-4.6,Cloudy,Medium,0,Drinks,Scooter,1.0,No,18:45,18:60,18.0,Evening,15.0,23.355164,85.324097,23.435164,85.404097,12.074241058064553,30.0,1,1,Standard (21-30m),On Time
0x66d6,CHENRES17DEL01,Chennai,28.0,25-29,3.3,Below 4.2,Sunny,Low,2,Buffet,Bicycle,0.0,No,22:20,22:25,22.0,Late Night,5.0,13.045479,80.23311,13.115479,80.30311,10.865881096382559,42.0,1,0,Slow (>30m),Over 30 Min
0x66f,RANCHIRES16DEL02,Ranchi,30.0,30-34,4.7,4.7-5.0,Windy,Jam,0,Snack,Scooter,2.0,No,,19:55,,Unknown,,23.371292,85.327872,23.501292,85.457872,19.617851658744158,53.0,1,0,Slow (>30m),Over 30 Min
0x6709,JAPRES20DEL02,Jaipur,22.0,18-24,4.4,4.2-4.6,Cloudy,Medium,2,Snack,Bicycle,1.0,No,17:10,17:20,17.0,Evening,10.0,26.956431,75.776649,27.086431,75.906649,19.35933443576567,35.0,1,0,Slow (>30m),Over 30 Min
0x6712,CHENRES02DEL01,Chennai,33.0,30-34,4.8,4.7-5.0,Sandstorms,Low,0,Meal,Scooter,1.0,No,23:55,24:10,23.0,Late Night,15.0,13.086438,80.220672,13.156439,80.290672,10.86508074568392,24.0,1,1,Standard (21-30m),On Time
0x6720,MUMRES06DEL01,Mumbai,39.0,35-45,4.7,4.7-5.0,Sunny,High,2,Drinks,Scooter,0.0,No,14:40,14:45,14.0,Afternoon,5.0,19.055831,72.833984,19.095831,72.873984,6.119875165135543,23.0,1,1,Standard (21-30m),On Time
0x6732,CHENRES18DEL02,Chennai,35.0,35-45,4.9,4.7-5.0,Sandstorms,Low,1,Buffet,Bicycle,1.0,No,8:40,8:50,8.0,Morning,10.0,12.981615,80.231598,13.001615,80.251598,3.105080473421362,29.0,1,1,Standard (21-30m),On Time
0x6733,BANGRES12DEL01,Bengaluru,36.0,35-45,4.2,4.2-4.6,Windy,Low,0,Drinks,Scooter,0.0,No,9:15,9:30,9.0,Morning,15.0,12.939496,77.625999,12.949496,77.635999,1.552683458752018,30.0,1,1,Standard (21-30m),On Time
0x6768,BANGRES07DEL01,Bengaluru,30.0,30-34,4.5,4.2-4.6,Windy,Medium,2,Buffet,Bicycle,0.0,No,16:10,16:20,16.0,Afternoon,10.0,12.978453,77.643685,13.018453,77.683685,6.210077589118398,25.0,1,1,Standard (21-30m),On Time
0x6773,PUNERES18DEL02,Pune,20.0,18-24,4.5,4.2-4.6,Sunny,Jam,2,Meal,Motorcycle,0.0,No,19:10,19:25,19.0,Evening,15.0,18.593481,73.785901,18.673481,73.865901,12.255005238386401,13.0,1,1,Fast (<=20m),On Time
0x6787,HYDRES19DEL03,Hyderabad,21.0,18-24,4.8,4.7-5.0,Sandstorms,Medium,0,Drinks,Scooter,1.0,No,18:10,18:20,18.0,Evening,10.0,17.458998,78.500366,17.518998,78.560366,9.219721590978386,21.0,1,1,Standard (21-30m),On Time
0x67ab,SURRES01DEL01,Surat,33.0,30-34,4.4,4.2-4.6,Sandstorms,Jam,0,Meal,Scooter,1.0,Yes,20:15,20:30,20.0,Evening,15.0,21.186438,72.794115,21.256438,72.864115,10.641071708232364,43.0,1,0,Slow (>30m),Over 30 Min
0x67ad,CHENRES06DEL01,Chennai,25.0,25-29,4.7,4.7-5.0,Windy,Medium,2,Snack,Scooter,1.0,No,18:35,18:45,18.0,Evening,10.0,13.054347,80.257221,13.164347,80.367221,17.073980874951925,27.0,1,1,Standard (21-30m),On Time
0x67ec,COIMBRES09DEL03,Coimbatore,22.0,18-24,4.8,4.7-5.0,Sunny,Jam,2,Drinks,Bicycle,1.0,No,19:55,20:10,19.0,Evening,15.0,11.008638,76.984311,11.068638,77.044311,9.348338849222191,17.0,1,1,Fast (<=20m),On Time
0x67f2,JAPRES16DEL03,Jaipur,23.0,18-24,4.1,Below 4.2,Windy,Jam,0,Snack,Scooter,1.0,No,19:55,19:60,19.0,Evening,5.0,26.849596,75.800512,26.879596,75.830512,4.470292664057289,34.0,1,0,Slow (>30m),Over 30 Min
0x67f4,HYDRES06DEL01,Hyderabad,33.0,30-34,4.6,4.2-4.6,Fog,Low,2,Snack,Motorcycle,1.0,No,9:30,9:35,9.0,Morning,5.0,17.455894,78.375467,17.465894,78.385467,1.5367333555899931,18.0,1,1,Fast (<=20m),On Time
0x6802,HYDRES11DEL02,Hyderabad,38.0,35-45,4.5,4.2-4.6,Sandstorms,Jam,2,Snack,Motorcycle,0.0,No,21:15,21:30,21.0,Late Night,15.0,17.430448,78.418213,17.560448,78.548213,19.975723633057836,36.0,1,0,Slow (>30m),Over 30 Min
0x6809,HYDRES05DEL02,Hyderabad,36.0,35-45,4.9,4.7-5.0,Cloudy,Jam,2,Meal,Bicycle,1.0,No,21:60,22:15,22.0,Late Night,15.0,17.433809,78.386744,17.483809,78.436744,7.683708523460538,25.0,1,1,Standard (21-30m),On Time
0x680c,HYDRES18DEL03,Hyderabad,34.0,30-34,4.9,4.7-5.0,Fog,Jam,0,Buffet,Scooter,0.0,No,19:50,19:60,19.0,Evening,10.0,17.450851,78.379347,17.510851,78.439347,9.21991831669298,34.0,1,0,Slow (>30m),Over 30 Min
0x680e,RANCHIRES20DEL01,Ranchi,36.0,35-45,4.7,4.7-5.0,Windy,Medium,0,Buffet,Scooter,1.0,No,16:45,16:50,16.0,Afternoon,5.0,23.39925,85.390464,23.43925,85.430464,6.036618587937656,26.0,1,1,Standard (21-30m),On Time
0x6823,RANCHIRES13DEL02,Ranchi,32.0,30-34,4.8,4.7-5.0,Sunny,Low,0,Drinks,Scooter,1.0,No,22:35,22:40,22.0,Late Night,5.0,23.374989,85.335486,23.424989,85.385486,7.546275237917341,27.0,1,1,Standard (21-30m),On Time
0x6825,COIMBRES12DEL01,Coimbatore,39.0,35-45,4.5,4.2-4.6,Windy,Jam,1,Drinks,Scooter,1.0,No,21:20,21:35,21.0,Late Night,15.0,11.000762,76.981876,11.110762,77.091876,17.13812951786025,26.0,1,1,Standard (21-30m),On Time
0x6874,MYSRES17DEL02,Mysuru,28.0,25-29,4.6,4.2-4.6,Sandstorms,Jam,2,Meal,Bicycle,0.0,No,20:50,21:05,20.0,Evening,15.0,12.326356,76.619103,12.456356,76.749103,20.206254378859295,27.0,1,1,Standard (21-30m),On Time
0x688c,INDORES04DEL02,Indore,24.0,18-24,4.0,Below 4.2,Cloudy,Jam,2,Buffet,Bicycle,1.0,No,20:45,20:60,20.0,Evening,15.0,22.753659,75.903365,22.833659,75.983365,12.099040163999597,40.0,1,0,Slow (>30m),Over 30 Min
0x689d,RANCHIRES01DEL01,Ranchi,30.0,30-34,4.6,4.2-4.6,Cloudy,High,1,Meal,Bicycle,0.0,No,13:60,14:15,14.0,Afternoon,15.0,23.416792,85.316842,23.456792,85.356842,6.03625253454958,38.0,1,0,Slow (>30m),Over 30 Min
0x689e,HYDRES05DEL03,Hyderabad,23.0,18-24,4.8,4.7-5.0,Sunny,Jam,1,Drinks,Scooter,1.0,No,19:45,19:60,19.0,Evening,15.0,17.433809,78.386744,17.463809,78.416744,4.61034571359661,18.0,1,1,Fast (<=20m),On Time
0x68af,CHENRES15DEL01,Chennai,22.0,18-24,4.7,4.7-5.0,Cloudy,High,0,Buffet,Scooter,0.0,No,12:20,12:30,12.0,Afternoon,10.0,13.026286,80.275235,13.066286,80.315235,6.209493705792477,21.0,1,1,Standard (21-30m),On Time
0x68b3,PUNERES19DEL02,Pune,33.0,30-34,4.9,4.7-5.0,Sunny,Medium,1,Buffet,Scooter,0.0,No,17:30,17:45,17.0,Evening,15.0,18.563934,73.915367,18.693935,74.045367,19.914714472882387,22.0,1,1,Standard (21-30m),On Time
0x68b6,JAPRES03DEL01,Jaipur,32.0,30-34,4.8,4.7-5.0,Windy,Medium,0,Meal,Scooter,1.0,No,18:45,18:55,18.0,Evening,10.0,26.913483,75.803139,27.023483,75.913139,16.384389440278927,33.0,1,0,Slow (>30m),Over 30 Min
0x68c,VADRES12DEL03,Vadodara,30.0,30-34,4.7,4.7-5.0,Sandstorms,Jam,1,Buffet,Scooter,1.0,No,,19:45,,Unknown,,0.0,0.0,0.06,0.06,,22.0,1,1,Standard (21-30m),On Time
0x68eb,RANCHIRES17DEL01,Ranchi,35.0,35-45,4.7,4.7-5.0,Cloudy,Low,2,Drinks,Motorcycle,1.0,No,23:15,23:30,23.0,Late Night,15.0,23.374878,85.335739,23.484878,85.445739,16.600089565046083,27.0,1,1,Standard (21-30m),On Time
0x6926,RANCHIRES05DEL02,Ranchi,35.0,35-45,4.8,4.7-5.0,Cloudy,Low,0,Buffet,Scooter,1.0,No,8:45,8:50,8.0,Morning,5.0,23.355164,85.324097,23.375164,85.344097,3.0188729118478177,27.0,1,1,Standard (21-30m),On Time
0x697a,PUNERES11DEL02,Pune,29.0,25-29,4.1,Below 4.2,Fog,Medium,1,Meal,Bicycle,1.0,No,18:55,19:05,18.0,Evening,10.0,18.533811,73.899315,18.663811,74.029315,19.916302409327955,38.0,1,0,Slow (>30m),Over 30 Min
0x697b,INDORES18DEL02,Indore,27.0,25-29,4.8,4.7-5.0,Cloudy,Jam,0,Drinks,Scooter,1.0,Yes,19:40,19:50,19.0,Evening,10.0,22.753839,75.897429,22.833838,75.977429,12.098951091760883,40.0,1,0,Slow (>30m),Over 30 Min
0x698d,MUMRES18DEL01,Mumbai,29.0,25-29,4.6,4.2-4.6,Fog,Medium,0,Meal,Scooter,0.0,No,18:45,18:55,18.0,Evening,10.0,19.1093,72.825451,19.1793,72.895451,10.707689816556874,32.0,1,0,Slow (>30m),Over 30 Min
0x69d7,INDORES16DEL02,Indore,22.0,18-24,4.6,4.2-4.6,Windy,Jam,1,Drinks,Bicycle,0.0,No,21:35,21:45,21.0,Late Night,10.0,22.744648,75.894377,22.874648,76.024377,19.659878637635497,27.0,1,1,Standard (21-30m),On Time
0x69ed,HYDRES06DEL01,Hyderabad,34.0,30-34,5.0,4.7-5.0,Sandstorms,High,0,Snack,Scooter,1.0,No,11:35,11:40,11.0,Morning,5.0,17.455894,78.375467,17.465894,78.385467,1.5367333555899931,33.0,1,0,Slow (>30m),Over 30 Min
0x6a06,RANCHIRES04DEL01,Ranchi,30.0,30-34,4.4,4.2-4.6,Sandstorms,Low,0,Drinks,Scooter,1.0,No,10:50,11:05,10.0,Morning,15.0,23.359033,85.325347,23.369033,85.335347,1.5094423471075233,22.0,1,1,Standard (21-30m),On Time
0x6a19,JAPRES04DEL03,Jaipur,30.0,30-34,4.9,4.7-5.0,Fog,Jam,1,Drinks,Scooter,1.0,No,21:35,21:50,21.0,Late Night,15.0,26.902328,75.794257,26.962328,75.854257,8.93821017952359,33.0,1,0,Slow (>30m),Over 30 Min
0x6a1c,VADRES06DEL02,Vadodara,29.0,25-29,4.6,4.2-4.6,Fog,Medium,2,Drinks,Bicycle,0.0,No,18:10,18:20,18.0,Evening,10.0,22.31279,73.170283,22.36279,73.220283,7.573416656058355,15.0,1,1,Fast (<=20m),On Time
0x6a5f,MUMRES08DEL02,Mumbai,25.0,25-29,4.9,4.7-5.0,Cloudy,Low,1,Buffet,Scooter,0.0,No,8:15,8:25,8.0,Morning,10.0,19.065838,72.832658,19.085838,72.852658,3.0599375538013343,14.0,1,1,Fast (<=20m),On Time
0x6a75,SURRES14DEL02,Surat,22.0,18-24,4.7,4.7-5.0,Sandstorms,Low,0,Buffet,Scooter,0.0,No,23:25,23:40,23.0,Late Night,15.0,21.157729,72.768726,21.287729,72.898726,19.761907705502733,20.0,1,1,Fast (<=20m),On Time
0x6aa6,CHENRES07DEL01,Chennai,23.0,18-24,4.9,4.7-5.0,Windy,High,1,Meal,Bicycle,1.0,No,11:60,12:05,12.0,Afternoon,5.0,13.081878,80.248519,13.091878,80.258519,1.5522491683969766,24.0,1,1,Standard (21-30m),On Time
0x6abb,CHENRES010DEL02,Chennai,35.0,35-45,4.7,4.7-5.0,Fog,Low,0,Meal,Scooter,1.0,No,9:30,9:45,9.0,Morning,15.0,13.066762,80.251865,13.086762,80.271865,3.1045603406335536,26.0,1,1,Standard (21-30m),On Time
0x6ac2,INDORES05DEL03,Indore,24.0,18-24,3.8,Below 4.2,Sunny,Jam,0,Buffet,Scooter,2.0,No,20:40,20:45,20.0,Evening,5.0,22.727021,75.884167,22.757021,75.914167,4.537929017335161,40.0,1,0,Slow (>30m),Over 30 Min
0x6aca,RANCHIRES13DEL01,Ranchi,38.0,35-45,4.8,4.7-5.0,Sunny,Jam,2,Drinks,Motorcycle,0.0,No,21:10,21:20,21.0,Late Night,10.0,23.374989,85.335486,23.444989,85.405486,10.564420207340424,19.0,1,1,Fast (<=20m),On Time
0x6ae,RANCHIRES20DEL02,Ranchi,30.0,30-34,4.7,4.7-5.0,Windy,Low,2,Buffet,Bicycle,0.0,No,,9:60,,Unknown,,23.39925,85.390464,23.41925,85.410464,3.018413614416182,14.0,1,1,Fast (<=20m),On Time
0x6b14,SURRES14DEL03,Surat,37.0,35-45,4.7,4.7-5.0,Cloudy,Jam,0,Snack,Scooter,1.0,No,19:45,19:60,19.0,Evening,15.0,21.157729,72.768726,21.217729,72.828726,9.121886853286249,27.0,1,1,Standard (21-30m),On Time
0x6b3d,RANCHIRES09DEL02,Ranchi,32.0,30-34,4.6,4.2-4.6,Windy,Low,2,Buffet,Bicycle,1.0,No,10:40,10:50,10.0,Morning,10.0,23.351058,85.325731,23.371058,85.345731,3.0189156516561626,24.0,1,1,Standard (21-30m),On Time
0x6b3e,HYDRES08DEL03,Hyderabad,22.0,18-24,4.5,4.2-4.6,Windy,Jam,2,Drinks,Bicycle,0.0,No,19:35,19:50,19.0,Evening,15.0,17.438263,78.397865,17.468263,78.427865,4.610292033957847,27.0,1,1,Standard (21-30m),On Time
0x6b52,RANCHIRES08DEL01,Ranchi,38.0,35-45,4.7,4.7-5.0,Fog,High,1,Meal,Bicycle,2.0,Yes,11:20,11:30,11.0,Morning,10.0,23.353783,85.326967,23.363783,85.336967,1.509469669332606,39.0,1,0,Slow (>30m),Over 30 Min
0x6b58,VADRES01DEL01,Vadodara,33.0,30-34,4.4,4.2-4.6,Fog,High,0,Meal,Scooter,1.0,No,11:45,11:50,11.0,Morning,5.0,22.307898,73.167788,22.317898,73.177788,1.5148079782682522,32.0,1,0,Slow (>30m),Over 30 Min
0x6b7d,VADRES02DEL03,Vadodara,33.0,30-34,4.5,4.2-4.6,Sandstorms,Jam,1,Drinks,Bicycle,0.0,No,19:30,19:40,19.0,Evening,10.0,0.0,0.0,0.09,0.09,,27.0,1,1,Standard (21-30m),On Time
0x6b94,CHENRES14DEL01,Chennai,30.0,30-34,5.0,4.7-5.0,Fog,Low,2,Buffet,Bicycle,1.0,No,10:45,10:50,10.0,Morning,5.0,13.026279,80.174568,13.036279,80.184568,1.552419295555828,19.0,1,1,Fast (<=20m),On Time
0x6ba2,BANGRES02DEL02,Bengaluru,20.0,18-24,4.6,4.2-4.6,Fog,Low,2,Snack,Bicycle,0.0,No,10:35,10:50,10.0,Morning,15.0,12.970221,77.645396,12.990221,77.665396,3.105149828938398,14.0,1,1,Fast (<=20m),On Time
0x6ba8,COIMBRES06DEL02,Coimbatore,23.0,18-24,4.8,4.7-5.0,Sunny,Low,1,Drinks,Scooter,0.0,No,8:55,8:60,8.0,Morning,5.0,11.021278,76.995017,11.041278,77.015017,3.1161513235425375,17.0,1,1,Fast (<=20m),On Time
0x6bb9,SURRES03DEL03,Surat,32.0,30-34,4.9,4.7-5.0,Stormy,Jam,1,Meal,Bicycle,1.0,No,20:60,21:05,21.0,Late Night,5.0,21.186884,72.793616,21.216884,72.823616,4.560740355323283,28.0,1,1,Standard (21-30m),On Time
0x6bfb,MUMRES15DEL01,Mumbai,38.0,35-45,4.6,4.2-4.6,Stormy,High,2,Snack,Bicycle,1.0,No,12:45,12:55,12.0,Afternoon,10.0,19.176269,72.836721,19.216269,72.876721,6.117770403806944,26.0,1,1,Standard (21-30m),On Time
0x6c0b,VADRES04DEL03,Vadodara,33.0,30-34,4.9,4.7-5.0,Stormy,Medium,2,Buffet,Scooter,0.0,No,18:45,18:55,18.0,Evening,10.0,0.0,0.0,0.09,0.09,,23.0,1,1,Standard (21-30m),On Time
0x6c31,MUMRES03DEL01,Mumbai,22.0,18-24,4.8,4.7-5.0,Stormy,High,2,Meal,Bicycle,0.0,No,11:20,11:30,11.0,Morning,10.0,19.22384,72.841347,19.23384,72.851347,1.5292998068749615,15.0,1,1,Fast (<=20m),On Time
0x6c38,RANCHIRES11DEL03,Ranchi,31.0,30-34,4.8,4.7-5.0,Sunny,Low,2,Buffet,Motorcycle,0.0,No,23:10,23:15,23.0,Late Night,5.0,23.359194,85.325447,23.419194,85.385447,9.055867670445819,13.0,1,1,Fast (<=20m),On Time
0x6c5c,HYDRES02DEL01,Hyderabad,35.0,35-45,4.3,4.2-4.6,Windy,High,1,Snack,Scooter,1.0,No,14:55,14:60,14.0,Afternoon,5.0,17.41233,78.449654,17.45233,78.489654,6.147392242833511,34.0,1,0,Slow (>30m),Over 30 Min
0x6c5d,CHENRES05DEL01,Chennai,22.0,18-24,4.8,4.7-5.0,Sandstorms,Jam,1,Meal,Scooter,1.0,No,20:45,20:60,20.0,Evening,15.0,13.058616,80.264151,13.128616,80.334151,10.86559913552465,19.0,1,1,Fast (<=20m),On Time
0x6c6,RANCHIRES08DEL01,Ranchi,34.0,30-34,4.8,4.7-5.0,Fog,Low,2,Meal,Scooter,0.0,No,23:10,23:20,23.0,Late Night,10.0,23.353783,85.326967,23.423783,85.396967,10.565193799428503,28.0,1,1,Standard (21-30m),On Time
0x6c80,COIMBRES17DEL02,Coimbatore,33.0,30-34,4.5,4.2-4.6,Sandstorms,Low,0,Drinks,Scooter,1.0,No,23:50,24:05,23.0,Late Night,15.0,11.026117,76.944652,11.076117,76.994652,7.7901199388159394,26.0,1,1,Standard (21-30m),On Time
0x6c86,MYSRES12DEL01,Mysuru,27.0,25-29,4.9,4.7-5.0,Cloudy,High,2,Drinks,Scooter,1.0,No,11:60,12:05,12.0,Afternoon,5.0,12.284747,76.625861,12.294747,76.635861,1.5546219581060332,28.0,1,1,Standard (21-30m),On Time
0x6cbd,JAPRES01DEL02,Jaipur,21.0,18-24,4.9,4.7-5.0,Cloudy,Low,0,Buffet,Scooter,1.0,No,22:15,22:20,22.0,Late Night,5.0,26.90519,75.810753,26.98519,75.890753,11.917011182053411,20.0,1,1,Fast (<=20m),On Time
0x6cfd,SURRES17DEL02,Surat,27.0,25-29,4.1,Below 4.2,Fog,Jam,1,Snack,Bicycle,2.0,No,21:10,21:20,21.0,Late Night,10.0,21.149569,72.772697,21.279569,72.902697,19.762415777837713,33.0,1,0,Slow (>30m),Over 30 Min
0x6d29,RANCHIRES07DEL02,Ranchi,27.0,25-29,4.9,4.7-5.0,Sunny,Jam,1,Snack,Scooter,1.0,No,21:10,21:25,21.0,Late Night,15.0,23.359407,85.325055,23.439407,85.405055,12.074064175412282,24.0,1,1,Standard (21-30m),On Time
0x6d3,PUNERES15DEL01,Pune,25.0,25-29,4.7,4.7-5.0,Windy,Jam,0,Meal,Scooter,2.0,No,21:30,21:35,21.0,Late Night,5.0,18.636215,73.751081,18.706215,73.821081,10.722002110510742,38.0,1,0,Slow (>30m),Over 30 Min
0x6d6c,BANGRES15DEL02,Bengaluru,35.0,35-45,4.8,4.7-5.0,Cloudy,Low,2,Buffet,Scooter,1.0,No,23:55,24:10,23.0,Late Night,15.0,12.975377,77.696664,13.025377,77.746664,7.762567626458704,18.0,1,1,Fast (<=20m),On Time
0x6d71,JAPRES08DEL03,Jaipur,37.0,35-45,4.8,4.7-5.0,Windy,Low,0,Drinks,Scooter,1.0,No,22:10,22:20,22.0,Late Night,10.0,26.910262,75.783013,27.050262,75.923013,20.851891710080718,27.0,1,1,Standard (21-30m),On Time
0x6d7e,MYSRES06DEL02,Mysuru,21.0,18-24,4.7,4.7-5.0,Sandstorms,Low,0,Drinks,Scooter,1.0,No,22:35,22:45,22.0,Late Night,10.0,12.323994,76.626167,12.453994,76.756167,20.206343721490672,18.0,1,1,Fast (<=20m),On Time
0x6d7f,MYSRES010DEL03,Mysuru,30.0,30-34,3.2,Below 4.2,Sunny,Low,0,Drinks,Scooter,1.0,No,23:55,23:60,23.0,Late Night,5.0,12.321214,76.621094,12.411214,76.711094,13.989604047872945,31.0,1,0,Slow (>30m),Over 30 Min
0x6d95,SURRES01DEL02,Surat,35.0,35-45,4.3,4.2-4.6,Windy,Low,0,Buffet,Scooter,0.0,No,23:15,23:25,23.0,Late Night,10.0,21.186438,72.794115,21.236438,72.844115,7.601005130199629,25.0,1,1,Standard (21-30m),On Time
0x6d9b,JAPRES05DEL01,Jaipur,24.0,18-24,4.3,4.2-4.6,Fog,Jam,1,Buffet,Scooter,1.0,No,20:50,20:55,20.0,Evening,5.0,26.905287,75.794592,27.015287,75.904592,16.38491731854766,43.0,1,0,Slow (>30m),Over 30 Min
0x6da0,MYSRES15DEL03,Mysuru,38.0,35-45,4.8,4.7-5.0,Cloudy,Jam,0,Drinks,Scooter,0.0,No,20:40,20:45,20.0,Evening,5.0,12.352058,76.60665,12.382058,76.63665,4.663194243216148,25.0,1,1,Standard (21-30m),On Time
0x6daa,RANCHIRES12DEL02,Ranchi,20.0,18-24,4.8,4.7-5.0,Stormy,Low,2,Buffet,Bicycle,1.0,No,22:15,22:25,22.0,Late Night,10.0,0.0,0.0,0.08,0.08,,18.0,1,1,Fast (<=20m),On Time
0x6dae,BANGRES19DEL02,Bengaluru,30.0,30-34,4.7,4.7-5.0,Stormy,Low,2,Meal,Bicycle,1.0,No,9:15,9:30,9.0,Morning,15.0,12.914264,77.6784,12.934264,77.6984,3.1054895957604916,20.0,1,1,Fast (<=20m),On Time
0x6e0b,HYDRES01DEL01,Hyderabad,27.0,25-29,4.5,4.2-4.6,Sandstorms,Low,0,Drinks,Scooter,1.0,No,22:50,22:55,22.0,Late Night,5.0,17.410371,78.437225,17.520371,78.547225,16.903867242423186,18.0,1,1,Fast (<=20m),On Time
0x6e17,INDORES13DEL01,Indore,25.0,25-29,5.0,4.7-5.0,Sandstorms,Low,1,Snack,Bicycle,1.0,No,8:35,8:50,8.0,Morning,15.0,22.745049,75.892471,22.755049,75.902471,1.5126021783155192,18.0,1,1,Fast (<=20m),On Time
0x6e1d,JAPRES16DEL01,Jaipur,25.0,25-29,4.0,Below 4.2,Sandstorms,Jam,0,Buffet,Scooter,1.0,No,19:40,19:55,19.0,Evening,15.0,26.849596,75.800512,26.919596,75.870512,10.429864860619828,31.0,1,0,Slow (>30m),Over 30 Min
0x6e1f,MUMRES08DEL03,Mumbai,38.0,35-45,5.0,4.7-5.0,Fog,Jam,2,Meal,Motorcycle,1.0,No,19:15,19:30,19.0,Evening,15.0,19.065838,72.832658,19.095838,72.862658,4.589840954167958,30.0,1,1,Standard (21-30m),On Time
0x6e24,COIMBRES11DEL01,Coimbatore,25.0,25-29,4.3,4.2-4.6,Cloudy,Jam,2,Meal,Scooter,1.0,No,21:40,21:45,21.0,Late Night,5.0,11.001753,76.986241,11.111753,77.096241,17.138101099748624,34.0,1,0,Slow (>30m),Over 30 Min
0x6e6f,JAPRES15DEL01,Jaipur,23.0,18-24,5.0,4.7-5.0,Cloudy,Jam,2,Drinks,Bicycle,1.0,No,20:60,21:10,21.0,Late Night,10.0,26.891191,75.802083,27.001191,75.912083,16.385824899896843,44.0,1,0,Slow (>30m),Over 30 Min
0x6e7a,HYDRES09DEL03,Hyderabad,24.0,18-24,4.9,4.7-5.0,Windy,Low,2,Meal,Bicycle,1.0,No,22:60,23:10,23.0,Late Night,10.0,17.431668,78.408321,17.521668,78.498321,13.830028414254176,17.0,1,1,Fast (<=20m),On Time
0x6eaa,PUNERES05DEL03,Pune,29.0,25-29,4.6,4.2-4.6,Windy,Jam,1,Snack,Scooter,1.0,No,20:35,20:50,20.0,Evening,15.0,18.543626,73.905101,18.603626,73.965101,9.192783650279589,20.0,1,1,Fast (<=20m),On Time
0x6eb1,VADRES13DEL02,Vadodara,32.0,30-34,4.9,4.7-5.0,Windy,Low,2,Snack,Bicycle,1.0,No,22:20,22:25,22.0,Late Night,5.0,22.310237,73.158921,22.360237,73.208921,7.573480586561666,20.0,1,1,Fast (<=20m),On Time
0x6eba,HYDRES12DEL03,Hyderabad,29.0,25-29,4.6,4.2-4.6,Fog,Medium,0,Meal,Scooter,1.0,No,17:15,17:25,17.0,Evening,10.0,17.429585,78.392621,17.519585,78.482621,13.830103824771955,38.0,1,0,Slow (>30m),Over 30 Min
0x6ec,MYSRES11DEL01,Mysuru,30.0,30-34,4.7,4.7-5.0,Cloudy,Low,2,Drinks,Scooter,0.0,No,,23:45,,Unknown,,12.323225,76.630028,12.433225,76.740028,17.09802055680367,30.0,1,1,Standard (21-30m),On Time
0x6ecf,RANCHIRES010DEL03,Ranchi,20.0,18-24,5.0,4.7-5.0,Fog,Jam,1,Drinks,Bicycle,1.0,No,21:60,22:05,22.0,Late Night,5.0,23.354422,85.3329,23.444422,85.4229,13.583321263390523,41.0,1,0,Slow (>30m),Over 30 Min
0x6ef3,RANCHIRES14DEL01,Ranchi,24.0,18-24,4.5,4.2-4.6,Cloudy,Medium,2,Meal,Scooter,1.0,No,18:55,19:05,18.0,Evening,10.0,0.0,0.0,0.11,0.11,,30.0,1,1,Standard (21-30m),On Time
0x6f3f,INDORES17DEL01,Indore,38.0,35-45,3.9,Below 4.2,Windy,Jam,2,Buffet,Bicycle,1.0,No,20:55,21:05,20.0,Evening,10.0,22.761226,75.887522,22.831226,75.957521,10.586499238953444,41.0,1,0,Slow (>30m),Over 30 Min
0x6f87,SURRES18DEL01,Surat,25.0,25-29,4.6,4.2-4.6,Cloudy,Low,2,Buffet,Bicycle,0.0,No,23:25,23:35,23.0,Late Night,10.0,21.149834,72.778666,21.259834,72.888666,16.722557565483925,22.0,1,1,Standard (21-30m),On Time
0x6f8b,HYDRES03DEL02,Hyderabad,33.0,30-34,4.1,Below 4.2,Windy,Jam,0,Drinks,Scooter,1.0,Yes,20:35,20:40,20.0,Evening,5.0,17.422819,78.449578,17.502819,78.529578,12.293804292939086,40.0,1,0,Slow (>30m),Over 30 Min
0x6f92,HYDRES02DEL02,Hyderabad,34.0,30-34,4.8,4.7-5.0,Fog,Low,2,Snack,Bicycle,0.0,No,10:15,10:30,10.0,Morning,15.0,17.41233,78.449654,17.43233,78.469654,3.0737763987384636,18.0,1,1,Fast (<=20m),On Time
0x6fa2,MUMRES05DEL01,Mumbai,25.0,25-29,4.9,4.7-5.0,Cloudy,Jam,0,Snack,Scooter,0.0,No,19:25,19:35,19.0,Evening,10.0,18.927584,72.832585,19.037584,72.942585,16.834113915457106,46.0,1,0,Slow (>30m),Over 30 Min
0x6fa7,JAPRES01DEL02,Jaipur,29.0,25-29,4.7,4.7-5.0,Fog,Jam,0,Buffet,Scooter,1.0,No,21:15,21:30,21.0,Late Night,15.0,26.90519,75.810753,26.95519,75.860753,7.448571104864989,23.0,1,1,Standard (21-30m),On Time
0x6fae,INDORES17DEL03,Indore,25.0,25-29,4.8,4.7-5.0,Windy,Jam,2,Drinks,Bicycle,1.0,No,21:55,22:10,21.0,Late Night,15.0,22.761226,75.887522,22.791226,75.917522,4.537406746416273,26.0,1,1,Standard (21-30m),On Time
0x6fc4,BANGRES05DEL02,Bengaluru,30.0,30-34,4.2,4.2-4.6,Sandstorms,Low,0,Snack,Scooter,0.0,No,10:10,10:20,10.0,Morning,10.0,12.970324,77.645748,12.990324,77.665748,3.1051492022356912,28.0,1,1,Standard (21-30m),On Time
0x6fdd,MUMRES05DEL03,Mumbai,27.0,25-29,4.8,4.7-5.0,Cloudy,Low,1,Meal,Bicycle,1.0,No,22:15,22:25,22.0,Late Night,10.0,18.927584,72.832585,19.017584,72.922585,13.773756682176046,22.0,1,1,Standard (21-30m),On Time
0x6ffe,MYSRES01DEL03,Mysuru,22.0,18-24,4.9,4.7-5.0,Windy,Medium,0,Snack,Scooter,0.0,No,17:40,17:45,17.0,Evening,5.0,12.311072,76.654878,12.341072,76.684878,4.66355079397294,24.0,1,1,Standard (21-30m),On Time
0x7008,COIMBRES15DEL01,Coimbatore,28.0,25-29,4.8,4.7-5.0,Windy,Low,1,Snack,Bicycle,1.0,No,9:35,9:50,9.0,Morning,15.0,11.006686,76.951736,11.016686,76.961736,1.558126584398603,18.0,1,1,Fast (<=20m),On Time
0x7070,MYSRES11DEL02,Mysuru,36.0,35-45,4.1,Below 4.2,Stormy,Medium,2,Meal,Bicycle,2.0,No,18:50,18:60,18.0,Evening,10.0,12.323225,76.630028,12.453225,76.760028,20.20637280538157,38.0,1,0,Slow (>30m),Over 30 Min
0x708d,RANCHIRES16DEL01,Ranchi,36.0,35-45,4.2,4.2-4.6,Cloudy,Low,2,Buffet,Motorcycle,0.0,No,22:25,22:35,22.0,Late Night,10.0,23.371292,85.327872,23.481292,85.437872,16.600295348128913,33.0,1,0,Slow (>30m),Over 30 Min
0x70a,HYDRES13DEL02,Hyderabad,30.0,30-34,4.7,4.7-5.0,Unknown,Unknown,3,Snack,Bicycle,1.0,No,,19:30,,Unknown,,17.431477,78.40035,17.561477,78.53035,19.975669766021966,36.0,1,0,Slow (>30m),Over 30 Min
0x70a2,CHENRES12DEL01,Chennai,32.0,30-34,4.6,4.2-4.6,Cloudy,High,1,Snack,Bicycle,1.0,No,13:30,13:45,13.0,Afternoon,15.0,12.972793,80.249982,13.012793,80.289982,6.210146543431993,30.0,1,1,Standard (21-30m),On Time
0x70b3,JAPRES16DEL01,Jaipur,30.0,30-34,4.9,4.7-5.0,Windy,Low,1,Snack,Bicycle,1.0,No,22:55,22:60,22.0,Late Night,5.0,26.849596,75.800512,26.959596,75.910512,16.388500832768084,29.0,1,1,Standard (21-30m),On Time
0x70cc,VADRES05DEL01,Vadodara,24.0,18-24,4.6,4.2-4.6,Sandstorms,Low,0,Snack,Scooter,0.0,No,23:55,24:10,23.0,Late Night,15.0,22.310526,73.170937,22.380526,73.240937,10.602511811132452,17.0,1,1,Fast (<=20m),On Time
0x7101,HYDRES04DEL03,Hyderabad,27.0,25-29,5.0,4.7-5.0,Sunny,Jam,1,Meal,Bicycle,1.0,No,19:15,19:30,19.0,Evening,15.0,17.411028,78.329645,17.471028,78.389645,9.22087871144038,19.0,1,1,Fast (<=20m),On Time
0x7105,PUNERES17DEL01,Pune,34.0,30-34,4.9,4.7-5.0,Fog,Medium,1,Meal,Scooter,1.0,No,17:20,17:25,17.0,Evening,5.0,18.530963,73.828972,18.600963,73.898972,10.725142213576138,30.0,1,1,Standard (21-30m),On Time
0x711a,JAPRES07DEL02,Jaipur,21.0,18-24,5.0,4.7-5.0,Cloudy,Low,1,Buffet,Scooter,0.0,No,23:10,23:20,23.0,Late Night,10.0,26.766536,75.837333,26.846536,75.917333,11.923489010144927,25.0,1,1,Standard (21-30m),On Time
0x713d,JAPRES07DEL02,Jaipur,39.0,35-45,4.4,4.2-4.6,Sandstorms,Jam,0,Drinks,Scooter,1.0,No,21:35,21:45,21.0,Late Night,10.0,26.766536,75.837333,26.896536,75.967333,19.373772595112406,53.0,1,0,Slow (>30m),Over 30 Min
0x7141,SURRES09DEL01,Surat,27.0,25-29,4.8,4.7-5.0,Cloudy,Low,0,Buffet,Scooter,1.0,No,10:10,10:25,10.0,Morning,15.0,21.175975,72.795503,21.185975,72.805503,1.5203468277296832,16.0,1,1,Fast (<=20m),On Time
0x7182,SURRES02DEL03,Surat,34.0,30-34,4.8,4.7-5.0,Fog,Low,0,Meal,Scooter,1.0,No,23:35,23:45,23.0,Late Night,10.0,21.186608,72.794136,21.246608,72.854136,9.12105752015335,21.0,1,1,Standard (21-30m),On Time
0x71a1,BANGRES18DEL01,Bengaluru,22.0,18-24,4.6,4.2-4.6,Cloudy,High,0,Buffet,Scooter,1.0,No,12:60,13:15,13.0,Afternoon,15.0,12.913041,77.683237,12.953041,77.723237,6.210872734874491,24.0,1,1,Standard (21-30m),On Time
0x71a9,MUMRES13DEL02,Mumbai,37.0,35-45,4.8,4.7-5.0,Fog,Low,0,Snack,Scooter,0.0,No,8:10,8:20,8.0,Morning,10.0,19.178321,72.834715,19.198321,72.854715,3.0589548673356375,22.0,1,1,Standard (21-30m),On Time
0x71ad,PUNERES11DEL01,Pune,23.0,18-24,4.9,4.7-5.0,Cloudy,Medium,2,Drinks,Motorcycle,1.0,No,17:50,17:60,17.0,Evening,10.0,18.533811,73.899315,18.603811,73.969315,10.725057457902905,30.0,1,1,Standard (21-30m),On Time
0x71b6,SURRES15DEL03,Surat,36.0,35-45,4.3,4.2-4.6,Sandstorms,Jam,2,Drinks,Motorcycle,0.0,No,20:60,21:15,21.0,Late Night,15.0,21.160522,72.771477,21.220522,72.831477,9.121806688548844,32.0,1,0,Slow (>30m),Over 30 Min
0x721f,MYSRES02DEL01,Mysuru,37.0,35-45,4.7,4.7-5.0,Sandstorms,Medium,0,Meal,Scooter,0.0,No,16:50,17:05,16.0,Afternoon,15.0,12.304569,76.643622,12.344569,76.683622,6.2180850978737885,30.0,1,1,Standard (21-30m),On Time
0x7241,HYDRES11DEL02,Hyderabad,29.0,25-29,4.7,4.7-5.0,Sunny,Medium,2,Meal,Bicycle,1.0,No,17:20,17:35,17.0,Evening,15.0,17.430448,78.418213,17.480448,78.468213,7.683776056449146,10.0,1,1,Fast (<=20m),On Time
0x7252,BANGRES13DEL03,Bengaluru,34.0,30-34,4.5,4.2-4.6,Sunny,Jam,0,Snack,Scooter,1.0,No,20:10,20:20,20.0,Evening,10.0,12.935662,77.61413,12.965662,77.64413,4.6579942084826875,25.0,1,1,Standard (21-30m),On Time
0x725b,INDORES03DEL02,Indore,31.0,30-34,5.0,4.7-5.0,Sandstorms,Medium,0,Snack,Scooter,1.0,No,18:15,18:20,18.0,Evening,5.0,22.751857,75.866699,22.831857,75.946699,12.099113628801636,32.0,1,0,Slow (>30m),Over 30 Min
0x726,CHENRES19DEL03,Chennai,30.0,30-34,4.7,4.7-5.0,Sunny,Jam,2,Drinks,Bicycle,0.0,No,,21:50,,Unknown,,12.986047,80.218114,13.076047,80.308114,13.97177919904146,19.0,1,1,Fast (<=20m),On Time
0x7277,RANCHIRES05DEL01,Ranchi,26.0,25-29,4.7,4.7-5.0,Sandstorms,Low,2,Snack,Scooter,1.0,No,22:45,22:55,22.0,Late Night,10.0,23.355164,85.324097,23.425164,85.394097,10.565143438825258,10.0,1,1,Fast (<=20m),On Time
0x727a,HYDRES19DEL01,Hyderabad,30.0,30-34,4.5,4.2-4.6,Sunny,Jam,1,Snack,Scooter,1.0,No,19:15,19:25,19.0,Evening,10.0,17.458998,78.500366,17.568998,78.610366,16.90171400877544,21.0,1,1,Standard (21-30m),On Time
0x7293,CHENRES13DEL03,Chennai,22.0,18-24,4.2,4.2-4.6,Stormy,Low,0,Meal,Scooter,1.0,No,23:20,23:25,23.0,Late Night,5.0,13.027018,80.254791,13.057018,80.284791,4.657159439886546,26.0,1,1,Standard (21-30m),On Time
0x72bc,VADRES02DEL01,Vadodara,30.0,30-34,4.7,4.7-5.0,Cloudy,High,0,Buffet,Scooter,0.0,No,12:15,12:25,12.0,Afternoon,10.0,0.0,0.0,0.04,0.04,,28.0,1,1,Standard (21-30m),On Time
0x72c7,MYSRES04DEL02,Mysuru,39.0,35-45,4.6,4.2-4.6,Sunny,Medium,0,Drinks,Scooter,1.0,No,17:30,17:35,17.0,Evening,5.0,12.3085,76.665808,12.3585,76.715808,7.772477007823213,20.0,1,1,Fast (<=20m),On Time
0x72e8,MYSRES03DEL02,Mysuru,27.0,25-29,4.6,4.2-4.6,Fog,Low,2,Meal,Motorcycle,1.0,No,23:20,23:30,23.0,Late Night,10.0,12.299524,76.64262,12.429524,76.77262,20.207268336804788,21.0,1,1,Standard (21-30m),On Time
0x72ef,CHENRES15DEL03,Chennai,35.0,35-45,5.0,4.7-5.0,Stormy,Low,1,Snack,Bicycle,1.0,No,22:45,22:60,22.0,Late Night,15.0,13.026286,80.275235,13.056286,80.305235,4.657166150850661,21.0,1,1,Standard (21-30m),On Time
0x72fe,CHENRES02DEL02,Chennai,24.0,18-24,4.8,4.7-5.0,Sandstorms,Medium,1,Drinks,Scooter,1.0,No,18:30,18:40,18.0,Evening,10.0,13.086438,80.220672,13.216439,80.350672,20.176736893651047,17.0,1,1,Fast (<=20m),On Time
0x732f,VADRES12DEL02,Vadodara,36.0,35-45,4.9,4.7-5.0,Sunny,Low,0,Buffet,Scooter,1.0,No,22:15,22:30,22.0,Late Night,15.0,0.0,0.0,0.05,0.05,,28.0,1,1,Standard (21-30m),On Time
0x733,RANCHIRES12DEL03,Ranchi,30.0,30-34,4.7,4.7-5.0,Unknown,Unknown,3,Meal,Bicycle,1.0,No,,22:05,,Unknown,,0.0,0.0,0.06,0.06,,37.0,1,0,Slow (>30m),Over 30 Min
0x7335,BANGRES11DEL01,Bengaluru,39.0,35-45,4.9,4.7-5.0,Stormy,Jam,2,Drinks,Motorcycle,1.0,No,19:10,19:20,19.0,Evening,10.0,12.934365,77.616155,13.044365,77.726155,17.078016461290474,29.0,1,1,Standard (21-30m),On Time
0x7340,PUNERES09DEL02,Pune,32.0,30-34,5.0,4.7-5.0,Cloudy,Medium,2,Meal,Bicycle,1.0,No,17:25,17:35,17.0,Evening,10.0,18.536562,73.896485,18.586562,73.946485,7.660909561072225,17.0,1,1,Fast (<=20m),On Time
0x734b,MYSRES13DEL01,Mysuru,27.0,25-29,5.0,4.7-5.0,Windy,Jam,1,Snack,Bicycle,0.0,No,20:40,20:45,20.0,Evening,5.0,12.310972,76.659264,12.420972,76.769264,17.09841217392479,25.0,1,1,Standard (21-30m),On Time
0x7383,MYSRES18DEL03,Mysuru,29.0,25-29,4.6,4.2-4.6,Sandstorms,Low,2,Buffet,Motorcycle,1.0,No,23:25,23:35,23.0,Late Night,10.0,12.337928,76.617889,12.367928,76.647889,4.663317293138069,18.0,1,1,Fast (<=20m),On Time
0x738b,PUNERES07DEL01,Pune,36.0,35-45,4.6,4.2-4.6,Windy,Jam,1,Buffet,Scooter,1.0,No,20:40,20:45,20.0,Evening,5.0,18.546947,73.900626,18.616947,73.970626,10.724666381595046,27.0,1,1,Standard (21-30m),On Time
0x7395,HYDRES09DEL01,Hyderabad,39.0,35-45,4.6,4.2-4.6,Sunny,High,2,Snack,Scooter,1.0,No,13:50,13:55,13.0,Afternoon,5.0,17.431668,78.408321,17.471668,78.448321,6.147081641731225,23.0,1,1,Standard (21-30m),On Time
0x739d,BANGRES03DEL01,Bengaluru,39.0,35-45,4.2,4.2-4.6,Sandstorms,Medium,0,Drinks,Scooter,1.0,No,17:35,17:50,17.0,Evening,15.0,12.979166,77.640709,13.049166,77.710709,10.867300251248173,47.0,1,0,Slow (>30m),Over 30 Min
0x73b0,MUMRES010DEL01,Mumbai,21.0,18-24,4.6,4.2-4.6,Windy,Jam,1,Snack,Bicycle,1.0,No,21:40,21:50,21.0,Late Night,10.0,19.003517,72.82765,19.113517,72.93765,16.83048454178069,22.0,1,1,Standard (21-30m),On Time
0x73b1,JAPRES08DEL03,Jaipur,27.0,25-29,4.7,4.7-5.0,Sandstorms,Low,2,Snack,Bicycle,0.0,No,22:50,22:60,22.0,Late Night,10.0,26.910262,75.783013,26.940262,75.813013,4.4692292119460895,18.0,1,1,Fast (<=20m),On Time
0x73ba,INDORES20DEL02,Indore,23.0,18-24,4.6,4.2-4.6,Fog,Low,2,Meal,Motorcycle,0.0,No,23:45,23:60,23.0,Late Night,15.0,22.732225,75.874765,22.812225,75.954765,12.099913673319584,26.0,1,1,Standard (21-30m),On Time
0x73d2,BANGRES01DEL03,Bengaluru,22.0,18-24,4.9,4.7-5.0,Sandstorms,Jam,1,Meal,Scooter,1.0,No,20:60,21:05,21.0,Late Night,5.0,12.933284,77.615428,12.993284,77.675428,9.315758229001416,23.0,1,1,Standard (21-30m),On Time
0x7407,SURRES16DEL02,Surat,28.0,25-29,5.0,4.7-5.0,Sandstorms,Low,1,Drinks,Scooter,0.0,No,23:35,23:45,23.0,Late Night,10.0,21.160437,72.774209,21.290437,72.904209,19.761739057359186,14.0,1,1,Fast (<=20m),On Time
0x741,VADRES07DEL01,Vadodara,30.0,30-34,4.7,4.7-5.0,Unknown,Unknown,3,Buffet,Scooter,0.0,No,,13:35,,Unknown,,0.0,0.0,0.04,0.04,,21.0,1,1,Standard (21-30m),On Time
0x7418,BANGRES13DEL01,Bengaluru,20.0,18-24,4.6,4.2-4.6,Sandstorms,High,0,Drinks,Scooter,0.0,No,12:45,12:60,12.0,Afternoon,15.0,12.935662,77.61413,12.975662,77.65413,6.210598188745909,22.0,1,1,Standard (21-30m),On Time
0x7421,CHENRES01DEL02,Chennai,30.0,30-34,5.0,4.7-5.0,Windy,Jam,2,Snack,Scooter,1.0,No,21:30,21:35,21.0,Late Night,5.0,13.005801,80.250744,13.055801,80.300744,7.762103636431557,25.0,1,1,Standard (21-30m),On Time
0x7427,RANCHIRES010DEL01,Ranchi,30.0,30-34,4.6,4.2-4.6,Stormy,Low,2,Drinks,Bicycle,1.0,No,22:20,22:30,22.0,Late Night,10.0,23.354422,85.3329,23.464422,85.4429,16.601263077090703,20.0,1,1,Fast (<=20m),On Time
0x7429,BANGRES18DEL01,Bengaluru,22.0,18-24,4.7,4.7-5.0,Sunny,Jam,1,Meal,Scooter,0.0,No,19:20,19:25,19.0,Evening,5.0,12.913041,77.683237,12.983041,77.753237,10.868708517151973,17.0,1,1,Fast (<=20m),On Time
0x742a,COIMBRES08DEL01,Coimbatore,32.0,30-34,4.7,4.7-5.0,Fog,Low,0,Drinks,Scooter,1.0,No,8:45,8:60,8.0,Morning,15.0,11.001852,76.976268,11.011852,76.986268,1.55813913439767,26.0,1,1,Standard (21-30m),On Time
0x7431,RANCHIRES19DEL01,Ranchi,24.0,18-24,4.9,4.7-5.0,Cloudy,Medium,1,Drinks,Bicycle,0.0,No,18:15,18:30,18.0,Evening,15.0,23.333017,85.3172,23.443017,85.4272,16.602490100631076,35.0,1,0,Slow (>30m),Over 30 Min
0x7437,COIMBRES02DEL01,Coimbatore,38.0,35-45,4.7,4.7-5.0,Stormy,Low,2,Drinks,Bicycle,1.0,No,22:50,23:05,22.0,Late Night,15.0,11.022477,76.995667,11.092477,77.065667,10.906051686304858,23.0,1,1,Standard (21-30m),On Time
0x7458,COIMBRES14DEL01,Coimbatore,36.0,35-45,4.6,4.2-4.6,Windy,Medium,1,Snack,Bicycle,1.0,No,16:35,16:40,16.0,Afternoon,5.0,11.003681,76.975525,11.043681,77.015525,6.232381613027887,31.0,1,0,Slow (>30m),Over 30 Min
0x746a,SURRES20DEL02,Surat,34.0,30-34,4.3,4.2-4.6,Sandstorms,Low,0,Buffet,Scooter,1.0,No,9:30,9:35,9.0,Morning,5.0,21.15276,72.778059,21.17276,72.798059,3.0408677914454456,30.0,1,1,Standard (21-30m),On Time
0x7482,JAPRES13DEL03,Jaipur,23.0,18-24,4.5,4.2-4.6,Windy,Jam,1,Snack,Scooter,0.0,No,21:10,21:20,21.0,Late Night,10.0,26.846156,75.8023,26.906156,75.8623,8.940180068526951,21.0,1,1,Standard (21-30m),On Time
0x74af,HYDRES04DEL01,Hyderabad,22.0,18-24,4.1,Below 4.2,Sandstorms,Low,0,Drinks,Scooter,1.0,No,9:10,9:15,9.0,Morning,5.0,17.411028,78.329645,17.421028,78.339645,1.5369134780074378,26.0,1,1,Standard (21-30m),On Time
0x7502,INDORES19DEL02,Indore,34.0,30-34,4.9,4.7-5.0,Sunny,Medium,0,Meal,Scooter,1.0,No,18:35,18:50,18.0,Evening,15.0,22.745536,75.893106,22.825536,75.973106,12.0993712870473,33.0,1,0,Slow (>30m),Over 30 Min
0x751,INDORES01DEL02,Indore,30.0,30-34,4.7,4.7-5.0,Cloudy,Medium,0,Buffet,Scooter,2.0,No,,17:15,,Unknown,,22.695207,75.866059,22.825207,75.996059,19.66315308240118,48.0,1,0,Slow (>30m),Over 30 Min
0x7511,MYSRES15DEL01,Mysuru,31.0,30-34,4.0,Below 4.2,Cloudy,Jam,2,Buffet,Scooter,1.0,No,19:45,19:55,19.0,Evening,10.0,12.352058,76.60665,12.462058,76.71665,17.097097558661133,40.0,1,0,Slow (>30m),Over 30 Min
0x752c,VADRES18DEL03,Vadodara,37.0,35-45,4.6,4.2-4.6,Windy,Low,1,Buffet,Scooter,1.0,No,22:15,22:20,22.0,Late Night,5.0,0.0,0.0,0.06,0.06,,20.0,1,1,Fast (<=20m),On Time
0x753a,RANCHIRES07DEL03,Ranchi,29.0,25-29,4.9,4.7-5.0,Fog,Jam,0,Drinks,Scooter,1.0,No,19:45,19:60,19.0,Evening,15.0,23.359407,85.325055,23.449407,85.415055,13.583087432008812,46.0,1,0,Slow (>30m),Over 30 Min
0x755a,INDORES15DEL03,Indore,33.0,30-34,4.0,Below 4.2,Sandstorms,Jam,0,Drinks,Scooter,1.0,No,19:50,19:55,19.0,Evening,5.0,22.760072,75.892574,22.790072,75.922574,4.537424377626163,31.0,1,0,Slow (>30m),Over 30 Min
0x7597,INDORES06DEL02,Indore,35.0,35-45,4.0,Below 4.2,Cloudy,Jam,1,Buffet,Bicycle,1.0,No,20:25,20:30,20.0,Evening,5.0,22.728163,75.884212,22.778163,75.934212,7.5629314911012475,37.0,1,0,Slow (>30m),Over 30 Min
0x7599,PUNERES12DEL02,Pune,25.0,25-29,4.8,4.7-5.0,Sandstorms,High,2,Drinks,Motorcycle,1.0,No,11:20,11:35,11.0,Morning,15.0,18.520016,73.830547,18.540016,73.850547,3.0646318253808076,20.0,1,1,Fast (<=20m),On Time
0x75c5,VADRES20DEL01,Vadodara,33.0,30-34,5.0,4.7-5.0,Cloudy,Medium,2,Meal,Scooter,1.0,No,18:15,18:20,18.0,Evening,5.0,22.311358,73.164798,22.381358,73.234798,10.602482632372023,31.0,1,0,Slow (>30m),Over 30 Min
0x75d2,HYDRES12DEL02,Hyderabad,20.0,18-24,4.9,4.7-5.0,Sunny,Low,0,Meal,Scooter,1.0,Unknown,8:35,8:45,8.0,Morning,10.0,17.429585,78.392621,17.449585,78.412621,3.073637907066746,12.0,1,1,Fast (<=20m),On Time
0x75e1,VADRES05DEL03,Vadodara,26.0,25-29,4.6,4.2-4.6,Windy,Low,1,Meal,Scooter,1.0,No,23:10,23:20,23.0,Late Night,10.0,22.310526,73.170937,22.370526,73.230937,9.088017666602445,16.0,1,1,Fast (<=20m),On Time
0x75e8,MUMRES08DEL03,Mumbai,35.0,35-45,4.6,4.2-4.6,Fog,Low,0,Drinks,Scooter,1.0,No,23:30,23:35,23.0,Late Night,5.0,19.065838,72.832658,19.125838,72.892658,9.179289366985605,20.0,1,1,Fast (<=20m),On Time
0x7600,MUMRES11DEL01,Mumbai,22.0,18-24,4.7,4.7-5.0,Sunny,Medium,2,Meal,Motorcycle,1.0,No,15:15,15:20,15.0,Afternoon,5.0,18.994237,72.825553,19.034237,72.865553,6.120946957524185,19.0,1,1,Fast (<=20m),On Time
0x761f,CHENRES03DEL01,Chennai,29.0,25-29,2.5,Below 4.2,Sunny,Low,1,Snack,Scooter,2.0,No,22:40,22:55,22.0,Late Night,15.0,13.091809,80.219104,13.201809,80.329104,17.07271358213986,35.0,1,0,Slow (>30m),Over 30 Min
0x7624,MYSRES16DEL02,Mysuru,30.0,30-34,4.8,4.7-5.0,Cloudy,Low,0,Buffet,Scooter,1.0,No,23:50,23:60,23.0,Late Night,10.0,12.316967,76.603067,12.366967,76.653067,7.7723543300824565,20.0,1,1,Fast (<=20m),On Time
0x7642,JAPRES11DEL01,Jaipur,38.0,35-45,4.9,4.7-5.0,Sunny,Low,1,Buffet,Scooter,0.0,No,8:15,8:30,8.0,Morning,15.0,26.90294,75.793007,26.91294,75.803007,1.4898443645984067,19.0,1,1,Fast (<=20m),On Time
0x764a,MUMRES18DEL02,Mumbai,26.0,25-29,4.7,4.7-5.0,Windy,Jam,2,Snack,Scooter,0.0,No,19:40,19:50,19.0,Evening,10.0,19.1093,72.825451,19.1893,72.905451,12.237184781404837,27.0,1,1,Standard (21-30m),On Time
0x7695,RANCHIRES010DEL03,Ranchi,30.0,30-34,5.0,4.7-5.0,Cloudy,Jam,1,Buffet,Bicycle,1.0,Yes,21:40,21:45,21.0,Late Night,5.0,23.354422,85.3329,23.444422,85.4229,13.583321263390523,48.0,1,0,Slow (>30m),Over 30 Min
0x76a2,HYDRES03DEL01,Hyderabad,33.0,30-34,4.1,Below 4.2,Cloudy,High,1,Drinks,Bicycle,1.0,No,11:30,11:35,11.0,Morning,5.0,17.422819,78.449578,17.432819,78.459578,1.536866182222313,31.0,1,0,Slow (>30m),Over 30 Min
0x76b7,CHENRES08DEL02,Chennai,38.0,35-45,4.0,Below 4.2,Fog,Medium,1,Buffet,Scooter,1.0,No,17:20,17:35,17.0,Evening,15.0,13.022394,80.242439,13.102394,80.322439,12.41859279108528,34.0,1,0,Slow (>30m),Over 30 Min
0x76e,PUNERES05DEL02,Pune,30.0,30-34,4.7,4.7-5.0,Stormy,Low,2,Meal,Scooter,1.0,No,8:55,8:60,8.0,Morning,5.0,18.543626,73.905101,18.563626,73.925101,3.0644313257918503,15.0,1,1,Fast (<=20m),On Time
0x76f5,HYDRES15DEL02,Hyderabad,31.0,30-34,4.3,4.2-4.6,Stormy,High,0,Drinks,Scooter,1.0,No,11:50,11:55,11.0,Morning,5.0,17.45971,78.368855,17.47971,78.388855,3.0733958165924045,38.0,1,0,Slow (>30m),Over 30 Min
0x76fc,CHENRES17DEL01,Chennai,20.0,18-24,4.6,4.2-4.6,Sandstorms,Low,2,Drinks,Bicycle,1.0,No,22:55,22:60,22.0,Late Night,5.0,13.045479,80.23311,13.155479,80.34311,17.07428036276252,12.0,1,1,Fast (<=20m),On Time
0x7722,MYSRES02DEL01,Mysuru,31.0,30-34,4.8,4.7-5.0,Sunny,Medium,1,Snack,Scooter,1.0,No,16:25,16:30,16.0,Afternoon,5.0,12.304569,76.643622,12.344569,76.683622,6.2180850978737885,21.0,1,1,Standard (21-30m),On Time
0x7740,VADRES03DEL01,Vadodara,24.0,18-24,4.3,4.2-4.6,Fog,Jam,1,Snack,Scooter,1.0,No,19:15,19:25,19.0,Evening,10.0,22.32,73.17,22.39,73.24,10.60217949663593,34.0,1,0,Slow (>30m),Over 30 Min
0x774c,JAPRES05DEL02,Jaipur,29.0,25-29,5.0,4.7-5.0,Fog,Low,2,Meal,Bicycle,0.0,No,22:45,22:60,22.0,Late Night,15.0,26.905287,75.794592,26.985287,75.874592,11.91700664100281,20.0,1,1,Fast (<=20m),On Time
0x7776,MYSRES11DEL01,Mysuru,20.0,18-24,4.9,4.7-5.0,Windy,High,0,Drinks,Scooter,1.0,No,13:60,14:10,14.0,Afternoon,10.0,12.323225,76.630028,12.363225,76.670028,6.217868918141731,31.0,1,0,Slow (>30m),Over 30 Min
0x777a,MYSRES010DEL03,Mysuru,27.0,25-29,4.9,4.7-5.0,Windy,Jam,2,Snack,Scooter,1.0,No,20:10,20:25,20.0,Evening,15.0,12.321214,76.621094,12.381214,76.681094,9.326664234694798,27.0,1,1,Standard (21-30m),On Time
0x7784,HYDRES02DEL02,Hyderabad,33.0,30-34,4.9,4.7-5.0,Windy,Low,1,Buffet,Scooter,0.0,No,22:60,23:15,23.0,Late Night,15.0,17.41233,78.449654,17.49233,78.529654,12.29414151179164,18.0,1,1,Fast (<=20m),On Time
0x77b1,SURRES12DEL01,Surat,27.0,25-29,5.0,4.7-5.0,Fog,High,1,Drinks,Scooter,1.0,No,12:55,13:05,12.0,Afternoon,10.0,21.183434,72.814492,21.223434,72.854492,6.080957425315434,22.0,1,1,Standard (21-30m),On Time
0x77bd,BANGRES13DEL02,Bengaluru,38.0,35-45,4.7,4.7-5.0,Windy,Medium,2,Meal,Motorcycle,0.0,No,18:45,18:60,18.0,Evening,15.0,12.935662,77.61413,13.065662,77.74413,20.18266236573575,22.0,1,1,Standard (21-30m),On Time
0x77cf,PUNERES03DEL03,Pune,24.0,18-24,4.9,4.7-5.0,Cloudy,Low,0,Drinks,Scooter,1.0,No,23:55,24:05,23.0,Late Night,10.0,18.554382,73.798206,18.644382,73.888206,13.78818852903814,24.0,1,1,Standard (21-30m),On Time
0x77f1,CHENRES02DEL01,Chennai,27.0,25-29,4.7,4.7-5.0,Sunny,High,2,Drinks,Scooter,1.0,No,13:20,13:30,13.0,Afternoon,10.0,13.086438,80.220672,13.126439,80.260672,6.208836191116964,19.0,1,1,Fast (<=20m),On Time
0x7804_x,HYDRES13DEL02,Hyderabad,28.0,25-29,4.9,4.7-5.0,Sandstorms,Low,1,Meal,Bicycle,1.0,No,10:60,11:15,11.0,Morning,15.0,17.431477,78.40035,17.451477,78.42035,3.0736227138774326,19.0,1,1,Fast (<=20m),On Time
0x7804_y,HYDRES13DEL02,Hyderabad,28.0,25-29,4.9,4.7-5.0,Sandstorms,Low,1,Meal,Bicycle,1.0,No,10:60,11:15,11.0,Morning,15.0,17.431477,78.40035,17.451477,78.42035,3.0736227138774326,19.0,1,1,Fast (<=20m),On Time
0x782a,VADRES08DEL02,Vadodara,31.0,30-34,4.9,4.7-5.0,Cloudy,Medium,0,Meal,Scooter,1.0,No,18:30,18:40,18.0,Evening,10.0,0.0,0.0,0.05,0.05,,33.0,1,0,Slow (>30m),Over 30 Min
0x788,COIMBRES03DEL01,Coimbatore,25.0,25-29,4.7,4.7-5.0,Sandstorms,Low,1,Snack,Bicycle,0.0,No,22:35,22:50,22.0,Late Night,15.0,11.025083,77.015393,11.095083,77.085393,10.906004120262432,19.0,1,1,Fast (<=20m),On Time
0x788e,SURRES20DEL01,Surat,27.0,25-29,5.0,4.7-5.0,Fog,Medium,2,Snack,Motorcycle,0.0,No,17:30,17:35,17.0,Evening,5.0,21.15276,72.778059,21.26276,72.888059,16.722403488740408,26.0,1,1,Standard (21-30m),On Time
0x78c2,JAPRES010DEL03,Jaipur,27.0,25-29,4.4,4.2-4.6,Cloudy,Medium,1,Snack,Bicycle,1.0,No,17:35,17:45,17.0,Evening,10.0,26.921411,75.793604,27.061411,75.933604,20.850977224868476,32.0,1,0,Slow (>30m),Over 30 Min
0x78da,MUMRES06DEL03,Mumbai,37.0,35-45,4.7,4.7-5.0,Sandstorms,Medium,1,Drinks,Bicycle,1.0,No,17:60,18:05,18.0,Evening,5.0,19.055831,72.833984,19.115831,72.893984,9.17955113014458,31.0,1,0,Slow (>30m),Over 30 Min
0x78ef,INDORES14DEL01,Indore,31.0,30-34,4.0,Below 4.2,Stormy,Medium,1,Drinks,Scooter,1.0,No,16:35,16:50,16.0,Afternoon,15.0,22.761593,75.886362,22.801593,75.926362,6.049766275176749,31.0,1,0,Slow (>30m),Over 30 Min
0x7912,BANGRES010DEL02,Bengaluru,30.0,30-34,4.7,4.7-5.0,Cloudy,Low,1,Drinks,Bicycle,0.0,No,9:60,10:05,10.0,Morning,5.0,12.933298,77.614293,12.953298,77.634293,3.1053741802282477,18.0,1,1,Fast (<=20m),On Time
0x7914,RANCHIRES06DEL03,Ranchi,26.0,25-29,4.9,4.7-5.0,Sandstorms,Low,1,Buffet,Scooter,0.0,No,22:55,23:05,22.0,Late Night,10.0,23.357804,85.325146,23.417804,85.385146,9.055911116451997,11.0,1,1,Fast (<=20m),On Time
0x791c,MUMRES09DEL03,Mumbai,27.0,25-29,4.5,4.2-4.6,Cloudy,Medium,1,Snack,Bicycle,1.0,No,18:40,18:45,18.0,Evening,5.0,18.994049,72.825203,19.054049,72.885203,9.18116448279501,11.0,1,1,Fast (<=20m),On Time
0x792d,COIMBRES05DEL02,Coimbatore,33.0,30-34,4.8,4.7-5.0,Sunny,Jam,1,Snack,Scooter,1.0,No,19:50,20:05,19.0,Evening,15.0,11.022169,76.999594,11.072169,77.049594,7.7901713674485,15.0,1,1,Fast (<=20m),On Time
0x7939,SURRES16DEL01,Surat,38.0,35-45,4.5,4.2-4.6,Sandstorms,Jam,1,Buffet,Scooter,1.0,No,21:35,21:40,21.0,Late Night,5.0,21.160437,72.774209,21.270437,72.884209,16.72199914611827,43.0,1,0,Slow (>30m),Over 30 Min
0x793d,MYSRES010DEL02,Mysuru,23.0,18-24,4.7,4.7-5.0,Stormy,Medium,0,Buffet,Scooter,1.0,No,17:35,17:40,17.0,Evening,5.0,12.321214,76.621094,12.401214,76.701094,12.435319899854402,29.0,1,1,Standard (21-30m),On Time
0x793f,HYDRES16DEL02,Hyderabad,37.0,35-45,4.9,4.7-5.0,Sunny,Jam,0,Meal,Scooter,1.0,No,19:35,19:40,19.0,Evening,5.0,17.440827,78.393391,17.490827,78.443391,7.6835674714112745,27.0,1,1,Standard (21-30m),On Time
0x794c,CHENRES010DEL02,Chennai,25.0,25-29,4.7,4.7-5.0,Sandstorms,Low,0,Buffet,Scooter,1.0,No,22:60,23:10,23.0,Late Night,10.0,13.066762,80.251865,13.196762,80.381865,20.177444658457695,15.0,1,1,Fast (<=20m),On Time
0x7961,MUMRES06DEL02,Mumbai,38.0,35-45,4.9,4.7-5.0,Stormy,Medium,1,Meal,Scooter,1.0,No,18:35,18:45,18.0,Evening,10.0,19.055831,72.833984,19.105831,72.883984,7.649734968699055,25.0,1,1,Standard (21-30m),On Time
0x79ab,MUMRES09DEL02,Mumbai,23.0,18-24,4.7,4.7-5.0,Stormy,Low,1,Buffet,Bicycle,0.0,No,23:45,23:50,23.0,Late Night,5.0,18.994049,72.825203,19.124049,72.955203,19.890541696983345,18.0,1,1,Fast (<=20m),On Time
0x79db,INDORES18DEL02,Indore,34.0,30-34,4.7,4.7-5.0,Stormy,Jam,1,Buffet,Scooter,1.0,No,21:25,21:35,21.0,Late Night,10.0,22.753839,75.897429,22.803839,75.947429,7.562277916981557,33.0,1,0,Slow (>30m),Over 30 Min
0x79e,BANGRES09DEL01,Bengaluru,26.0,25-29,5.0,4.7-5.0,Sunny,Medium,1,Buffet,Scooter,1.0,No,17:25,17:40,17.0,Evening,15.0,12.934179,77.615797,13.004179,77.685797,10.868259086398918,15.0,1,1,Fast (<=20m),On Time
0x7a0e,HYDRES17DEL01,Hyderabad,27.0,25-29,4.7,4.7-5.0,Windy,Jam,1,Buffet,Bicycle,1.0,No,19:20,19:30,19.0,Evening,10.0,17.451976,78.385883,17.521976,78.455883,10.756398710753986,28.0,1,1,Standard (21-30m),On Time
0x7a12,SURRES02DEL01,Surat,32.0,30-34,4.0,Below 4.2,Sandstorms,Medium,1,Snack,Scooter,2.0,No,15:50,15:55,15.0,Afternoon,5.0,21.186608,72.794136,21.226608,72.834136,6.080896651890408,32.0,1,0,Slow (>30m),Over 30 Min
0x7a4e,MUMRES08DEL01,Mumbai,34.0,30-34,4.7,4.7-5.0,Windy,Jam,0,Buffet,Scooter,2.0,No,21:30,21:40,21.0,Late Night,10.0,19.065838,72.832658,19.135838,72.902658,10.709018163440874,37.0,1,0,Slow (>30m),Over 30 Min
0x7a6a,COIMBRES13DEL02,Coimbatore,38.0,35-45,4.7,4.7-5.0,Sunny,Medium,0,Buffet,Scooter,1.0,No,17:60,18:10,18.0,Evening,10.0,11.003669,76.976494,11.053669,77.026494,7.790412120666412,21.0,1,1,Standard (21-30m),On Time
0x7a8,JAPRES16DEL01,Jaipur,29.0,25-29,4.8,4.7-5.0,Stormy,Medium,2,Drinks,Bicycle,0.0,No,16:55,16:60,16.0,Afternoon,5.0,26.849596,75.800512,26.889596,75.840512,5.960273404169106,20.0,1,1,Fast (<=20m),On Time
0x7a90,SURRES14DEL01,Surat,26.0,25-29,4.9,4.7-5.0,Windy,Jam,2,Snack,Bicycle,0.0,No,21:15,21:20,21.0,Late Night,5.0,21.157729,72.768726,21.227729,72.838726,10.642033763582752,26.0,1,1,Standard (21-30m),On Time
0x7a94,RANCHIRES08DEL03,Ranchi,33.0,30-34,4.5,4.2-4.6,Sunny,Jam,2,Drinks,Motorcycle,1.0,No,20:45,20:50,20.0,Evening,5.0,23.353783,85.326967,23.383783,85.356967,4.528252831419274,21.0,1,1,Standard (21-30m),On Time
0x7a9c,MYSRES09DEL02,Mysuru,23.0,18-24,4.7,4.7-5.0,Sandstorms,Jam,2,Buffet,Bicycle,1.0,No,21:25,21:35,21.0,Late Night,10.0,12.323194,76.630583,12.373194,76.680583,7.772264055939685,11.0,1,1,Fast (<=20m),On Time
0x7af,MYSRES02DEL01,Mysuru,36.0,35-45,4.8,4.7-5.0,Fog,Medium,0,Meal,Scooter,1.0,No,16:40,16:55,16.0,Afternoon,15.0,12.304569,76.643622,12.344569,76.683622,6.2180850978737885,29.0,1,1,Standard (21-30m),On Time
0x7af6,CHENRES11DEL01,Chennai,38.0,35-45,4.9,4.7-5.0,Windy,Medium,2,Snack,Bicycle,1.0,No,15:15,15:25,15.0,Afternoon,10.0,13.064181,80.236442,13.104181,80.276442,6.209029677800828,27.0,1,1,Standard (21-30m),On Time
0x7b1c,CHENRES03DEL03,Chennai,36.0,35-45,4.5,4.2-4.6,Stormy,Low,1,Drinks,Bicycle,0.0,No,23:50,23:55,23.0,Late Night,5.0,13.091809,80.219104,13.181809,80.309104,13.96886131654743,23.0,1,1,Standard (21-30m),On Time
0x7b1d,JAPRES08DEL02,Jaipur,30.0,30-34,4.9,4.7-5.0,Fog,Low,1,Meal,Bicycle,1.0,No,10:45,10:60,10.0,Morning,15.0,26.910262,75.783013,26.930262,75.803013,2.979544637875287,15.0,1,1,Fast (<=20m),On Time
0x7b21,COIMBRES01DEL03,Coimbatore,22.0,18-24,4.7,4.7-5.0,Cloudy,Medium,1,Snack,Bicycle,1.0,No,17:35,17:40,17.0,Evening,5.0,11.016298,76.972076,11.046298,77.002076,4.6742268124954025,12.0,1,1,Fast (<=20m),On Time
0x7b35,VADRES08DEL01,Vadodara,31.0,30-34,4.6,4.2-4.6,Sunny,Jam,1,Buffet,Bicycle,0.0,No,20:45,20:50,20.0,Evening,5.0,0.0,0.0,0.07,0.07,,18.0,1,1,Fast (<=20m),On Time
0x7b68,SURRES13DEL03,Surat,36.0,35-45,4.5,4.2-4.6,Sunny,Medium,1,Snack,Scooter,0.0,No,17:35,17:45,17.0,Evening,10.0,21.170096,72.789122,21.230096,72.849122,9.121531825074083,18.0,1,1,Fast (<=20m),On Time
0x7bad,COIMBRES14DEL03,Coimbatore,33.0,30-34,3.6,Below 4.2,Sandstorms,Medium,2,Buffet,Scooter,1.0,No,18:40,18:50,18.0,Evening,10.0,11.003681,76.975525,11.093681,77.065525,14.022272449356104,34.0,1,0,Slow (>30m),Over 30 Min
0x7bbb,JAPRES15DEL01,Jaipur,37.0,35-45,4.9,4.7-5.0,Stormy,Low,2,Buffet,Scooter,1.0,No,23:30,23:35,23.0,Late Night,5.0,26.891191,75.802083,26.961191,75.872083,10.428162997660284,20.0,1,1,Fast (<=20m),On Time
0x7bc0,JAPRES15DEL01,Jaipur,32.0,30-34,4.7,4.7-5.0,Sunny,High,2,Buffet,Bicycle,1.0,No,13:45,13:60,13.0,Afternoon,15.0,26.891191,75.802083,26.931191,75.842083,5.959301341148196,16.0,1,1,Fast (<=20m),On Time
0x7bcd,PUNERES16DEL02,Pune,29.0,25-29,4.7,4.7-5.0,Cloudy,Low,1,Buffet,Bicycle,1.0,No,8:35,8:45,8.0,Morning,10.0,18.536718,73.830327,18.556718,73.850327,3.0644900135240944,14.0,1,1,Fast (<=20m),On Time
0x7bd0,MYSRES07DEL01,Mysuru,36.0,35-45,4.7,4.7-5.0,Sunny,Medium,1,Meal,Scooter,0.0,No,16:35,16:40,16.0,Afternoon,5.0,12.325461,76.632278,12.365461,76.672278,6.217842987017597,16.0,1,1,Fast (<=20m),On Time
0x7c0c,MUMRES01DEL03,Mumbai,31.0,30-34,4.8,4.7-5.0,Sandstorms,Low,1,Buffet,Scooter,0.0,No,23:35,23:45,23.0,Late Night,10.0,19.12663,72.829976,19.21663,72.919976,13.76595363047329,17.0,1,1,Fast (<=20m),On Time
0x7c0e,CHENRES09DEL01,Chennai,21.0,18-24,4.4,4.2-4.6,Sandstorms,Low,0,Snack,Scooter,1.0,No,9:60,10:15,10.0,Morning,15.0,13.044694,80.26147,13.054694,80.27147,1.5523630242238229,26.0,1,1,Standard (21-30m),On Time
0x7c12,INDORES20DEL02,Indore,22.0,18-24,4.2,4.2-4.6,Windy,High,0,Drinks,Scooter,1.0,No,11:25,11:40,11.0,Morning,15.0,22.732225,75.874765,22.752225,75.894765,3.0252839511176317,34.0,1,0,Slow (>30m),Over 30 Min
0x7c2e,JAPRES12DEL03,Jaipur,36.0,35-45,4.7,4.7-5.0,Fog,Jam,0,Meal,Scooter,1.0,Yes,21:45,21:50,21.0,Late Night,5.0,26.902908,75.792934,26.992908,75.882934,13.406494172143054,47.0,1,0,Slow (>30m),Over 30 Min
0x7c4,HYDRES18DEL03,Hyderabad,32.0,30-34,4.1,Below 4.2,Stormy,Low,0,Buffet,Scooter,1.0,No,22:30,22:45,22.0,Late Night,15.0,17.450851,78.379347,17.480851,78.409347,4.61014025524097,28.0,1,1,Standard (21-30m),On Time
0x7c5,MUMRES04DEL02,Mumbai,24.0,18-24,4.6,4.2-4.6,Fog,Low,1,Drinks,Scooter,0.0,No,23:60,24:05,0.0,Morning,5.0,19.254567,72.848923,19.384567,72.978923,19.87570805837005,23.0,1,1,Standard (21-30m),On Time
0x7c50,COIMBRES15DEL03,Coimbatore,35.0,35-45,4.2,4.2-4.6,Windy,Low,0,Drinks,Scooter,2.0,No,22:55,23:10,22.0,Late Night,15.0,11.006686,76.951736,11.036686,76.981736,4.674301789772365,34.0,1,0,Slow (>30m),Over 30 Min
0x7c6a,INDORES14DEL02,Indore,39.0,35-45,4.2,4.2-4.6,Fog,High,0,Buffet,Scooter,1.0,No,11:55,12:05,11.0,Morning,10.0,22.761593,75.886362,22.781593,75.906362,3.0249850323782557,32.0,1,0,Slow (>30m),Over 30 Min
0x7c7,VADRES02DEL03,Vadodara,25.0,25-29,4.6,4.2-4.6,Cloudy,Low,0,Snack,Scooter,1.0,No,23:50,23:60,23.0,Late Night,10.0,0.0,0.0,0.06,0.06,,21.0,1,1,Standard (21-30m),On Time
0x7c86,INDORES01DEL01,Indore,29.0,25-29,4.7,4.7-5.0,Cloudy,Jam,0,Drinks,Scooter,0.0,No,20:10,20:25,20.0,Evening,15.0,22.695207,75.866059,22.765207,75.936059,10.588921162708731,48.0,1,0,Slow (>30m),Over 30 Min
0x7c8b,MUMRES14DEL01,Mumbai,39.0,35-45,4.8,4.7-5.0,Sunny,Medium,2,Buffet,Motorcycle,1.0,No,16:30,16:45,16.0,Afternoon,15.0,19.1813,72.836191,19.2213,72.876191,6.117682222910815,22.0,1,1,Standard (21-30m),On Time
0x7c97,COIMBRES03DEL02,Coimbatore,24.0,18-24,2.8,Below 4.2,Sunny,Low,2,Buffet,Bicycle,1.0,No,22:55,23:05,22.0,Late Night,10.0,11.025083,77.015393,11.105083,77.095393,12.463900240015128,42.0,1,0,Slow (>30m),Over 30 Min
0x7cc1,BANGRES11DEL01,Bengaluru,27.0,25-29,4.6,4.2-4.6,Windy,Jam,2,Drinks,Bicycle,1.0,No,20:10,20:15,20.0,Evening,5.0,12.934365,77.616155,13.044365,77.726155,17.078016461290474,28.0,1,1,Standard (21-30m),On Time
0x7cc4,MYSRES08DEL03,Mysuru,33.0,30-34,4.1,Below 4.2,Stormy,Medium,2,Meal,Bicycle,1.0,No,18:30,18:40,18.0,Evening,10.0,12.297954,76.665169,12.387954,76.755169,13.990211466141263,39.0,1,0,Slow (>30m),Over 30 Min
0x7cdb,MYSRES08DEL01,Mysuru,22.0,18-24,4.9,4.7-5.0,Cloudy,Medium,2,Meal,Bicycle,1.0,No,16:15,16:25,16.0,Afternoon,10.0,12.297954,76.665169,12.337954,76.705169,6.2181616749438655,18.0,1,1,Fast (<=20m),On Time
0x7cf7,CHENRES13DEL01,Chennai,24.0,18-24,4.5,4.2-4.6,Fog,Low,2,Drinks,Bicycle,0.0,No,22:50,23:05,22.0,Late Night,15.0,13.027018,80.254791,13.137018,80.364791,17.07490320190642,23.0,1,1,Standard (21-30m),On Time
0x7cfe,MUMRES19DEL02,Mumbai,39.0,35-45,4.8,4.7-5.0,Cloudy,Jam,0,Meal,Scooter,0.0,No,21:15,21:30,21.0,Late Night,15.0,19.131141,72.813074,19.181141,72.863074,7.648091192586838,27.0,1,1,Standard (21-30m),On Time
0x7d2d,MUMRES01DEL02,Mumbai,27.0,25-29,4.6,4.2-4.6,Stormy,Jam,1,Snack,Scooter,1.0,No,20:55,21:05,20.0,Evening,10.0,19.12663,72.829976,19.25663,72.959976,19.883015331665398,18.0,1,1,Fast (<=20m),On Time
0x7d30,COIMBRES17DEL03,Coimbatore,23.0,18-24,4.7,4.7-5.0,Windy,Low,2,Buffet,Motorcycle,1.0,No,22:60,23:10,23.0,Late Night,10.0,11.026117,76.944652,11.056117,76.974652,4.674150155178692,19.0,1,1,Fast (<=20m),On Time
0x7d4d,HYDRES04DEL03,Hyderabad,29.0,25-29,4.9,4.7-5.0,Sandstorms,Medium,2,Drinks,Bicycle,1.0,No,17:50,17:60,17.0,Evening,10.0,17.411028,78.329645,17.441028,78.359645,4.610620073503543,23.0,1,1,Standard (21-30m),On Time
0x7d6f,HYDRES04DEL01,Hyderabad,37.0,35-45,4.9,4.7-5.0,Cloudy,High,0,Drinks,Scooter,1.0,No,11:25,11:30,11.0,Morning,5.0,17.411028,78.329645,17.421028,78.339645,1.5369134780074378,33.0,1,0,Slow (>30m),Over 30 Min
0x7d70,VADRES18DEL01,Vadodara,31.0,30-34,4.9,4.7-5.0,Sandstorms,Low,2,Drinks,Bicycle,1.0,No,23:20,23:25,23.0,Late Night,5.0,0.0,0.0,0.07,0.07,,25.0,1,1,Standard (21-30m),On Time
0x7d7c,RANCHIRES06DEL03,Ranchi,34.0,30-34,3.7,Below 4.2,Sandstorms,Medium,1,Snack,Scooter,1.0,No,17:30,17:40,17.0,Evening,10.0,23.357804,85.325146,23.447804,85.415146,13.583162628532525,31.0,1,0,Slow (>30m),Over 30 Min
0x7d89,MUMRES17DEL02,Mumbai,26.0,25-29,4.5,4.2-4.6,Sunny,Jam,1,Meal,Scooter,1.0,Unknown,19:30,19:45,19.0,Evening,15.0,19.121999,72.908493,19.171999,72.958493,7.6482910444034315,14.0,1,1,Fast (<=20m),On Time
0x7d8c,INDORES06DEL02,Indore,27.0,25-29,4.5,4.2-4.6,Sandstorms,Low,1,Meal,Bicycle,0.0,No,22:15,22:30,22.0,Late Night,15.0,22.728163,75.884212,22.778163,75.934212,7.5629314911012475,16.0,1,1,Fast (<=20m),On Time
0x7d97,BANGRES01DEL02,Bengaluru,22.0,18-24,5.0,4.7-5.0,Cloudy,High,2,Meal,Bicycle,0.0,No,11:25,11:40,11.0,Morning,15.0,12.933284,77.615428,12.953284,77.635428,3.1053742651808514,25.0,1,1,Standard (21-30m),On Time
0x7dad,COIMBRES13DEL01,Coimbatore,39.0,35-45,4.7,4.7-5.0,Stormy,High,1,Snack,Scooter,1.0,No,14:55,14:60,14.0,Afternoon,5.0,11.003669,76.976494,11.043669,77.016494,6.2323817378041095,27.0,1,1,Standard (21-30m),On Time
0x7db2,HYDRES06DEL01,Hyderabad,33.0,30-34,3.0,Below 4.2,Sunny,Low,0,Buffet,Scooter,2.0,No,22:35,22:45,22.0,Late Night,10.0,17.455894,78.375467,17.565894,78.485467,16.901851620074936,34.0,1,0,Slow (>30m),Over 30 Min
0x7dc9,CHENRES05DEL03,Chennai,33.0,30-34,4.6,4.2-4.6,Fog,Jam,0,Buffet,Scooter,1.0,No,20:35,20:50,20.0,Evening,15.0,13.058616,80.264151,13.088616,80.294151,4.656869406838158,29.0,1,1,Standard (21-30m),On Time
0x7dd0,PUNERES04DEL01,Pune,33.0,30-34,4.7,4.7-5.0,Cloudy,Low,0,Snack,Scooter,1.0,No,9:20,9:25,9.0,Morning,5.0,18.51421,73.838429,18.52421,73.848429,1.5323617610735154,26.0,1,1,Standard (21-30m),On Time
0x7dd7,JAPRES08DEL02,Jaipur,20.0,18-24,4.5,4.2-4.6,Windy,Jam,2,Buffet,Motorcycle,1.0,No,20:55,20:60,20.0,Evening,5.0,26.910262,75.783013,27.040262,75.913013,19.36285219148883,21.0,1,1,Standard (21-30m),On Time
0x7de5,MYSRES19DEL02,Mysuru,38.0,35-45,4.4,4.2-4.6,Sandstorms,Low,0,Snack,Scooter,1.0,No,10:50,10:55,10.0,Morning,5.0,12.334022,76.618203,12.354022,76.638203,3.108929865385666,23.0,1,1,Standard (21-30m),On Time
0x7de7,JAPRES03DEL02,Jaipur,36.0,35-45,4.6,4.2-4.6,Windy,Medium,1,Drinks,Bicycle,1.0,No,17:25,17:30,17.0,Evening,5.0,26.913483,75.803139,27.043483,75.933139,19.362606928200723,30.0,1,1,Standard (21-30m),On Time
0x7de9,HYDRES12DEL01,Hyderabad,26.0,25-29,4.7,4.7-5.0,Fog,Low,0,Meal,Scooter,1.0,No,22:15,22:20,22.0,Late Night,5.0,17.429585,78.392621,17.539585,78.502621,16.9030170916551,24.0,1,1,Standard (21-30m),On Time
0x7e00,SURRES02DEL03,Surat,34.0,30-34,4.8,4.7-5.0,Stormy,Jam,2,Snack,Bicycle,1.0,No,20:40,20:55,20.0,Evening,15.0,21.186608,72.794136,21.246608,72.854136,9.12105752015335,31.0,1,0,Slow (>30m),Over 30 Min
0x7e0b,HYDRES04DEL02,Hyderabad,20.0,18-24,5.0,4.7-5.0,Windy,Low,2,Meal,Motorcycle,1.0,No,23:50,23:55,23.0,Late Night,5.0,17.411028,78.329645,17.491028,78.409645,12.294183357795518,17.0,1,1,Fast (<=20m),On Time
0x7e1c,MYSRES11DEL02,Mysuru,27.0,25-29,4.8,4.7-5.0,Sunny,Medium,0,Buffet,Scooter,0.0,No,18:55,19:05,18.0,Evening,10.0,12.323225,76.630028,12.403225,76.710028,12.435273191421537,19.0,1,1,Fast (<=20m),On Time
0x7e24,SURRES16DEL01,Surat,32.0,30-34,4.7,4.7-5.0,Windy,Low,2,Meal,Bicycle,0.0,No,23:35,23:40,23.0,Late Night,5.0,21.160437,72.774209,21.270437,72.884209,16.72199914611827,21.0,1,1,Standard (21-30m),On Time
0x7e27,RANCHIRES14DEL02,Ranchi,21.0,18-24,4.6,4.2-4.6,Sandstorms,Low,1,Snack,Bicycle,0.0,No,22:45,22:55,22.0,Late Night,10.0,0.0,0.0,0.05,0.05,,17.0,1,1,Fast (<=20m),On Time
0x7e2f,RANCHIRES17DEL01,Ranchi,31.0,30-34,5.0,4.7-5.0,Sunny,Low,1,Drinks,Bicycle,1.0,No,10:45,10:55,10.0,Morning,10.0,23.374878,85.335739,23.384878,85.345739,1.5093598544474987,13.0,1,1,Fast (<=20m),On Time
0x7e36,SURRES15DEL03,Surat,33.0,30-34,4.7,4.7-5.0,Sandstorms,Medium,2,Snack,Bicycle,0.0,No,18:25,18:35,18.0,Evening,10.0,21.160522,72.771477,21.250522,72.861477,13.68206342452558,24.0,1,1,Standard (21-30m),On Time
0x7e58,MUMRES19DEL01,Mumbai,24.0,18-24,5.0,4.7-5.0,Cloudy,Jam,1,Drinks,Scooter,1.0,No,19:35,19:40,19.0,Evening,5.0,19.131141,72.813074,19.201141,72.883074,10.707021253918148,32.0,1,0,Slow (>30m),Over 30 Min
0x7ebc,SURRES17DEL01,Surat,22.0,18-24,4.8,4.7-5.0,Cloudy,High,0,Drinks,Scooter,1.0,No,11:55,12:10,11.0,Morning,15.0,21.149569,72.772697,21.159569,72.782697,1.5204730335747643,21.0,1,1,Standard (21-30m),On Time
0x7ebf,COIMBRES17DEL02,Coimbatore,22.0,18-24,4.7,4.7-5.0,Stormy,Jam,2,Snack,Bicycle,1.0,No,19:40,19:50,19.0,Evening,10.0,11.026117,76.944652,11.106117,77.024652,12.463878657880215,26.0,1,1,Standard (21-30m),On Time
0x7ed1,MYSRES09DEL01,Mysuru,27.0,25-29,4.9,4.7-5.0,Windy,High,0,Snack,Scooter,1.0,No,11:55,11:60,11.0,Morning,5.0,12.323194,76.630583,12.333194,76.640583,1.5545107964629026,24.0,1,1,Standard (21-30m),On Time
0x7ed9,VADRES05DEL03,Vadodara,38.0,35-45,4.9,4.7-5.0,Stormy,Jam,1,Snack,Bicycle,1.0,No,19:60,20:05,20.0,Evening,5.0,22.310526,73.170937,22.400526,73.260937,13.631349490566702,26.0,1,1,Standard (21-30m),On Time
0x7edb,BANGRES11DEL01,Bengaluru,35.0,35-45,4.5,4.2-4.6,Stormy,Medium,0,Meal,Scooter,1.0,No,15:20,15:30,15.0,Afternoon,10.0,12.934365,77.616155,12.974365,77.656155,6.21061394255009,28.0,1,1,Standard (21-30m),On Time
0x7ee7,PUNERES08DEL02,Pune,27.0,25-29,4.6,4.2-4.6,Sunny,Jam,2,Snack,Scooter,1.0,No,21:50,21:60,21.0,Late Night,10.0,18.53408,73.89852,18.58408,73.94852,7.660962302567452,18.0,1,1,Fast (<=20m),On Time
0x7ee8,MUMRES17DEL03,Mumbai,31.0,30-34,4.4,4.2-4.6,Sandstorms,Jam,0,Meal,Scooter,1.0,No,21:30,21:35,21.0,Late Night,5.0,19.121999,72.908493,19.211999,72.998493,13.76613601028199,39.0,1,0,Slow (>30m),Over 30 Min
0x7ef9,JAPRES02DEL03,Jaipur,34.0,30-34,3.8,Below 4.2,Sandstorms,Jam,2,Drinks,Bicycle,2.0,No,19:45,19:60,19.0,Evening,15.0,26.914142,75.805704,27.054142,75.945704,20.851573491003915,41.0,1,0,Slow (>30m),Over 30 Min
0x7f0,RANCHIRES04DEL02,Ranchi,27.0,25-29,4.5,4.2-4.6,Windy,Low,0,Buffet,Scooter,0.0,No,10:10,10:25,10.0,Morning,15.0,23.359033,85.325347,23.379033,85.345347,3.01883263316829,22.0,1,1,Standard (21-30m),On Time
0x7f00,MYSRES01DEL03,Mysuru,38.0,35-45,4.7,4.7-5.0,Sunny,Low,2,Buffet,Motorcycle,0.0,No,22:40,22:45,22.0,Late Night,5.0,12.311072,76.654878,12.371072,76.714878,9.326840686168874,11.0,1,1,Fast (<=20m),On Time
0x7f1,SURRES05DEL03,Surat,26.0,25-29,4.9,4.7-5.0,Fog,Jam,0,Snack,Scooter,1.0,No,21:15,21:20,21.0,Late Night,5.0,21.175104,72.804342,21.265104,72.894342,13.68143500948969,42.0,1,0,Slow (>30m),Over 30 Min
0x7f12,PUNERES02DEL03,Pune,29.0,25-29,4.5,4.2-4.6,Fog,Low,2,Snack,Motorcycle,1.0,No,23:10,23:25,23.0,Late Night,15.0,18.55144,73.804855,18.64144,73.894855,13.788301265200332,25.0,1,1,Standard (21-30m),On Time
0x7f13,VADRES06DEL03,Vadodara,27.0,25-29,4.6,4.2-4.6,Fog,Jam,0,Snack,Scooter,2.0,No,19:10,19:25,19.0,Evening,15.0,22.31279,73.170283,22.40279,73.260283,13.631247362750834,48.0,1,0,Slow (>30m),Over 30 Min
0x7f1c,HYDRES05DEL01,Hyderabad,24.0,18-24,4.6,4.2-4.6,Sunny,Jam,1,Buffet,Scooter,1.0,No,19:45,19:60,19.0,Evening,15.0,17.433809,78.386744,17.543809,78.496744,16.902830079649068,20.0,1,1,Fast (<=20m),On Time
0x7f22,PUNERES17DEL01,Pune,34.0,30-34,4.3,4.2-4.6,Windy,Jam,2,Snack,Motorcycle,1.0,No,21:10,21:25,21.0,Late Night,15.0,18.530963,73.828972,18.600963,73.898972,10.725142213576138,44.0,1,0,Slow (>30m),Over 30 Min
0x7f25,INDORES20DEL03,Indore,21.0,18-24,4.8,4.7-5.0,Stormy,Jam,1,Snack,Scooter,1.0,No,20:50,20:55,20.0,Evening,5.0,22.732225,75.874765,22.822225,75.964765,13.612173488605208,29.0,1,1,Standard (21-30m),On Time
0x7f33,VADRES02DEL02,Vadodara,38.0,35-45,3.9,Below 4.2,Windy,Jam,1,Buffet,Scooter,1.0,No,19:10,19:20,19.0,Evening,10.0,0.0,0.0,0.08,0.08,,41.0,1,0,Slow (>30m),Over 30 Min
0x7f3c,MYSRES15DEL01,Mysuru,38.0,35-45,4.8,4.7-5.0,Windy,High,1,Meal,Scooter,1.0,No,12:30,12:40,12.0,Afternoon,10.0,12.352058,76.60665,12.392058,76.64665,6.217534192936522,30.0,1,1,Standard (21-30m),On Time
0x7f5c,MUMRES02DEL01,Mumbai,28.0,25-29,4.8,4.7-5.0,Cloudy,Low,2,Drinks,Bicycle,1.0,No,23:40,23:55,23.0,Late Night,15.0,19.221315,72.862381,19.331315,72.972381,16.820001996955664,28.0,1,1,Standard (21-30m),On Time
0x7f65,BANGRES15DEL02,Bengaluru,23.0,18-24,4.6,4.2-4.6,Stormy,Jam,1,Buffet,Scooter,1.0,No,20:15,20:25,20.0,Evening,10.0,12.975377,77.696664,13.105377,77.826664,20.18108701246389,19.0,1,1,Fast (<=20m),On Time
0x7f82,INDORES15DEL03,Indore,20.0,18-24,4.2,4.2-4.6,Fog,Jam,1,Meal,Bicycle,1.0,No,19:40,19:55,19.0,Evening,15.0,22.760072,75.892574,22.850072,75.982574,13.61089637581702,38.0,1,0,Slow (>30m),Over 30 Min
0x7faf_x,RANCHIRES07DEL01,Ranchi,37.0,35-45,4.6,4.2-4.6,Stormy,Low,0,Meal,Scooter,1.0,No,23:50,23:60,23.0,Late Night,10.0,23.359407,85.325055,23.429407,85.395055,10.564988694567147,25.0,1,1,Standard (21-30m),On Time
0x7faf_y,RANCHIRES07DEL01,Ranchi,37.0,35-45,4.6,4.2-4.6,Stormy,Low,0,Meal,Scooter,1.0,No,23:50,23:60,23.0,Late Night,10.0,23.359407,85.325055,23.429407,85.395055,10.564988694567147,25.0,1,1,Standard (21-30m),On Time
0x7fc4,INDORES05DEL02,Indore,25.0,25-29,4.6,4.2-4.6,Fog,High,2,Meal,Bicycle,1.0,No,11:60,12:05,12.0,Afternoon,5.0,22.727021,75.884167,22.747021,75.904167,3.025336884941077,20.0,1,1,Fast (<=20m),On Time
0x7ff,RANCHIRES15DEL02,Ranchi,24.0,18-24,4.9,4.7-5.0,Sunny,High,2,Drinks,Bicycle,0.0,No,11:60,12:15,12.0,Afternoon,15.0,23.369746,85.33982,23.389746,85.35982,3.0187210747007875,10.0,1,1,Fast (<=20m),On Time
0x7ff5,CHENRES01DEL03,Chennai,36.0,35-45,4.8,4.7-5.0,Cloudy,Low,2,Snack,Scooter,0.0,No,22:35,22:50,22.0,Late Night,15.0,13.005801,80.250744,13.095801,80.340744,13.971235914649574,26.0,1,1,Standard (21-30m),On Time
0x800c,COIMBRES02DEL03,Coimbatore,27.0,25-29,5.0,4.7-5.0,Fog,Medium,1,Buffet,Bicycle,0.0,No,18:20,18:30,18.0,Evening,10.0,11.022477,76.995667,11.052477,77.025667,4.674178580504783,10.0,1,1,Fast (<=20m),On Time
0x8021,INDORES14DEL02,Indore,25.0,25-29,4.4,4.2-4.6,Cloudy,Medium,2,Meal,Bicycle,1.0,No,17:40,17:45,17.0,Evening,5.0,22.761593,75.886362,22.841593,75.966362,12.098716647715964,39.0,1,0,Slow (>30m),Over 30 Min
0x805f,PUNERES19DEL01,Pune,33.0,30-34,4.4,4.2-4.6,Cloudy,Jam,2,Drinks,Motorcycle,0.0,No,20:25,20:30,20.0,Evening,5.0,18.563934,73.915367,18.673935,74.025367,16.851394307019227,43.0,1,0,Slow (>30m),Over 30 Min
0x80bf,VADRES08DEL02,Vadodara,27.0,25-29,4.9,4.7-5.0,Fog,Low,2,Meal,Motorcycle,1.0,No,23:40,23:55,23.0,Late Night,15.0,0.0,0.0,0.13,0.13,,22.0,1,1,Standard (21-30m),On Time
0x80e5,PUNERES14DEL01,Pune,30.0,30-34,4.8,4.7-5.0,Windy,High,2,Meal,Scooter,0.0,No,11:10,11:25,11.0,Morning,15.0,18.516216,73.842527,18.526216,73.852527,1.5323532524616483,27.0,1,1,Standard (21-30m),On Time
0x80f2,INDORES12DEL02,Indore,30.0,30-34,4.7,4.7-5.0,Cloudy,Low,1,Drinks,Bicycle,1.0,No,8:20,8:35,8.0,Morning,15.0,22.74806,75.8934,22.76806,75.9134,3.0251228174902294,19.0,1,1,Fast (<=20m),On Time
0x80f4,JAPRES11DEL03,Jaipur,21.0,18-24,4.7,4.7-5.0,Stormy,Jam,2,Meal,Bicycle,0.0,No,19:25,19:35,19.0,Evening,10.0,26.90294,75.793007,26.93294,75.823007,4.469357664742239,12.0,1,1,Fast (<=20m),On Time
0x8106,RANCHIRES08DEL02,Ranchi,24.0,18-24,4.8,4.7-5.0,Sandstorms,Low,1,Snack,Bicycle,1.0,No,23:35,23:45,23.0,Late Night,10.0,23.353783,85.326967,23.433783,85.406967,12.074298623477901,18.0,1,1,Fast (<=20m),On Time
0x8118,JAPRES17DEL01,Jaipur,33.0,30-34,4.0,Below 4.2,Fog,Medium,2,Snack,Bicycle,0.0,No,17:10,17:15,17.0,Evening,5.0,26.892312,75.806896,26.962312,75.876896,10.428117102996076,43.0,1,0,Slow (>30m),Over 30 Min
0x811b,SURRES19DEL01,Surat,33.0,30-34,4.7,4.7-5.0,Sunny,Low,0,Buffet,Scooter,1.0,No,10:20,10:25,10.0,Morning,5.0,21.149669,72.772629,21.159669,72.782629,1.5204725558915868,26.0,1,1,Standard (21-30m),On Time
0x811c,MUMRES17DEL01,Mumbai,21.0,18-24,4.7,4.7-5.0,Sandstorms,Low,0,Drinks,Scooter,1.0,No,22:55,22:60,22.0,Late Night,5.0,19.121999,72.908493,19.231999,73.018493,16.824795352615862,15.0,1,1,Fast (<=20m),On Time
0x814,PUNERES17DEL03,Pune,30.0,30-34,4.7,4.7-5.0,Unknown,Unknown,3,Meal,Electric Scooter,1.0,No,,18:45,,Unknown,,18.530963,73.828972,18.620963,73.918972,13.789085486755578,17.0,1,1,Fast (<=20m),On Time
0x814a,RANCHIRES02DEL02,Ranchi,37.0,35-45,4.5,4.2-4.6,Stormy,Low,2,Snack,Motorcycle,1.0,No,9:40,9:55,9.0,Morning,15.0,0.0,0.0,0.02,0.02,,23.0,1,1,Standard (21-30m),On Time
0x8155,INDORES01DEL02,Indore,30.0,30-34,4.9,4.7-5.0,Fog,Low,1,Meal,Bicycle,1.0,No,23:55,24:05,23.0,Late Night,10.0,22.695207,75.866059,22.825207,75.996059,19.66315308240118,27.0,1,1,Standard (21-30m),On Time
0x8183,PUNERES05DEL03,Pune,21.0,18-24,4.7,4.7-5.0,Sunny,Jam,2,Drinks,Bicycle,0.0,No,20:20,20:25,20.0,Evening,5.0,18.543626,73.905101,18.573626,73.935101,4.5965832331143455,13.0,1,1,Fast (<=20m),On Time
0x8184,RANCHIRES08DEL03,Ranchi,24.0,18-24,4.6,4.2-4.6,Stormy,Jam,1,Snack,Bicycle,0.0,No,19:10,19:25,19.0,Evening,15.0,23.353783,85.326967,23.383783,85.356967,4.528252831419274,19.0,1,1,Fast (<=20m),On Time
0x819d,VADRES20DEL01,Vadodara,20.0,18-24,4.9,4.7-5.0,Fog,Medium,0,Meal,Scooter,1.0,No,17:25,17:35,17.0,Evening,10.0,22.311358,73.164798,22.421358,73.274798,16.65994031403326,42.0,1,0,Slow (>30m),Over 30 Min
0x81ae,PUNERES17DEL03,Pune,22.0,18-24,4.7,4.7-5.0,Sunny,Low,2,Drinks,Bicycle,0.0,No,23:35,23:40,23.0,Late Night,5.0,18.530963,73.828972,18.560963,73.858972,4.596744619902203,22.0,1,1,Standard (21-30m),On Time
0x81c7,JAPRES16DEL03,Jaipur,24.0,18-24,4.9,4.7-5.0,Fog,Low,0,Snack,Scooter,0.0,No,22:45,22:55,22.0,Late Night,10.0,26.849596,75.800512,26.989596,75.940512,20.856862533584223,23.0,1,1,Standard (21-30m),On Time
0x81d1,MUMRES16DEL01,Mumbai,38.0,35-45,5.0,4.7-5.0,Sandstorms,High,0,Meal,Scooter,1.0,No,11:30,11:35,11.0,Morning,5.0,19.120083,72.907385,19.130083,72.917385,1.5297539915627936,33.0,1,0,Slow (>30m),Over 30 Min
0x81d9,MUMRES06DEL02,Mumbai,25.0,25-29,4.9,4.7-5.0,Fog,Medium,2,Meal,Bicycle,0.0,No,17:45,17:60,17.0,Evening,15.0,19.055831,72.833984,19.105831,72.883984,7.649734968699055,10.0,1,1,Fast (<=20m),On Time
0x81e9,HYDRES19DEL03,Hyderabad,33.0,30-34,4.5,4.2-4.6,Sunny,Medium,0,Buffet,Scooter,1.0,No,17:50,17:55,17.0,Evening,5.0,17.458998,78.500366,17.518998,78.560366,9.219721590978386,24.0,1,1,Standard (21-30m),On Time
0x8218,INDORES06DEL02,Indore,21.0,18-24,4.3,4.2-4.6,Stormy,Low,0,Buffet,Scooter,1.0,No,9:50,9:60,9.0,Morning,10.0,22.728163,75.884212,22.748163,75.904212,3.0253252696835844,29.0,1,1,Standard (21-30m),On Time
0x8257,MYSRES15DEL01,Mysuru,27.0,25-29,4.6,4.2-4.6,Fog,Jam,0,Drinks,Scooter,2.0,Yes,19:55,20:05,19.0,Evening,10.0,12.352058,76.60665,12.422058,76.67665,10.880379314876453,44.0,1,0,Slow (>30m),Over 30 Min
0x8262,MYSRES17DEL01,Mysuru,22.0,18-24,4.9,4.7-5.0,Sandstorms,Low,1,Snack,Bicycle,1.0,No,10:30,10:40,10.0,Morning,10.0,12.326356,76.619103,12.336356,76.629103,1.5545016393451447,19.0,1,1,Fast (<=20m),On Time
0x8282,SURRES010DEL02,Surat,28.0,25-29,5.0,4.7-5.0,Windy,Jam,1,Drinks,Scooter,1.0,No,21:55,22:10,21.0,Late Night,15.0,21.17106,72.789292,21.25106,72.869292,12.161622244335105,21.0,1,1,Standard (21-30m),On Time
0x8283,VADRES04DEL03,Vadodara,24.0,18-24,4.5,4.2-4.6,Fog,Low,2,Buffet,Motorcycle,1.0,No,22:25,22:35,22.0,Late Night,10.0,0.0,0.0,0.03,0.03,,10.0,1,1,Fast (<=20m),On Time
0x8286,BANGRES08DEL02,Bengaluru,31.0,30-34,4.6,4.2-4.6,Cloudy,Low,1,Drinks,Bicycle,1.0,No,22:30,22:45,22.0,Late Night,15.0,12.906229,77.596791,12.956229,77.646791,7.763618331391064,19.0,1,1,Fast (<=20m),On Time
0x8290,MYSRES20DEL01,Mysuru,32.0,30-34,4.8,4.7-5.0,Sandstorms,Low,0,Meal,Scooter,0.0,No,23:35,23:40,23.0,Late Night,5.0,12.337978,76.616792,12.447978,76.726792,17.09754854330502,20.0,1,1,Fast (<=20m),On Time
0x82ac,BANGRES08DEL02,Bengaluru,27.0,25-29,4.9,4.7-5.0,Sandstorms,Low,2,Snack,Bicycle,1.0,No,22:15,22:30,22.0,Late Night,15.0,12.906229,77.596791,12.986229,77.676791,12.421425015967078,17.0,1,1,Fast (<=20m),On Time
0x82bc,COIMBRES010DEL03,Coimbatore,39.0,35-45,5.0,4.7-5.0,Windy,Low,2,Drinks,Bicycle,0.0,No,22:50,22:55,22.0,Late Night,5.0,11.003008,76.97544,11.093008,77.06544,14.02228822856509,28.0,1,1,Standard (21-30m),On Time
0x82dd,RANCHIRES18DEL01,Ranchi,23.0,18-24,4.6,4.2-4.6,Windy,Jam,0,Drinks,Scooter,1.0,No,21:55,21:60,21.0,Late Night,5.0,23.351489,85.324253,23.421489,85.394253,10.565277448614124,34.0,1,0,Slow (>30m),Over 30 Min
0x82e4,BANGRES09DEL01,Bengaluru,21.0,18-24,4.8,4.7-5.0,Sandstorms,Medium,2,Buffet,Scooter,1.0,No,16:25,16:40,16.0,Afternoon,15.0,12.934179,77.615797,12.974179,77.655797,6.21061620164667,23.0,1,1,Standard (21-30m),On Time
0x830b,PUNERES19DEL03,Pune,37.0,35-45,4.0,Below 4.2,Sandstorms,Medium,0,Meal,Scooter,1.0,No,17:50,17:55,17.0,Evening,5.0,18.563934,73.915367,18.593934,73.945367,4.596324204002457,33.0,1,0,Slow (>30m),Over 30 Min
0x8335,INDORES15DEL02,Indore,38.0,35-45,4.3,4.2-4.6,Sandstorms,Jam,1,Drinks,Bicycle,1.0,No,21:40,21:45,21.0,Late Night,5.0,22.760072,75.892574,22.890072,76.022574,19.65885587138484,31.0,1,0,Slow (>30m),Over 30 Min
0x834,MYSRES01DEL01,Mysuru,30.0,30-34,4.7,4.7-5.0,Stormy,Medium,2,Buffet,Scooter,1.0,No,,18:20,,Unknown,,12.311072,76.654878,12.421072,76.764878,17.098408979338384,29.0,1,1,Standard (21-30m),On Time
0x834a,PUNERES06DEL01,Pune,29.0,25-29,5.0,4.7-5.0,Cloudy,Low,0,Drinks,Scooter,1.0,No,10:60,11:15,11.0,Morning,15.0,18.546258,73.904337,18.556258,73.914337,1.5322257268004693,20.0,1,1,Fast (<=20m),On Time
0x834e,PUNERES12DEL03,Pune,35.0,35-45,4.2,4.2-4.6,Sandstorms,Jam,0,Drinks,Scooter,0.0,No,20:25,20:30,20.0,Evening,5.0,18.520016,73.830547,18.550016,73.860547,4.596884056118296,35.0,1,0,Slow (>30m),Over 30 Min
0x8361,COIMBRES05DEL01,Coimbatore,22.0,18-24,4.1,Below 4.2,Cloudy,Medium,1,Buffet,Bicycle,1.0,No,17:40,17:55,17.0,Evening,15.0,11.022169,76.999594,11.092169,77.069594,10.90605730735979,33.0,1,0,Slow (>30m),Over 30 Min
0x8370,SURRES04DEL01,Surat,29.0,25-29,4.8,4.7-5.0,Sunny,Jam,2,Buffet,Motorcycle,1.0,No,19:35,19:40,19.0,Evening,5.0,21.173493,72.801953,21.283493,72.911953,16.72131120034404,23.0,1,1,Standard (21-30m),On Time
0x8374,BANGRES03DEL02,Bengaluru,33.0,30-34,4.9,4.7-5.0,Cloudy,High,2,Buffet,Motorcycle,1.0,No,11:60,12:10,12.0,Afternoon,10.0,12.979166,77.640709,12.999166,77.660709,3.105095385444128,28.0,1,1,Standard (21-30m),On Time
0x8376,MYSRES19DEL03,Mysuru,37.0,35-45,4.5,4.2-4.6,Fog,Low,1,Meal,Bicycle,1.0,No,22:60,23:10,23.0,Late Night,10.0,12.334022,76.618203,12.364022,76.648203,4.663351284380022,16.0,1,1,Fast (<=20m),On Time
0x83a,JAPRES17DEL01,Jaipur,30.0,30-34,4.7,4.7-5.0,Fog,Jam,1,Buffet,Bicycle,0.0,No,21:60,22:05,22.0,Late Night,5.0,26.892312,75.806896,26.962312,75.876896,10.428117102996076,40.0,1,0,Slow (>30m),Over 30 Min
0x8404,MUMRES16DEL01,Mumbai,21.0,18-24,4.7,4.7-5.0,Stormy,Low,1,Buffet,Scooter,1.0,No,22:55,23:05,22.0,Late Night,10.0,19.120083,72.907385,19.230083,73.017385,16.824887606586266,19.0,1,1,Fast (<=20m),On Time
0x8421,INDORES11DEL02,Indore,32.0,30-34,4.3,4.2-4.6,Windy,Low,0,Meal,Scooter,1.0,No,9:55,10:10,9.0,Morning,15.0,22.751234,75.88949,22.771234,75.90949,3.0250905079734407,22.0,1,1,Standard (21-30m),On Time
0x8423,JAPRES11DEL02,Jaipur,37.0,35-45,4.9,4.7-5.0,Cloudy,Low,0,Buffet,Scooter,2.0,No,23:45,23:50,23.0,Late Night,5.0,26.90294,75.793007,26.98294,75.873007,11.917116512088453,37.0,1,0,Slow (>30m),Over 30 Min
0x843b,COIMBRES06DEL02,Coimbatore,37.0,35-45,3.8,Below 4.2,Stormy,Jam,1,Drinks,Scooter,1.0,No,20:20,20:35,20.0,Evening,15.0,11.021278,76.995017,11.151278,77.125017,20.253116843277343,32.0,1,0,Slow (>30m),Over 30 Min
0x8444,BANGRES09DEL01,Bengaluru,30.0,30-34,4.9,4.7-5.0,Sandstorms,Low,2,Snack,Bicycle,1.0,No,23:45,23:50,23.0,Late Night,5.0,12.934179,77.615797,13.004179,77.685797,10.868259086398918,16.0,1,1,Fast (<=20m),On Time
0x8456,CHENRES19DEL01,Chennai,22.0,18-24,4.7,4.7-5.0,Stormy,Jam,2,Snack,Bicycle,0.0,No,20:10,20:20,20.0,Evening,10.0,12.986047,80.218114,13.096047,80.328114,17.07628248791656,15.0,1,1,Fast (<=20m),On Time
0x8469,INDORES08DEL03,Indore,22.0,18-24,4.6,4.2-4.6,Sandstorms,Jam,2,Snack,Scooter,1.0,No,19:55,19:60,19.0,Evening,5.0,22.725748,75.898497,22.815748,75.988497,13.612470343730434,27.0,1,1,Standard (21-30m),On Time
0x84a0,MUMRES11DEL01,Mumbai,21.0,18-24,4.0,Below 4.2,Sandstorms,Medium,0,Drinks,Scooter,0.0,No,17:50,17:55,17.0,Evening,5.0,18.994237,72.825553,19.064237,72.895553,10.711200595879614,31.0,1,0,Slow (>30m),Over 30 Min
0x84ba,INDORES20DEL01,Indore,31.0,30-34,4.8,4.7-5.0,Stormy,High,1,Snack,Scooter,0.0,No,13:40,13:45,13.0,Afternoon,5.0,22.732225,75.874765,22.772225,75.914765,6.050364337775565,26.0,1,1,Standard (21-30m),On Time
0x84d6,CHENRES05DEL01,Chennai,37.0,35-45,4.0,Below 4.2,Windy,Jam,0,Snack,Scooter,1.0,Yes,19:15,19:20,19.0,Evening,5.0,13.058616,80.264151,13.128616,80.334151,10.86559913552465,47.0,1,0,Slow (>30m),Over 30 Min
0x84d9,MUMRES12DEL02,Mumbai,32.0,30-34,4.7,4.7-5.0,Sandstorms,Low,1,Buffet,Scooter,1.0,No,23:60,24:15,0.0,Morning,15.0,19.207222,72.972281,19.337222,73.102281,19.878417316659124,19.0,1,1,Fast (<=20m),On Time
0x84e9,BANGRES14DEL03,Bengaluru,21.0,18-24,4.7,4.7-5.0,Windy,Jam,2,Snack,Bicycle,1.0,No,20:10,20:15,20.0,Evening,5.0,12.949934,77.699386,13.009934,77.759386,9.315454502536896,22.0,1,1,Standard (21-30m),On Time
0x84eb,CHENRES16DEL03,Chennai,29.0,25-29,4.9,4.7-5.0,Fog,Medium,2,Buffet,Scooter,1.0,No,17:45,17:60,17.0,Evening,15.0,13.049645,80.242268,13.079645,80.272268,4.656951818396391,14.0,1,1,Fast (<=20m),On Time
0x84ef,PUNERES18DEL01,Pune,38.0,35-45,4.1,Below 4.2,Windy,Medium,2,Buffet,Bicycle,1.0,No,18:25,18:40,18.0,Evening,15.0,18.593481,73.785901,18.663481,73.855901,10.723278983770946,39.0,1,0,Slow (>30m),Over 30 Min
0x84fe,COIMBRES010DEL02,Coimbatore,20.0,18-24,4.8,4.7-5.0,Cloudy,Low,2,Meal,Bicycle,1.0,No,22:30,22:35,22.0,Late Night,5.0,11.003008,76.97544,11.083009,77.05544,12.464439881805204,27.0,1,1,Standard (21-30m),On Time
0x8513,INDORES05DEL03,Indore,39.0,35-45,4.6,4.2-4.6,Fog,Medium,0,Meal,Scooter,0.0,No,18:45,18:55,18.0,Evening,10.0,22.727021,75.884167,22.787021,75.944167,9.075399895075487,29.0,1,1,Standard (21-30m),On Time
0x852b,INDORES01DEL03,Indore,27.0,25-29,4.9,4.7-5.0,Stormy,Jam,0,Meal,Scooter,1.0,No,20:35,20:45,20.0,Evening,10.0,22.695207,75.866059,22.725207,75.896059,4.538414176578862,36.0,1,0,Slow (>30m),Over 30 Min
0x8544,MYSRES05DEL01,Mysuru,25.0,25-29,4.2,4.2-4.6,Fog,Jam,2,Meal,Scooter,1.0,No,20:10,20:25,20.0,Evening,15.0,12.323978,76.627961,12.393978,76.697961,10.880950467822013,44.0,1,0,Slow (>30m),Over 30 Min
0x8564,VADRES13DEL02,Vadodara,21.0,18-24,4.5,4.2-4.6,Fog,High,1,Snack,Bicycle,0.0,No,11:60,12:15,12.0,Afternoon,15.0,22.310237,73.158921,22.330237,73.178921,3.0295424930867867,29.0,1,1,Standard (21-30m),On Time
0x857d,MUMRES01DEL02,Mumbai,22.0,18-24,4.5,4.2-4.6,Windy,Jam,1,Buffet,Scooter,1.0,No,21:10,21:20,21.0,Late Night,10.0,19.12663,72.829976,19.25663,72.959976,19.883015331665398,17.0,1,1,Fast (<=20m),On Time
0x857f,JAPRES08DEL02,Jaipur,39.0,35-45,5.0,4.7-5.0,Cloudy,Jam,0,Drinks,Scooter,3.0,No,21:55,22:05,21.0,Late Night,10.0,26.910262,75.783013,27.040262,75.913013,19.36285219148883,53.0,1,0,Slow (>30m),Over 30 Min
0x85b,VADRES05DEL02,Vadodara,31.0,30-34,4.7,4.7-5.0,Sandstorms,Jam,2,Buffet,Scooter,1.0,No,21:25,21:40,21.0,Late Night,15.0,22.310526,73.170937,22.360526,73.220937,7.573473349936157,25.0,1,1,Standard (21-30m),On Time
0x85f,BANGRES05DEL01,Bengaluru,30.0,30-34,4.7,4.7-5.0,Unknown,Unknown,3,Buffet,Bicycle,1.0,No,,9:25,,Unknown,,12.970324,77.645748,12.980324,77.655748,1.5525898130864875,17.0,1,1,Fast (<=20m),On Time
0x85fc,BANGRES12DEL03,Bengaluru,21.0,18-24,3.7,Below 4.2,Sunny,Jam,0,Drinks,Scooter,1.0,Yes,21:50,21:60,21.0,Late Night,10.0,12.939496,77.625999,12.999496,77.685999,9.315644954346118,41.0,1,0,Slow (>30m),Over 30 Min
0x861f,RANCHIRES09DEL03,Ranchi,39.0,35-45,4.3,4.2-4.6,Sandstorms,Medium,1,Buffet,Bicycle,1.0,No,18:30,18:35,18.0,Evening,5.0,23.351058,85.325731,23.441058,85.415731,13.583479034663934,33.0,1,0,Slow (>30m),Over 30 Min
0x8641,JAPRES17DEL02,Jaipur,33.0,30-34,4.8,4.7-5.0,Fog,Jam,0,Buffet,Scooter,1.0,No,19:45,19:60,19.0,Evening,15.0,26.892312,75.806896,26.942312,75.856896,7.448947668640024,31.0,1,0,Slow (>30m),Over 30 Min
0x866c,MUMRES13DEL03,Mumbai,27.0,25-29,4.0,Below 4.2,Windy,Low,0,Snack,Scooter,1.0,No,22:35,22:45,22.0,Late Night,10.0,19.178321,72.834715,19.208321,72.864715,4.588366577206169,28.0,1,1,Standard (21-30m),On Time
0x8677,INDORES12DEL01,Indore,31.0,30-34,4.7,4.7-5.0,Cloudy,Medium,0,Drinks,Scooter,1.0,No,16:25,16:35,16.0,Afternoon,10.0,22.74806,75.8934,22.78806,75.9334,6.0500419491210184,28.0,1,1,Standard (21-30m),On Time
0x86f2,SURRES14DEL01,Surat,21.0,18-24,4.5,4.2-4.6,Sunny,Medium,0,Meal,Scooter,1.0,No,15:25,15:35,15.0,Afternoon,10.0,21.157729,72.768726,21.197729,72.808726,6.0814493118037065,19.0,1,1,Fast (<=20m),On Time
0x86f5,MUMRES08DEL02,Mumbai,35.0,35-45,4.5,4.2-4.6,Sunny,Medium,0,Drinks,Scooter,0.0,No,18:15,18:25,18.0,Evening,10.0,19.065838,72.832658,19.115838,72.882658,7.649516884276931,28.0,1,1,Standard (21-30m),On Time
0x8720,VADRES11DEL03,Vadodara,39.0,35-45,4.4,4.2-4.6,Sandstorms,Medium,0,Snack,Scooter,1.0,No,17:15,17:25,17.0,Evening,10.0,22.308096,73.167753,22.338096,73.197753,4.544270786437013,31.0,1,0,Slow (>30m),Over 30 Min
0x8757,CHENRES05DEL03,Chennai,20.0,18-24,5.0,4.7-5.0,Stormy,Low,2,Snack,Scooter,1.0,No,23:20,23:30,23.0,Late Night,10.0,13.058616,80.264151,13.118616,80.324151,9.3134627904456,18.0,1,1,Fast (<=20m),On Time
0x876,PUNERES18DEL01,Pune,30.0,30-34,4.7,4.7-5.0,Fog,Low,2,Meal,Bicycle,0.0,No,,22:45,,Unknown,,18.593481,73.785901,18.703481,73.895901,16.84992736957142,29.0,1,1,Standard (21-30m),On Time
0x8763,HYDRES20DEL03,Hyderabad,31.0,30-34,4.6,4.2-4.6,Cloudy,Jam,1,Drinks,Bicycle,0.0,No,21:20,21:30,21.0,Late Night,10.0,17.483216,78.552111,17.513216,78.582111,4.609749555639494,27.0,1,1,Standard (21-30m),On Time
0x8786,VADRES16DEL02,Vadodara,39.0,35-45,4.7,4.7-5.0,Stormy,Low,0,Drinks,Scooter,1.0,No,23:15,23:30,23.0,Late Night,15.0,0.0,0.0,0.13,0.13,,28.0,1,1,Standard (21-30m),On Time
0x87b3,RANCHIRES13DEL02,Ranchi,28.0,25-29,4.6,4.2-4.6,Sandstorms,Low,1,Buffet,Scooter,0.0,No,10:25,10:35,10.0,Morning,10.0,23.374989,85.335486,23.394989,85.355486,3.018666461580923,18.0,1,1,Fast (<=20m),On Time
0x87bd,CHENRES01DEL02,Chennai,38.0,35-45,4.8,4.7-5.0,Cloudy,Medium,2,Buffet,Motorcycle,1.0,No,18:20,18:30,18.0,Evening,10.0,13.005801,80.250744,13.055801,80.300744,7.762103636431557,15.0,1,1,Fast (<=20m),On Time
0x87e4,VADRES13DEL03,Vadodara,36.0,35-45,4.0,Below 4.2,Sunny,Jam,0,Meal,Scooter,3.0,No,20:40,20:45,20.0,Evening,5.0,22.310237,73.158921,22.400237,73.248921,13.631362526556742,44.0,1,0,Slow (>30m),Over 30 Min
0x87eb,VADRES18DEL02,Vadodara,20.0,18-24,4.7,4.7-5.0,Windy,Low,0,Drinks,Scooter,1.0,No,22:25,22:35,22.0,Late Night,10.0,0.0,0.0,0.08,0.08,,22.0,1,1,Standard (21-30m),On Time
0x884b,BANGRES19DEL01,Bengaluru,25.0,25-29,4.8,4.7-5.0,Sandstorms,Medium,0,Meal,Scooter,1.0,No,17:20,17:30,17.0,Evening,10.0,12.914264,77.6784,12.984264,77.7484,10.868682533145964,26.0,1,1,Standard (21-30m),On Time
0x8851,RANCHIRES18DEL02,Ranchi,36.0,35-45,4.3,4.2-4.6,Sandstorms,Jam,0,Buffet,Scooter,1.0,No,21:60,22:10,22.0,Late Night,10.0,23.351489,85.324253,23.481489,85.454253,19.619194592452725,51.0,1,0,Slow (>30m),Over 30 Min
0x8876,RANCHIRES15DEL01,Ranchi,36.0,35-45,4.5,4.2-4.6,Stormy,Low,1,Buffet,Scooter,1.0,No,9:55,10:10,9.0,Morning,15.0,23.369746,85.33982,23.379746,85.34982,1.509386577995927,28.0,1,1,Standard (21-30m),On Time
0x887a,COIMBRES11DEL01,Coimbatore,37.0,35-45,4.8,4.7-5.0,Fog,High,2,Buffet,Motorcycle,1.0,No,12:15,12:20,12.0,Afternoon,5.0,11.001753,76.986241,11.041753,77.026241,6.232401658564694,30.0,1,1,Standard (21-30m),On Time
0x887f,COIMBRES13DEL03,Coimbatore,37.0,35-45,4.7,4.7-5.0,Fog,Jam,2,Snack,Motorcycle,1.0,No,21:45,21:55,21.0,Late Night,10.0,11.003669,76.976494,11.033669,77.006494,4.674325310474837,27.0,1,1,Standard (21-30m),On Time
0x8893,INDORES010DEL02,Indore,36.0,35-45,5.0,4.7-5.0,Windy,Low,1,Drinks,Bicycle,0.0,No,8:30,8:45,8.0,Morning,15.0,22.75004,75.902847,22.77004,75.922847,3.025102662668564,25.0,1,1,Standard (21-30m),On Time
0x8899,MUMRES07DEL01,Mumbai,37.0,35-45,4.3,4.2-4.6,Fog,High,1,Meal,Bicycle,0.0,No,14:40,14:50,14.0,Afternoon,10.0,19.091458,72.827808,19.131458,72.867808,6.119253795290777,36.0,1,0,Slow (>30m),Over 30 Min
0x88a5,MYSRES03DEL03,Mysuru,33.0,30-34,4.6,4.2-4.6,Sandstorms,Low,1,Drinks,Scooter,0.0,No,22:25,22:40,22.0,Late Night,15.0,12.299524,76.64262,12.329524,76.67262,4.6636510485693785,26.0,1,1,Standard (21-30m),On Time
0x88b0,CHENRES05DEL01,Chennai,34.0,30-34,4.2,4.2-4.6,Fog,Jam,1,Snack,Bicycle,2.0,No,19:60,20:10,20.0,Evening,10.0,13.058616,80.264151,13.168616,80.374151,17.073836634362547,43.0,1,0,Slow (>30m),Over 30 Min
0x88c1,SURRES04DEL03,Surat,28.0,25-29,4.8,4.7-5.0,Stormy,Jam,1,Buffet,Bicycle,0.0,No,19:50,20:05,19.0,Evening,15.0,21.173493,72.801953,21.263493,72.891953,13.68150445456409,19.0,1,1,Fast (<=20m),On Time
0x88c6,MUMRES05DEL02,Mumbai,36.0,35-45,4.9,4.7-5.0,Windy,Low,1,Snack,Scooter,1.0,No,8:45,8:55,8.0,Morning,10.0,18.927584,72.832585,18.947584,72.852585,3.061138241904561,22.0,1,1,Standard (21-30m),On Time
0x88c7,SURRES04DEL02,Surat,28.0,25-29,4.6,4.2-4.6,Stormy,Low,2,Meal,Bicycle,1.0,No,10:10,10:15,10.0,Morning,5.0,21.173493,72.801953,21.193493,72.821953,3.04066956326349,13.0,1,1,Fast (<=20m),On Time
0x88ff,HYDRES06DEL03,Hyderabad,25.0,25-29,4.7,4.7-5.0,Windy,Medium,1,Buffet,Scooter,1.0,No,17:60,18:15,18.0,Evening,15.0,17.455894,78.375467,17.545894,78.465467,13.829150757901948,25.0,1,1,Standard (21-30m),On Time
0x8922,MYSRES07DEL02,Mysuru,39.0,35-45,4.9,4.7-5.0,Sandstorms,Jam,0,Drinks,Scooter,1.0,No,21:20,21:30,21.0,Late Night,10.0,12.325461,76.632278,12.405461,76.712278,12.435221248466753,36.0,1,0,Slow (>30m),Over 30 Min
0x8935,MYSRES05DEL03,Mysuru,32.0,30-34,4.1,Below 4.2,Cloudy,Medium,2,Snack,Scooter,1.0,No,17:50,17:60,17.0,Evening,10.0,12.323978,76.627961,12.413978,76.717961,13.989531794992073,42.0,1,0,Slow (>30m),Over 30 Min
0x895f,HYDRES16DEL01,Hyderabad,33.0,30-34,4.9,4.7-5.0,Stormy,Jam,2,Snack,Bicycle,1.0,No,19:15,19:20,19.0,Evening,5.0,17.440827,78.393391,17.550827,78.503391,16.90251927526918,28.0,1,1,Standard (21-30m),On Time
0x8962,JAPRES05DEL01,Jaipur,22.0,18-24,4.6,4.2-4.6,Sunny,High,2,Snack,Motorcycle,1.0,No,14:45,14:60,14.0,Afternoon,15.0,26.905287,75.794592,26.945287,75.834592,5.958971651351942,12.0,1,1,Fast (<=20m),On Time
0x896f,PUNERES01DEL03,Pune,32.0,30-34,4.8,4.7-5.0,Cloudy,Low,2,Meal,Bicycle,1.0,No,22:45,22:50,22.0,Late Night,5.0,18.569156,73.774723,18.599156,73.804723,4.596257555701488,18.0,1,1,Fast (<=20m),On Time
0x8983,MYSRES11DEL03,Mysuru,20.0,18-24,5.0,4.7-5.0,Fog,Low,2,Snack,Bicycle,1.0,No,22:35,22:45,22.0,Late Night,10.0,12.323225,76.630028,12.383225,76.690028,9.326629230589917,10.0,1,1,Fast (<=20m),On Time
0x8984,MUMRES17DEL02,Mumbai,26.0,25-29,4.7,4.7-5.0,Stormy,Low,0,Buffet,Scooter,1.0,No,23:40,23:50,23.0,Late Night,10.0,19.121999,72.908493,19.201999,72.988493,12.236740518681081,18.0,1,1,Fast (<=20m),On Time
0x8999,SURRES13DEL01,Surat,28.0,25-29,4.6,4.2-4.6,Stormy,Medium,1,Snack,Scooter,0.0,No,15:50,15:55,15.0,Afternoon,5.0,21.170096,72.789122,21.210096,72.829122,6.08121272434363,27.0,1,1,Standard (21-30m),On Time
0x89a6,BANGRES02DEL01,Bengaluru,23.0,18-24,5.0,4.7-5.0,Stormy,Medium,0,Meal,Scooter,1.0,No,15:50,15:60,15.0,Afternoon,10.0,12.970221,77.645396,13.010221,77.685396,6.210177867953917,16.0,1,1,Fast (<=20m),On Time
0x89ac,BANGRES01DEL02,Bengaluru,21.0,18-24,5.0,4.7-5.0,Sunny,Medium,2,Snack,Scooter,0.0,No,17:10,17:25,17.0,Evening,15.0,12.933284,77.615428,12.983284,77.665428,7.7632078683134855,11.0,1,1,Fast (<=20m),On Time
0x89b5,BANGRES04DEL01,Bengaluru,24.0,18-24,4.0,Below 4.2,Stormy,Low,0,Drinks,Scooter,1.0,No,10:40,10:50,10.0,Morning,10.0,12.98041,77.640489,12.99041,77.650489,1.5525591287834934,18.0,1,1,Fast (<=20m),On Time
0x89c7,PUNERES03DEL02,Pune,34.0,30-34,4.7,4.7-5.0,Stormy,High,1,Snack,Scooter,1.0,No,11:15,11:30,11.0,Morning,15.0,18.554382,73.798206,18.574382,73.818206,3.0643399074375592,27.0,1,1,Standard (21-30m),On Time
0x89d7,RANCHIRES14DEL03,Ranchi,38.0,35-45,4.9,4.7-5.0,Cloudy,Jam,2,Drinks,Motorcycle,1.0,No,19:10,19:25,19.0,Evening,15.0,0.0,0.0,0.06,0.06,,29.0,1,1,Standard (21-30m),On Time
0x89dc,MYSRES08DEL03,Mysuru,33.0,30-34,4.5,4.2-4.6,Windy,Medium,1,Buffet,Scooter,0.0,No,17:25,17:40,17.0,Evening,15.0,12.297954,76.665169,12.387954,76.755169,13.990211466141263,21.0,1,1,Standard (21-30m),On Time
0x89ec,COIMBRES14DEL02,Coimbatore,30.0,30-34,4.6,4.2-4.6,Fog,Jam,2,Meal,Bicycle,3.0,No,21:60,22:10,22.0,Late Night,10.0,11.003681,76.975525,11.083681,77.055525,12.46434651410147,49.0,1,0,Slow (>30m),Over 30 Min
0x8a25,INDORES18DEL01,Indore,38.0,35-45,4.2,4.2-4.6,Stormy,High,0,Meal,Scooter,1.0,No,14:60,15:15,15.0,Afternoon,15.0,22.753839,75.897429,22.793838,75.937429,6.049842507074443,40.0,1,0,Slow (>30m),Over 30 Min
0x8a2b,CHENRES18DEL03,Chennai,22.0,18-24,4.9,4.7-5.0,Cloudy,Jam,0,Drinks,Scooter,0.0,No,20:15,20:25,20.0,Evening,10.0,12.981615,80.231598,13.041615,80.291598,9.314875553894444,26.0,1,1,Standard (21-30m),On Time
0x8a33,SURRES17DEL01,Surat,21.0,18-24,4.9,4.7-5.0,Stormy,High,1,Snack,Scooter,1.0,No,14:55,15:05,14.0,Afternoon,10.0,21.149569,72.772697,21.189569,72.812697,6.081605350696637,24.0,1,1,Standard (21-30m),On Time
0x8a5,BANGRES18DEL01,Bengaluru,30.0,30-34,4.7,4.7-5.0,Sandstorms,High,2,Drinks,Bicycle,1.0,No,,14:50,,Unknown,,12.913041,77.683237,12.953041,77.723237,6.210872734874491,32.0,1,0,Slow (>30m),Over 30 Min
0x8a54,INDORES12DEL02,Indore,27.0,25-29,4.9,4.7-5.0,Sunny,Low,1,Drinks,Bicycle,0.0,No,23:55,24:10,23.0,Late Night,15.0,22.74806,75.8934,22.82806,75.9734,12.099268410444548,26.0,1,1,Standard (21-30m),On Time
0x8a61,CHENRES18DEL01,Chennai,20.0,18-24,4.5,4.2-4.6,Cloudy,Medium,1,Snack,Bicycle,1.0,No,18:45,18:60,18.0,Evening,15.0,12.981615,80.231598,13.051615,80.301598,10.86724796314092,28.0,1,1,Standard (21-30m),On Time
0x8a6f,JAPRES14DEL02,Jaipur,36.0,35-45,4.8,4.7-5.0,Windy,Low,1,Buffet,Scooter,1.0,No,22:30,22:35,22.0,Late Night,5.0,26.88842,75.800689,26.93842,75.850689,7.449061445974391,26.0,1,1,Standard (21-30m),On Time
0x8a73,CHENRES010DEL03,Chennai,32.0,30-34,4.6,4.2-4.6,Cloudy,Medium,1,Meal,Bicycle,1.0,No,17:45,17:60,17.0,Evening,15.0,13.066762,80.251865,13.096762,80.281865,4.656794527273836,15.0,1,1,Fast (<=20m),On Time
0x8a91,VADRES06DEL03,Vadodara,37.0,35-45,4.7,4.7-5.0,Cloudy,Jam,0,Meal,Scooter,0.0,No,21:10,21:20,21.0,Late Night,10.0,22.31279,73.170283,22.37279,73.230283,9.087949620809285,25.0,1,1,Standard (21-30m),On Time
0x8aac,MYSRES06DEL02,Mysuru,23.0,18-24,4.6,4.2-4.6,Fog,Jam,1,Buffet,Bicycle,1.0,No,19:40,19:55,19.0,Evening,15.0,12.323994,76.626167,12.403994,76.706167,12.435255328337036,39.0,1,0,Slow (>30m),Over 30 Min
0x8ab3,SURRES09DEL01,Surat,21.0,18-24,4.5,4.2-4.6,Cloudy,Low,0,Snack,Scooter,1.0,No,9:30,9:35,9.0,Morning,5.0,21.175975,72.795503,21.185975,72.805503,1.5203468277296832,17.0,1,1,Fast (<=20m),On Time
0x8acf,VADRES16DEL02,Vadodara,20.0,18-24,4.7,4.7-5.0,Fog,Medium,2,Drinks,Scooter,0.0,No,18:25,18:40,18.0,Evening,15.0,0.0,0.0,0.05,0.05,,16.0,1,1,Fast (<=20m),On Time
0x8ad2,JAPRES16DEL01,Jaipur,31.0,30-34,4.7,4.7-5.0,Cloudy,High,1,Snack,Bicycle,0.0,No,13:15,13:20,13.0,Afternoon,5.0,26.849596,75.800512,26.889596,75.840512,5.960273404169106,29.0,1,1,Standard (21-30m),On Time
0x8aff,CHENRES01DEL02,Chennai,29.0,25-29,4.8,4.7-5.0,Cloudy,Jam,0,Meal,Scooter,2.0,No,21:45,21:55,21.0,Late Night,10.0,13.005801,80.250744,13.085801,80.330744,12.41899882613173,43.0,1,0,Slow (>30m),Over 30 Min
0x8b01,VADRES06DEL01,Vadodara,33.0,30-34,4.7,4.7-5.0,Cloudy,Jam,0,Buffet,Scooter,2.0,Yes,20:30,20:35,20.0,Evening,5.0,22.31279,73.170283,22.42279,73.280283,16.659861330718485,43.0,1,0,Slow (>30m),Over 30 Min
0x8b06,CHENRES13DEL01,Chennai,34.0,30-34,4.2,4.2-4.6,Windy,Low,0,Meal,Scooter,1.0,No,8:25,8:30,8.0,Morning,5.0,13.027018,80.254791,13.037018,80.264791,1.5524170388323746,34.0,1,0,Slow (>30m),Over 30 Min
0x8b0c,INDORES15DEL01,Indore,33.0,30-34,4.9,4.7-5.0,Cloudy,High,2,Buffet,Scooter,2.0,No,11:15,11:20,11.0,Morning,5.0,22.760072,75.892574,22.770072,75.902574,1.5125257215191468,34.0,1,0,Slow (>30m),Over 30 Min
0x8b18,HYDRES08DEL03,Hyderabad,28.0,25-29,4.8,4.7-5.0,Cloudy,Medium,2,Buffet,Bicycle,0.0,No,17:35,17:50,17.0,Evening,15.0,17.438263,78.397865,17.468263,78.427865,4.610292033957847,14.0,1,1,Fast (<=20m),On Time
0x8b41,PUNERES16DEL02,Pune,38.0,35-45,4.7,4.7-5.0,Sunny,Low,0,Meal,Scooter,1.0,No,10:25,10:40,10.0,Morning,15.0,18.536718,73.830327,18.556718,73.850327,3.0644900135240944,20.0,1,1,Fast (<=20m),On Time
0x8b45,COIMBRES15DEL02,Coimbatore,37.0,35-45,4.8,4.7-5.0,Sunny,Low,1,Snack,Scooter,1.0,No,23:30,23:45,23.0,Late Night,15.0,11.006686,76.951736,11.086686,77.031736,12.46428390439203,20.0,1,1,Fast (<=20m),On Time
0x8b4e,CHENRES09DEL03,Chennai,23.0,18-24,4.9,4.7-5.0,Stormy,Jam,2,Drinks,Bicycle,1.0,No,19:55,20:05,19.0,Evening,10.0,13.044694,80.26147,13.134694,80.35147,13.97016396183892,21.0,1,1,Standard (21-30m),On Time
0x8b52,HYDRES18DEL02,Hyderabad,31.0,30-34,4.7,4.7-5.0,Cloudy,Medium,2,Meal,Scooter,1.0,No,18:10,18:25,18.0,Evening,15.0,17.450851,78.379347,17.580851,78.509347,19.97465501513786,30.0,1,1,Standard (21-30m),On Time
0x8b53,SURRES11DEL01,Surat,22.0,18-24,4.7,4.7-5.0,Sunny,High,1,Buffet,Bicycle,1.0,No,12:10,12:15,12.0,Afternoon,5.0,21.157735,72.768778,21.197735,72.808778,6.081449197051872,18.0,1,1,Fast (<=20m),On Time
0x8b87,HYDRES08DEL02,Hyderabad,37.0,35-45,4.5,4.2-4.6,Stormy,Jam,1,Snack,Scooter,1.0,No,20:40,20:50,20.0,Evening,10.0,17.438263,78.397865,17.518263,78.477865,12.293307433249748,36.0,1,0,Slow (>30m),Over 30 Min
0x8b94,VADRES13DEL01,Vadodara,24.0,18-24,4.7,4.7-5.0,Windy,High,0,Drinks,Scooter,0.0,No,11:60,12:15,12.0,Afternoon,15.0,22.310237,73.158921,22.320237,73.168921,1.514796274092295,22.0,1,1,Standard (21-30m),On Time
0x8b9c,SURRES19DEL01,Surat,23.0,18-24,4.8,4.7-5.0,Sunny,Medium,2,Buffet,Bicycle,0.0,Unknown,17:60,18:15,18.0,Evening,15.0,21.149669,72.772629,21.219669,72.842629,10.642303653494258,11.0,1,1,Fast (<=20m),On Time
0x8ba7,JAPRES07DEL01,Jaipur,24.0,18-24,4.8,4.7-5.0,Windy,Low,1,Snack,Bicycle,0.0,No,9:35,9:50,9.0,Morning,15.0,26.766536,75.837333,26.776536,75.847333,1.4906401031980798,14.0,1,1,Fast (<=20m),On Time
0x8bc0,SURRES15DEL03,Surat,35.0,35-45,4.3,4.2-4.6,Cloudy,Low,1,Drinks,Bicycle,0.0,No,23:20,23:30,23.0,Late Night,10.0,21.160522,72.771477,21.250522,72.861477,13.68206342452558,38.0,1,0,Slow (>30m),Over 30 Min
0x8bd3,INDORES07DEL03,Indore,23.0,18-24,4.7,4.7-5.0,Stormy,Low,0,Buffet,Scooter,1.0,No,22:20,22:30,22.0,Late Night,10.0,22.722634,75.886959,22.812634,75.976959,13.612613039441634,22.0,1,1,Standard (21-30m),On Time
0x8bd6,MYSRES14DEL02,Mysuru,23.0,18-24,4.5,4.2-4.6,Sandstorms,Jam,2,Snack,Motorcycle,0.0,No,20:30,20:45,20.0,Evening,15.0,0.0,0.0,0.13,0.13,,25.0,1,1,Standard (21-30m),On Time
0x8bdb,HYDRES12DEL03,Hyderabad,21.0,18-24,4.9,4.7-5.0,Windy,Medium,2,Meal,Motorcycle,1.0,No,17:50,17:55,17.0,Evening,5.0,17.429585,78.392621,17.489585,78.452621,9.220431430342908,23.0,1,1,Standard (21-30m),On Time
0x8bf3,MUMRES14DEL02,Mumbai,29.0,25-29,4.6,4.2-4.6,Cloudy,Low,0,Snack,Scooter,0.0,No,8:10,8:25,8.0,Morning,15.0,19.1813,72.836191,19.2013,72.856191,3.0589287711050988,22.0,1,1,Standard (21-30m),On Time
0x8c03_x,COIMBRES09DEL01,Coimbatore,34.0,30-34,5.0,4.7-5.0,Sandstorms,Medium,1,Buffet,Scooter,1.0,No,18:30,18:45,18.0,Evening,15.0,11.008638,76.984311,11.078638,77.054311,10.906304100918312,22.0,1,1,Standard (21-30m),On Time
0x8c03_y,COIMBRES09DEL01,Coimbatore,34.0,30-34,5.0,4.7-5.0,Sandstorms,Medium,1,Buffet,Scooter,1.0,No,18:30,18:45,18.0,Evening,15.0,11.008638,76.984311,11.078638,77.054311,10.906304100918312,22.0,1,1,Standard (21-30m),On Time
0x8c44,HYDRES06DEL02,Hyderabad,37.0,35-45,4.8,4.7-5.0,Windy,Medium,2,Meal,Motorcycle,1.0,No,17:60,18:10,18.0,Evening,10.0,17.455894,78.375467,17.535894,78.455467,12.292739720920379,28.0,1,1,Standard (21-30m),On Time
0x8c5f,MYSRES20DEL01,Mysuru,39.0,35-45,4.0,Below 4.2,Sandstorms,High,0,Snack,Scooter,0.0,No,12:45,12:50,12.0,Afternoon,5.0,12.337978,76.616792,12.377978,76.656792,6.217697742769633,36.0,1,0,Slow (>30m),Over 30 Min
0x8c69,PUNERES07DEL03,Pune,35.0,35-45,4.7,4.7-5.0,Windy,Jam,0,Snack,Scooter,0.0,No,20:55,21:05,20.0,Evening,10.0,18.546947,73.900626,18.576947,73.930626,4.596540891247826,41.0,1,0,Slow (>30m),Over 30 Min
0x8c99,CHENRES08DEL02,Chennai,33.0,30-34,4.7,4.7-5.0,Sunny,Low,2,Drinks,Bicycle,1.0,No,22:40,22:50,22.0,Late Night,10.0,13.022394,80.242439,13.102394,80.322439,12.41859279108528,22.0,1,1,Standard (21-30m),On Time
0x8cae,PUNERES09DEL02,Pune,24.0,18-24,4.8,4.7-5.0,Sandstorms,Medium,0,Drinks,Scooter,1.0,No,18:10,18:25,18.0,Evening,15.0,18.536562,73.896485,18.666562,74.026485,19.916150123139918,35.0,1,0,Slow (>30m),Over 30 Min
0x8cb6,CHENRES010DEL01,Chennai,27.0,25-29,4.9,4.7-5.0,Cloudy,High,1,Snack,Bicycle,0.0,No,11:40,11:55,11.0,Morning,15.0,13.066762,80.251865,13.076762,80.261865,1.5522954902850317,32.0,1,0,Slow (>30m),Over 30 Min
0x8ceb,PUNERES04DEL01,Pune,25.0,25-29,4.6,4.2-4.6,Fog,High,2,Meal,Bicycle,1.0,No,12:50,12:60,12.0,Afternoon,10.0,18.51421,73.838429,18.55421,73.878429,6.1291923889243884,23.0,1,1,Standard (21-30m),On Time
0x8d01,PUNERES01DEL01,Pune,39.0,35-45,4.8,4.7-5.0,Fog,Low,1,Meal,Scooter,0.0,No,10:55,11:05,10.0,Morning,10.0,18.569156,73.774723,18.579156,73.784723,1.5321284008223666,19.0,1,1,Fast (<=20m),On Time
0x8d04,MYSRES16DEL01,Mysuru,20.0,18-24,4.9,4.7-5.0,Fog,Jam,1,Snack,Bicycle,1.0,No,21:45,21:55,21.0,Late Night,10.0,12.316967,76.603067,12.426967,76.713067,17.098220614753256,33.0,1,0,Slow (>30m),Over 30 Min
0x8d31,SURRES09DEL01,Surat,35.0,35-45,4.6,4.2-4.6,Fog,Jam,0,Snack,Scooter,1.0,No,21:10,21:25,21.0,Late Night,15.0,21.175975,72.795503,21.285975,72.905503,16.721180377006664,45.0,1,0,Slow (>30m),Over 30 Min
0x8d3a,SURRES01DEL02,Surat,34.0,30-34,4.1,Below 4.2,Sandstorms,Jam,0,Meal,Scooter,1.0,No,20:55,21:10,20.0,Evening,15.0,21.186438,72.794115,21.316438,72.924115,19.76011881347655,46.0,1,0,Slow (>30m),Over 30 Min
0x8d3b,INDORES19DEL01,Indore,25.0,25-29,4.9,4.7-5.0,Windy,Low,1,Snack,Bicycle,1.0,No,23:30,23:35,23.0,Late Night,5.0,22.745536,75.893106,22.815536,75.963106,10.587128328620123,17.0,1,1,Fast (<=20m),On Time
0x8d85,RANCHIRES16DEL02,Ranchi,38.0,35-45,4.6,4.2-4.6,Sandstorms,Medium,1,Snack,Bicycle,0.0,No,17:30,17:35,17.0,Evening,5.0,23.371292,85.327872,23.501292,85.457872,19.617851658744158,22.0,1,1,Standard (21-30m),On Time
0x8d9e,COIMBRES06DEL01,Coimbatore,29.0,25-29,4.6,4.2-4.6,Sunny,Jam,2,Drinks,Motorcycle,1.0,No,19:45,19:60,19.0,Evening,15.0,11.021278,76.995017,11.091278,77.065017,10.906073567416819,15.0,1,1,Fast (<=20m),On Time
0x8db2,BANGRES01DEL03,Bengaluru,35.0,35-45,4.7,4.7-5.0,Stormy,Jam,1,Snack,Scooter,0.0,No,21:55,22:10,21.0,Late Night,15.0,12.933284,77.615428,12.993284,77.675428,9.315758229001416,34.0,1,0,Slow (>30m),Over 30 Min
0x8dcd,CHENRES05DEL02,Chennai,34.0,30-34,4.5,4.2-4.6,Windy,Jam,2,Snack,Scooter,0.0,No,20:40,20:50,20.0,Evening,10.0,13.058616,80.264151,13.108616,80.314151,7.761295704784144,26.0,1,1,Standard (21-30m),On Time
0x8dce,HYDRES14DEL01,Hyderabad,34.0,30-34,4.7,4.7-5.0,Sunny,Jam,1,Snack,Scooter,1.0,No,20:50,21:05,20.0,Evening,15.0,17.426228,78.407495,17.496228,78.477495,10.757123658609638,15.0,1,1,Fast (<=20m),On Time
0x8dd1,RANCHIRES12DEL01,Ranchi,38.0,35-45,3.9,Below 4.2,Fog,Low,2,Snack,Scooter,1.0,No,23:55,23:60,23.0,Late Night,5.0,0.0,0.0,0.07,0.07,,39.0,1,0,Slow (>30m),Over 30 Min
0x8dda,PUNERES17DEL02,Pune,23.0,18-24,4.5,4.2-4.6,Sandstorms,Medium,0,Buffet,Scooter,0.0,No,18:60,19:10,19.0,Evening,10.0,18.530963,73.828972,18.580963,73.878972,7.661028528490158,18.0,1,1,Fast (<=20m),On Time
0x8de0,RANCHIRES08DEL03,Ranchi,21.0,18-24,4.9,4.7-5.0,Fog,Jam,1,Drinks,Bicycle,0.0,No,21:45,21:55,21.0,Late Night,10.0,23.353783,85.326967,23.383783,85.356967,4.528252831419274,28.0,1,1,Standard (21-30m),On Time
0x8de9,SURRES14DEL03,Surat,21.0,18-24,4.9,4.7-5.0,Fog,Low,2,Buffet,Bicycle,1.0,No,23:20,23:30,23.0,Late Night,10.0,21.157729,72.768726,21.247729,72.858726,13.682183746344752,21.0,1,1,Standard (21-30m),On Time
0x8df,JAPRES20DEL02,Jaipur,30.0,30-34,4.7,4.7-5.0,Cloudy,Jam,1,Meal,Bicycle,1.0,No,,19:40,,Unknown,,26.956431,75.776649,27.006431,75.826649,7.447071361204265,28.0,1,1,Standard (21-30m),On Time
0x8dfc,HYDRES11DEL03,Hyderabad,20.0,18-24,4.7,4.7-5.0,Stormy,Jam,0,Buffet,Scooter,1.0,No,19:40,19:55,19.0,Evening,15.0,17.430448,78.418213,17.460448,78.448213,4.610386212059168,30.0,1,1,Standard (21-30m),On Time
0x8e0,MUMRES16DEL03,Mumbai,30.0,30-34,4.7,4.7-5.0,Cloudy,Medium,0,Drinks,Scooter,1.0,No,,19:05,,Unknown,,19.120083,72.907385,19.150083,72.937385,4.589130910026076,33.0,1,0,Slow (>30m),Over 30 Min
0x8e03,BANGRES05DEL01,Bengaluru,38.0,35-45,4.6,4.2-4.6,Windy,Low,0,Drinks,Scooter,1.0,No,23:15,23:20,23.0,Late Night,5.0,12.970324,77.645748,13.040324,77.715748,10.86748895674603,25.0,1,1,Standard (21-30m),On Time
0x8e2a,HYDRES20DEL01,Hyderabad,20.0,18-24,4.8,4.7-5.0,Windy,Medium,0,Meal,Scooter,1.0,No,17:40,17:45,17.0,Evening,5.0,17.483216,78.552111,17.593216,78.662111,16.900639570279637,26.0,1,1,Standard (21-30m),On Time
0x8e43,RANCHIRES19DEL03,Ranchi,25.0,25-29,4.8,4.7-5.0,Sandstorms,Medium,1,Buffet,Bicycle,0.0,No,18:60,19:15,19.0,Evening,15.0,23.333017,85.3172,23.423017,85.4072,13.584324827609853,24.0,1,1,Standard (21-30m),On Time
0x8e87,JAPRES15DEL01,Jaipur,21.0,18-24,4.8,4.7-5.0,Sandstorms,Low,2,Drinks,Scooter,1.0,No,22:40,22:45,22.0,Late Night,5.0,26.891191,75.802083,27.001191,75.912083,16.385824899896843,18.0,1,1,Fast (<=20m),On Time
0x8e98,COIMBRES09DEL03,Coimbatore,38.0,35-45,4.0,Below 4.2,Stormy,Low,0,Buffet,Scooter,1.0,No,23:20,23:25,23.0,Late Night,5.0,11.008638,76.984311,11.068638,77.044311,9.348338849222191,27.0,1,1,Standard (21-30m),On Time
0x8ea7,CHENRES09DEL03,Chennai,35.0,35-45,4.9,4.7-5.0,Sunny,Low,1,Snack,Scooter,0.0,No,23:10,23:25,23.0,Late Night,15.0,13.044694,80.26147,13.104694,80.32147,9.313718811939227,18.0,1,1,Fast (<=20m),On Time
0x8ea9,CHENRES02DEL02,Chennai,27.0,25-29,5.0,4.7-5.0,Sunny,Jam,1,Buffet,Scooter,1.0,No,20:25,20:40,20.0,Evening,15.0,13.086438,80.220672,13.166438,80.300672,12.417020993783334,15.0,1,1,Fast (<=20m),On Time
0x8ecd,COIMBRES010DEL02,Coimbatore,20.0,18-24,4.9,4.7-5.0,Fog,Low,0,Drinks,Scooter,0.0,No,23:40,23:50,23.0,Late Night,10.0,11.003008,76.97544,11.133009,77.10544,20.2538164918102,24.0,1,1,Standard (21-30m),On Time
0x8ed5,VADRES12DEL03,Vadodara,33.0,30-34,4.7,4.7-5.0,Fog,Jam,0,Buffet,Scooter,0.0,No,21:10,21:15,21.0,Late Night,5.0,0.0,0.0,0.06,0.06,,31.0,1,0,Slow (>30m),Over 30 Min
0x8ed7,MUMRES14DEL01,Mumbai,20.0,18-24,4.8,4.7-5.0,Sandstorms,Jam,1,Buffet,Scooter,0.0,No,19:20,19:35,19.0,Evening,15.0,19.1813,72.836191,19.2913,72.946191,16.821935949377004,21.0,1,1,Standard (21-30m),On Time
0x8ef2,MUMRES03DEL03,Mumbai,24.0,18-24,4.8,4.7-5.0,Sunny,Jam,2,Meal,Bicycle,1.0,No,21:35,21:50,21.0,Late Night,15.0,19.22384,72.841347,19.31384,72.931347,13.762116112315773,18.0,1,1,Fast (<=20m),On Time
0x8efe,BANGRES02DEL01,Bengaluru,27.0,25-29,5.0,4.7-5.0,Sandstorms,High,2,Meal,Motorcycle,1.0,No,12:30,12:35,12.0,Afternoon,5.0,12.970221,77.645396,13.010221,77.685396,6.210177867953917,27.0,1,1,Standard (21-30m),On Time
0x8f09,CHENRES02DEL01,Chennai,28.0,25-29,4.7,4.7-5.0,Fog,Jam,1,Drinks,Scooter,1.0,No,21:60,22:05,22.0,Late Night,5.0,13.086438,80.220672,13.196438,80.330672,17.072895488454613,30.0,1,1,Standard (21-30m),On Time
0x8f0b,SURRES16DEL01,Surat,31.0,30-34,4.7,4.7-5.0,Sunny,Medium,1,Meal,Bicycle,1.0,No,16:45,16:50,16.0,Afternoon,5.0,21.160437,72.774209,21.200437,72.814209,6.081397516648778,18.0,1,1,Fast (<=20m),On Time
0x8f19,PUNERES14DEL01,Pune,38.0,35-45,4.7,4.7-5.0,Fog,Jam,0,Buffet,Scooter,2.0,No,19:60,20:10,20.0,Evening,10.0,18.516216,73.842527,18.626216,73.952527,16.853548184925515,49.0,1,0,Slow (>30m),Over 30 Min
0x8f4c,JAPRES06DEL02,Jaipur,27.0,25-29,4.8,4.7-5.0,Windy,Medium,0,Buffet,Scooter,1.0,No,18:35,18:50,18.0,Evening,15.0,26.911927,75.797282,26.961927,75.847282,7.448374052352448,17.0,1,1,Fast (<=20m),On Time
0x8f70,COIMBRES07DEL02,Coimbatore,21.0,18-24,4.9,4.7-5.0,Windy,Jam,1,Snack,Scooter,0.0,No,20:10,20:20,20.0,Evening,10.0,10.96185,76.971082,11.09185,77.101082,20.255130915879576,20.0,1,1,Fast (<=20m),On Time
0x8f79,RANCHIRES20DEL02,Ranchi,29.0,25-29,4.5,4.2-4.6,Windy,Jam,1,Meal,Bicycle,1.0,No,20:30,20:40,20.0,Evening,10.0,23.39925,85.390464,23.52925,85.520464,19.615954059060932,15.0,1,1,Fast (<=20m),On Time
0x8f94,CHENRES06DEL01,Chennai,23.0,18-24,4.6,4.2-4.6,Stormy,Jam,2,Meal,Bicycle,0.0,No,19:20,19:30,19.0,Evening,10.0,13.054347,80.257221,13.124347,80.327221,10.865690791190637,28.0,1,1,Standard (21-30m),On Time
0x8fa1,RANCHIRES01DEL03,Ranchi,39.0,35-45,4.9,4.7-5.0,Cloudy,Medium,2,Drinks,Bicycle,1.0,No,18:45,18:55,18.0,Evening,10.0,23.416792,85.316842,23.446792,85.346842,4.527267702520572,18.0,1,1,Fast (<=20m),On Time
0x8fad,PUNERES08DEL01,Pune,35.0,35-45,4.9,4.7-5.0,Sunny,Medium,0,Buffet,Scooter,0.0,No,17:60,18:10,18.0,Evening,10.0,18.53408,73.89852,18.64408,74.00852,16.852712248748517,33.0,1,0,Slow (>30m),Over 30 Min
0x8fb8,JAPRES13DEL01,Jaipur,36.0,35-45,4.2,4.2-4.6,Windy,Jam,0,Snack,Scooter,1.0,No,21:45,21:60,21.0,Late Night,15.0,26.846156,75.8023,26.956156,75.9123,16.388721991758743,50.0,1,0,Slow (>30m),Over 30 Min
0x8fd5,HYDRES18DEL02,Hyderabad,36.0,35-45,4.2,4.2-4.6,Sandstorms,Low,0,Snack,Scooter,1.0,No,9:25,9:40,9.0,Morning,15.0,17.450851,78.379347,17.470851,78.399347,3.0734670491164913,23.0,1,1,Standard (21-30m),On Time
0x8ff0,VADRES07DEL01,Vadodara,27.0,25-29,4.7,4.7-5.0,Fog,Jam,2,Meal,Bicycle,1.0,No,21:50,22:05,21.0,Late Night,15.0,0.0,0.0,0.11,0.11,,41.0,1,0,Slow (>30m),Over 30 Min
0x8ff9,HYDRES15DEL03,Hyderabad,22.0,18-24,4.9,4.7-5.0,Stormy,Jam,2,Meal,Bicycle,1.0,No,19:55,20:05,19.0,Evening,10.0,17.45971,78.368855,17.48971,78.398855,4.610033378351878,21.0,1,1,Standard (21-30m),On Time
0x8ffd,CHENRES15DEL01,Chennai,31.0,30-34,4.6,4.2-4.6,Windy,Medium,2,Snack,Scooter,1.0,No,16:45,16:50,16.0,Afternoon,5.0,13.026286,80.275235,13.066286,80.315235,6.209493705792477,26.0,1,1,Standard (21-30m),On Time
0x9010,JAPRES02DEL01,Jaipur,30.0,30-34,4.7,4.7-5.0,Sunny,High,0,Drinks,Scooter,1.0,No,13:30,13:35,13.0,Afternoon,5.0,26.914142,75.805704,26.954142,75.845704,5.958764472773996,24.0,1,1,Standard (21-30m),On Time
0x9063,MYSRES19DEL01,Mysuru,38.0,35-45,4.8,4.7-5.0,Fog,Low,1,Drinks,Scooter,1.0,No,9:10,9:15,9.0,Morning,5.0,12.334022,76.618203,12.344022,76.628203,1.554479429326532,17.0,1,1,Fast (<=20m),On Time
0x9090,VADRES20DEL03,Vadodara,22.0,18-24,4.2,4.2-4.6,Windy,Low,0,Drinks,Scooter,1.0,No,22:60,23:05,23.0,Late Night,5.0,22.311358,73.164798,22.341358,73.194798,4.5442217978701525,24.0,1,1,Standard (21-30m),On Time
0x9095,COIMBRES12DEL01,Coimbatore,34.0,30-34,5.0,4.7-5.0,Fog,Jam,1,Snack,Bicycle,0.0,No,19:25,19:35,19.0,Evening,10.0,11.000762,76.981876,11.070762,77.051876,10.906447617493885,40.0,1,0,Slow (>30m),Over 30 Min
0x90a8,HYDRES09DEL03,Hyderabad,28.0,25-29,4.8,4.7-5.0,Fog,Jam,0,Buffet,Scooter,1.0,No,20:60,21:10,21.0,Late Night,10.0,17.431668,78.408321,17.491668,78.468321,9.22038119632281,26.0,1,1,Standard (21-30m),On Time
0x90c1,MYSRES18DEL01,Mysuru,20.0,18-24,5.0,4.7-5.0,Sunny,Medium,1,Buffet,Scooter,0.0,No,17:15,17:25,17.0,Evening,10.0,12.337928,76.617889,12.447928,76.727889,17.097550143936882,11.0,1,1,Fast (<=20m),On Time
0x90d1,VADRES14DEL01,Vadodara,30.0,30-34,4.7,4.7-5.0,Cloudy,Medium,1,Snack,Bicycle,1.0,No,16:45,16:60,16.0,Afternoon,15.0,22.311603,73.165012,22.351603,73.205012,6.058857313368998,15.0,1,1,Fast (<=20m),On Time
0x90e,SURRES06DEL02,Surat,31.0,30-34,4.1,Below 4.2,Stormy,Low,0,Snack,Scooter,1.0,No,10:40,10:45,10.0,Morning,5.0,21.185047,72.80859,21.205047,72.82859,3.0405590215902256,27.0,1,1,Standard (21-30m),On Time
0x90e0,INDORES15DEL03,Indore,21.0,18-24,4.7,4.7-5.0,Windy,Jam,2,Drinks,Motorcycle,1.0,Unknown,19:40,19:55,19.0,Evening,15.0,22.760072,75.892574,22.790072,75.922574,4.537424377626163,11.0,1,1,Fast (<=20m),On Time
0x90e5,INDORES02DEL03,Indore,29.0,25-29,4.5,4.2-4.6,Windy,Medium,0,Drinks,Scooter,1.0,No,17:10,17:20,17.0,Evening,10.0,22.651847,75.881991,22.711847,75.941991,9.07769210432074,27.0,1,1,Standard (21-30m),On Time
0x90f1,PUNERES20DEL03,Pune,21.0,18-24,4.6,4.2-4.6,Fog,Low,0,Meal,Scooter,1.0,No,22:60,23:10,23.0,Late Night,10.0,18.592718,73.773572,18.652718,73.833572,9.191529512117134,15.0,1,1,Fast (<=20m),On Time
0x90f5,MUMRES07DEL01,Mumbai,23.0,18-24,4.8,4.7-5.0,Sunny,Medium,1,Buffet,Scooter,1.0,No,17:30,17:35,17.0,Evening,5.0,19.091458,72.827808,19.201458,72.937808,16.82626489005295,14.0,1,1,Fast (<=20m),On Time
0x90fe,MUMRES18DEL02,Mumbai,31.0,30-34,4.1,Below 4.2,Sandstorms,Low,0,Meal,Scooter,1.0,No,9:45,9:50,9.0,Morning,5.0,19.1093,72.825451,19.1293,72.845451,3.0595584736317885,32.0,1,0,Slow (>30m),Over 30 Min
0x9118,RANCHIRES01DEL01,Ranchi,20.0,18-24,4.7,4.7-5.0,Fog,Low,2,Snack,Motorcycle,1.0,No,23:30,23:40,23.0,Late Night,10.0,23.416792,85.316842,23.486792,85.386842,10.562893499322598,28.0,1,1,Standard (21-30m),On Time
0x9120,VADRES15DEL01,Vadodara,23.0,18-24,5.0,4.7-5.0,Sandstorms,Jam,0,Drinks,Scooter,2.0,No,20:15,20:25,20.0,Evening,10.0,0.0,0.0,0.07,0.07,,39.0,1,0,Slow (>30m),Over 30 Min
0x9124,CHENRES19DEL01,Chennai,39.0,35-45,4.5,4.2-4.6,Sunny,Low,0,Drinks,Scooter,1.0,No,10:30,10:35,10.0,Morning,5.0,12.986047,80.218114,12.996047,80.228114,1.5525419695990956,26.0,1,1,Standard (21-30m),On Time
0x912c,HYDRES02DEL01,Hyderabad,27.0,25-29,4.7,4.7-5.0,Windy,Jam,1,Drinks,Bicycle,1.0,No,19:30,19:40,19.0,Evening,10.0,17.41233,78.449654,17.48233,78.519654,10.757514555974678,21.0,1,1,Standard (21-30m),On Time
0x912f,BANGRES19DEL03,Bengaluru,32.0,30-34,4.8,4.7-5.0,Sunny,Jam,2,Meal,Bicycle,1.0,No,20:10,20:20,20.0,Evening,10.0,12.914264,77.6784,12.944264,77.7084,4.658188922455519,17.0,1,1,Fast (<=20m),On Time
0x913,PUNERES07DEL02,Pune,25.0,25-29,4.8,4.7-5.0,Sandstorms,Medium,0,Drinks,Scooter,1.0,No,18:10,18:25,18.0,Evening,15.0,18.546947,73.900626,18.596947,73.950626,7.660688814614733,25.0,1,1,Standard (21-30m),On Time
0x9156,CHENRES17DEL03,Chennai,25.0,25-29,4.8,4.7-5.0,Cloudy,Low,0,Buffet,Scooter,1.0,No,22:40,22:50,22.0,Late Night,10.0,13.045479,80.23311,13.105479,80.29311,9.313704382944394,21.0,1,1,Standard (21-30m),On Time
0x9182,SURRES06DEL03,Surat,32.0,30-34,4.6,4.2-4.6,Stormy,Low,1,Snack,Scooter,0.0,No,22:30,22:45,22.0,Late Night,15.0,21.185047,72.80859,21.245047,72.86859,9.121102373523351,22.0,1,1,Standard (21-30m),On Time
0x9187,CHENRES05DEL01,Chennai,38.0,35-45,3.6,Below 4.2,Cloudy,Low,1,Buffet,Bicycle,0.0,No,22:55,23:10,22.0,Late Night,15.0,13.058616,80.264151,13.128616,80.334151,10.86559913552465,37.0,1,0,Slow (>30m),Over 30 Min
0x9198,RANCHIRES14DEL03,Ranchi,32.0,30-34,4.7,4.7-5.0,Fog,Jam,0,Meal,Scooter,1.0,No,19:25,19:40,19.0,Evening,15.0,0.0,0.0,0.09,0.09,,47.0,1,0,Slow (>30m),Over 30 Min
0x91ae,MUMRES09DEL02,Mumbai,36.0,35-45,4.7,4.7-5.0,Fog,Low,0,Meal,Scooter,0.0,No,9:35,9:40,9.0,Morning,5.0,18.994049,72.825203,19.014049,72.845203,3.0605620004632037,22.0,1,1,Standard (21-30m),On Time
0x91b0,BANGRES08DEL01,Bengaluru,22.0,18-24,4.6,4.2-4.6,Sandstorms,Jam,0,Buffet,Scooter,1.0,No,20:10,20:15,20.0,Evening,5.0,12.906229,77.596791,13.016229,77.706791,17.078957679923455,39.0,1,0,Slow (>30m),Over 30 Min
0x91bf,CHENRES13DEL02,Chennai,34.0,30-34,4.9,4.7-5.0,Sunny,Low,1,Snack,Scooter,1.0,No,22:45,22:60,22.0,Late Night,15.0,13.027018,80.254791,13.107018,80.334791,12.418479552738328,27.0,1,1,Standard (21-30m),On Time
0x91cf,BANGRES18DEL01,Bengaluru,37.0,35-45,4.7,4.7-5.0,Sunny,Medium,0,Drinks,Scooter,0.0,No,18:35,18:45,18.0,Evening,10.0,12.913041,77.683237,12.983041,77.753237,10.868708517151973,39.0,1,0,Slow (>30m),Over 30 Min
0x91f4,RANCHIRES06DEL02,Ranchi,34.0,30-34,4.8,4.7-5.0,Sunny,Jam,2,Drinks,Bicycle,1.0,No,19:20,19:35,19.0,Evening,15.0,23.357804,85.325146,23.487804,85.455146,19.61876644735796,30.0,1,1,Standard (21-30m),On Time
0x91f7,JAPRES19DEL02,Jaipur,34.0,30-34,4.2,4.2-4.6,Fog,Jam,2,Drinks,Motorcycle,1.0,No,21:40,21:45,21.0,Late Night,5.0,26.913726,75.75282,26.963726,75.80282,7.448321426261456,37.0,1,0,Slow (>30m),Over 30 Min
0x91fc,INDORES06DEL02,Indore,39.0,35-45,4.9,4.7-5.0,Sunny,Jam,1,Snack,Scooter,1.0,No,19:45,19:55,19.0,Evening,10.0,22.728163,75.884212,22.808163,75.964212,12.100079134470624,22.0,1,1,Standard (21-30m),On Time
0x922c,MUMRES14DEL03,Mumbai,24.0,18-24,4.6,4.2-4.6,Fog,Jam,2,Buffet,Scooter,1.0,No,20:25,20:35,20.0,Evening,10.0,19.1813,72.836191,19.2413,72.896191,9.176260167361136,27.0,1,1,Standard (21-30m),On Time
0x9235,MUMRES08DEL03,Mumbai,27.0,25-29,4.5,4.2-4.6,Cloudy,Jam,0,Snack,Scooter,0.0,No,21:10,21:20,21.0,Late Night,10.0,19.065838,72.832658,19.125838,72.892658,9.179289366985605,22.0,1,1,Standard (21-30m),On Time
0x923c,COIMBRES010DEL03,Coimbatore,34.0,30-34,4.1,Below 4.2,Sandstorms,Low,0,Buffet,Scooter,0.0,No,23:35,23:50,23.0,Late Night,15.0,11.003008,76.97544,11.033008,77.00544,4.674330462833213,24.0,1,1,Standard (21-30m),On Time
0x9261,MYSRES06DEL02,Mysuru,30.0,30-34,4.2,4.2-4.6,Cloudy,Jam,1,Buffet,Scooter,0.0,No,21:40,21:55,21.0,Late Night,15.0,12.323994,76.626167,12.373994,76.676167,7.772252455000731,35.0,1,0,Slow (>30m),Over 30 Min
0x9271,COIMBRES20DEL01,Coimbatore,38.0,35-45,4.9,4.7-5.0,Sunny,Low,1,Buffet,Scooter,1.0,No,8:30,8:40,8.0,Morning,10.0,10.994136,76.963303,11.004136,76.973303,1.5581591555685974,17.0,1,1,Fast (<=20m),On Time
0x928c,PUNERES05DEL01,Pune,32.0,30-34,4.6,4.2-4.6,Stormy,High,1,Snack,Bicycle,1.0,No,12:25,12:40,12.0,Afternoon,15.0,18.543626,73.905101,18.583626,73.945101,6.12869260533236,27.0,1,1,Standard (21-30m),On Time
0x928d,MUMRES13DEL01,Mumbai,28.0,25-29,4.3,4.2-4.6,Stormy,Jam,0,Meal,Scooter,1.0,No,20:20,20:35,20.0,Evening,15.0,19.178321,72.834715,19.248321,72.904715,10.705574709545717,32.0,1,0,Slow (>30m),Over 30 Min
0x928e,RANCHIRES18DEL03,Ranchi,24.0,18-24,4.5,4.2-4.6,Sandstorms,Jam,1,Snack,Bicycle,1.0,No,19:25,19:40,19.0,Evening,15.0,23.351489,85.324253,23.441489,85.414253,13.583458821880646,19.0,1,1,Fast (<=20m),On Time
0x92a1,COIMBRES16DEL01,Coimbatore,30.0,30-34,4.4,4.2-4.6,Windy,High,0,Meal,Scooter,1.0,No,12:60,13:05,13.0,Afternoon,5.0,11.010375,76.95295,11.050375,76.99295,6.23231198873087,34.0,1,0,Slow (>30m),Over 30 Min
0x92c2,MUMRES010DEL03,Mumbai,24.0,18-24,4.9,4.7-5.0,Stormy,Low,0,Meal,Scooter,1.0,No,22:50,22:60,22.0,Late Night,10.0,19.003517,72.82765,19.093517,72.91765,13.770788604768338,17.0,1,1,Fast (<=20m),On Time
0x92ce,INDORES02DEL03,Indore,27.0,25-29,4.8,4.7-5.0,Sandstorms,Jam,1,Meal,Scooter,0.0,No,20:25,20:30,20.0,Evening,5.0,22.651847,75.881991,22.681847,75.911991,4.539074472876669,18.0,1,1,Fast (<=20m),On Time
0x930d,VADRES18DEL01,Vadodara,29.0,25-29,5.0,4.7-5.0,Cloudy,Medium,1,Buffet,Scooter,1.0,No,16:35,16:45,16.0,Afternoon,10.0,0.0,0.0,0.04,0.04,,13.0,1,1,Fast (<=20m),On Time
0x931f,SURRES18DEL03,Surat,29.0,25-29,4.8,4.7-5.0,Sandstorms,Jam,0,Buffet,Scooter,0.0,No,21:40,21:45,21.0,Late Night,5.0,21.149834,72.778666,21.179834,72.808666,4.561271933129137,21.0,1,1,Standard (21-30m),On Time
0x9339,MYSRES17DEL03,Mysuru,33.0,30-34,4.9,4.7-5.0,Sunny,Low,2,Meal,Scooter,1.0,No,22:25,22:35,22.0,Late Night,10.0,12.326356,76.619103,12.386356,76.679103,9.326574720517366,19.0,1,1,Fast (<=20m),On Time
0x933c,MYSRES20DEL02,Mysuru,25.0,25-29,4.6,4.2-4.6,Cloudy,Jam,1,Snack,Scooter,0.0,No,20:60,21:15,21.0,Late Night,15.0,12.337978,76.616792,12.417978,76.696792,12.434930308212797,30.0,1,1,Standard (21-30m),On Time
0x9342,CHENRES07DEL02,Chennai,34.0,30-34,4.9,4.7-5.0,Stormy,Medium,1,Drinks,Bicycle,0.0,No,18:40,18:50,18.0,Evening,10.0,13.081878,80.248519,13.211878,80.378519,20.176839834825802,23.0,1,1,Standard (21-30m),On Time
0x9355,HYDRES08DEL03,Hyderabad,26.0,25-29,4.3,4.2-4.6,Sunny,Jam,0,Snack,Scooter,0.0,No,20:35,20:45,20.0,Evening,10.0,17.438263,78.397865,17.498263,78.457865,9.220222113750317,48.0,1,0,Slow (>30m),Over 30 Min
0x937c,RANCHIRES19DEL03,Ranchi,39.0,35-45,4.9,4.7-5.0,Cloudy,Jam,2,Drinks,Scooter,1.0,No,19:25,19:30,19.0,Evening,5.0,23.333017,85.3172,23.423017,85.4072,13.584324827609853,36.0,1,0,Slow (>30m),Over 30 Min
0x9395,JAPRES13DEL03,Jaipur,36.0,35-45,4.4,4.2-4.6,Fog,Low,0,Snack,Scooter,1.0,No,23:35,23:50,23.0,Late Night,15.0,26.846156,75.8023,26.986156,75.9423,20.857144133204283,37.0,1,0,Slow (>30m),Over 30 Min
0x9399,VADRES010DEL03,Vadodara,35.0,35-45,4.6,4.2-4.6,Sunny,Low,2,Buffet,Scooter,1.0,No,22:40,22:55,22.0,Late Night,15.0,22.310329,73.169083,22.400329,73.259083,13.631358376708377,17.0,1,1,Fast (<=20m),On Time
0x93a1,SURRES02DEL01,Surat,25.0,25-29,4.5,4.2-4.6,Stormy,Jam,2,Meal,Scooter,1.0,No,21:20,21:25,21.0,Late Night,5.0,21.186608,72.794136,21.256608,72.864136,10.641066008032311,23.0,1,1,Standard (21-30m),On Time
0x93ad,MYSRES18DEL03,Mysuru,24.0,18-24,4.8,4.7-5.0,Cloudy,Jam,2,Buffet,Motorcycle,1.0,No,21:35,21:45,21.0,Late Night,10.0,12.337928,76.617889,12.397928,76.677889,9.326373139236264,27.0,1,1,Standard (21-30m),On Time
0x93b0,CHENRES15DEL03,Chennai,26.0,25-29,5.0,4.7-5.0,Stormy,Medium,1,Meal,Bicycle,0.0,No,18:55,18:60,18.0,Evening,5.0,13.026286,80.275235,13.086286,80.335235,9.314056929997294,26.0,1,1,Standard (21-30m),On Time
0x93b1,BANGRES010DEL02,Bengaluru,29.0,25-29,4.5,4.2-4.6,Windy,Medium,2,Snack,Motorcycle,1.0,No,17:15,17:30,17.0,Evening,15.0,12.933298,77.614293,13.013298,77.694293,12.420767206584339,26.0,1,1,Standard (21-30m),On Time
0x93b3,INDORES15DEL01,Indore,31.0,30-34,4.8,4.7-5.0,Stormy,Low,2,Meal,Scooter,0.0,No,10:10,10:20,10.0,Morning,10.0,22.760072,75.892574,22.770072,75.902574,1.5125257215191468,24.0,1,1,Standard (21-30m),On Time
0x93b4,PUNERES01DEL03,Pune,20.0,18-24,4.7,4.7-5.0,Cloudy,Jam,1,Meal,Scooter,1.0,No,21:20,21:25,21.0,Late Night,5.0,18.569156,73.774723,18.629156,73.834723,9.192131818007438,28.0,1,1,Standard (21-30m),On Time
0x93b7,SURRES19DEL01,Surat,25.0,25-29,4.6,4.2-4.6,Stormy,Low,2,Buffet,Scooter,1.0,No,23:10,23:15,23.0,Late Night,5.0,21.149669,72.772629,21.219669,72.842629,10.642303653494258,19.0,1,1,Fast (<=20m),On Time
0x9415,HYDRES07DEL01,Hyderabad,32.0,30-34,4.7,4.7-5.0,Fog,Low,0,Meal,Scooter,1.0,No,22:50,23:05,22.0,Late Night,15.0,17.424114,78.347554,17.534114,78.457554,16.903259251263673,41.0,1,0,Slow (>30m),Over 30 Min
0x9417,BANGRES16DEL03,Bengaluru,33.0,30-34,4.8,4.7-5.0,Sunny,Medium,2,Buffet,Scooter,1.0,No,18:15,18:25,18.0,Evening,10.0,13.029198,77.570997,13.059198,77.600997,4.657139451549431,21.0,1,1,Standard (21-30m),On Time
0x942,CHENRES09DEL02,Chennai,30.0,30-34,4.7,4.7-5.0,Unknown,Unknown,3,Meal,Bicycle,1.0,No,,8:40,,Unknown,,13.044694,80.26147,13.064694,80.28147,3.1046954579219928,29.0,1,1,Standard (21-30m),On Time
0x942d,SURRES14DEL01,Surat,24.0,18-24,4.2,4.2-4.6,Stormy,Low,0,Drinks,Scooter,1.0,No,9:55,10:10,9.0,Morning,15.0,21.157729,72.768726,21.167729,72.778726,1.5204340481093002,29.0,1,1,Standard (21-30m),On Time
0x9450,PUNERES14DEL03,Pune,38.0,35-45,4.6,4.2-4.6,Stormy,Low,1,Snack,Scooter,0.0,No,23:55,23:60,23.0,Late Night,5.0,18.516216,73.842527,18.576216,73.902527,9.193482578338074,20.0,1,1,Fast (<=20m),On Time
0x9462,RANCHIRES13DEL03,Ranchi,31.0,30-34,4.2,4.2-4.6,Windy,Medium,2,Drinks,Bicycle,1.0,No,17:40,17:50,17.0,Evening,10.0,23.374989,85.335486,23.464989,85.425486,13.582356254915991,37.0,1,0,Slow (>30m),Over 30 Min
0x9475,JAPRES07DEL03,Jaipur,36.0,35-45,4.6,4.2-4.6,Sunny,Jam,1,Drinks,Bicycle,1.0,No,20:25,20:35,20.0,Evening,10.0,26.766536,75.837333,26.856536,75.927333,13.413662605790556,21.0,1,1,Standard (21-30m),On Time
0x947d,MUMRES20DEL02,Mumbai,26.0,25-29,4.7,4.7-5.0,Fog,Low,1,Snack,Bicycle,0.0,No,10:20,10:30,10.0,Morning,10.0,19.103249,72.846749,19.123249,72.866749,3.059611297704131,18.0,1,1,Fast (<=20m),On Time
0x947f,COIMBRES010DEL01,Coimbatore,24.0,18-24,4.6,4.2-4.6,Sandstorms,Medium,2,Drinks,Bicycle,1.0,No,16:50,16:60,16.0,Afternoon,10.0,11.003008,76.97544,11.043008,77.01544,6.232388610637624,26.0,1,1,Standard (21-30m),On Time
0x948b,VADRES17DEL01,Vadodara,24.0,18-24,4.5,4.2-4.6,Fog,High,0,Meal,Scooter,0.0,No,14:55,15:10,14.0,Afternoon,15.0,0.0,0.0,0.04,0.04,,28.0,1,1,Standard (21-30m),On Time
0x949b,COIMBRES14DEL01,Coimbatore,24.0,18-24,3.2,Below 4.2,Sunny,Low,2,Drinks,Bicycle,0.0,Yes,23:60,24:10,0.0,Morning,10.0,11.003681,76.975525,11.113681,77.085525,17.13804580497175,44.0,1,0,Slow (>30m),Over 30 Min
0x94b6,BANGRES08DEL02,Bengaluru,31.0,30-34,4.5,4.2-4.6,Cloudy,Low,1,Buffet,Bicycle,1.0,No,22:30,22:40,22.0,Late Night,10.0,12.906229,77.596791,12.986229,77.676791,12.421425015967078,36.0,1,0,Slow (>30m),Over 30 Min
0x94c4,MYSRES02DEL02,Mysuru,20.0,18-24,4.6,4.2-4.6,Fog,Jam,2,Drinks,Bicycle,1.0,No,20:40,20:55,20.0,Evening,15.0,12.304569,76.643622,12.384569,76.723622,12.435706224330803,38.0,1,0,Slow (>30m),Over 30 Min
0x94fb,HYDRES16DEL02,Hyderabad,25.0,25-29,4.3,4.2-4.6,Sandstorms,Jam,0,Meal,Scooter,2.0,No,20:60,21:10,21.0,Late Night,10.0,17.440827,78.393391,17.570827,78.523391,19.975180170351393,38.0,1,0,Slow (>30m),Over 30 Min
0x9500,JAPRES03DEL02,Jaipur,21.0,18-24,4.8,4.7-5.0,Windy,Low,0,Meal,Scooter,1.0,No,22:40,22:50,22.0,Late Night,10.0,26.913483,75.803139,26.993483,75.883139,11.91662289880606,17.0,1,1,Fast (<=20m),On Time
0x9510,MYSRES20DEL01,Mysuru,34.0,30-34,4.3,4.2-4.6,Cloudy,Jam,2,Buffet,Scooter,0.0,No,21:15,21:30,21.0,Late Night,15.0,12.337978,76.616792,12.407978,76.686792,10.880665860526864,39.0,1,0,Slow (>30m),Over 30 Min
0x951d,HYDRES08DEL02,Hyderabad,37.0,35-45,4.9,4.7-5.0,Sandstorms,Low,1,Buffet,Scooter,1.0,No,22:20,22:30,22.0,Late Night,10.0,17.438263,78.397865,17.568263,78.527865,19.975314453429863,15.0,1,1,Fast (<=20m),On Time
0x952a,SURRES15DEL03,Surat,33.0,30-34,4.6,4.2-4.6,Sunny,Jam,0,Snack,Scooter,0.0,No,19:55,19:60,19.0,Evening,5.0,21.160522,72.771477,21.190522,72.801477,4.561118669924648,26.0,1,1,Standard (21-30m),On Time
0x9545,VADRES06DEL03,Vadodara,26.0,25-29,4.0,Below 4.2,Fog,Jam,1,Buffet,Scooter,1.0,No,21:40,21:45,21.0,Late Night,5.0,22.31279,73.170283,22.34279,73.200283,4.544200290209296,33.0,1,0,Slow (>30m),Over 30 Min
0x954e,MUMRES08DEL03,Mumbai,36.0,35-45,4.7,4.7-5.0,Sandstorms,Medium,0,Drinks,Scooter,1.0,No,17:30,17:45,17.0,Evening,15.0,19.065838,72.832658,19.155838,72.922658,13.76834460349604,42.0,1,0,Slow (>30m),Over 30 Min
0x9577,JAPRES16DEL02,Jaipur,22.0,18-24,4.6,4.2-4.6,Windy,Jam,1,Snack,Bicycle,1.0,No,19:60,20:15,20.0,Evening,15.0,26.849596,75.800512,26.929596,75.880512,11.919611681894452,25.0,1,1,Standard (21-30m),On Time
0x9596,MYSRES13DEL02,Mysuru,28.0,25-29,4.9,4.7-5.0,Sandstorms,Low,2,Buffet,Scooter,1.0,No,10:40,10:45,10.0,Morning,5.0,12.310972,76.659264,12.330972,76.679264,3.1090633988087064,10.0,1,1,Fast (<=20m),On Time
0x9598,SURRES18DEL02,Surat,35.0,35-45,4.5,4.2-4.6,Fog,High,0,Drinks,Scooter,1.0,No,11:20,11:35,11.0,Morning,15.0,21.149834,72.778666,21.169834,72.798666,3.0408957532099175,29.0,1,1,Standard (21-30m),On Time
0x959f,SURRES19DEL03,Surat,35.0,35-45,4.3,4.2-4.6,Stormy,Low,0,Buffet,Scooter,1.0,No,23:20,23:35,23.0,Late Night,15.0,21.149669,72.772629,21.179669,72.802629,4.561274298655883,32.0,1,0,Slow (>30m),Over 30 Min
0x95b0,CHENRES02DEL01,Chennai,37.0,35-45,4.7,4.7-5.0,Cloudy,Low,0,Buffet,Scooter,1.0,No,10:50,11:05,10.0,Morning,15.0,13.086438,80.220672,13.096438,80.230672,1.5522351845661642,26.0,1,1,Standard (21-30m),On Time
0x95bb,MUMRES010DEL03,Mumbai,36.0,35-45,4.7,4.7-5.0,Sunny,Low,0,Meal,Scooter,1.0,No,22:60,23:15,23.0,Late Night,15.0,19.003517,72.82765,19.033517,72.85765,4.5906544651856676,25.0,1,1,Standard (21-30m),On Time
0x95c7,SURRES09DEL02,Surat,20.0,18-24,4.8,4.7-5.0,Cloudy,Low,1,Drinks,Bicycle,1.0,No,23:40,23:50,23.0,Late Night,10.0,21.175975,72.795503,21.255975,72.875503,12.161433960486614,26.0,1,1,Standard (21-30m),On Time
0x95d0,SURRES11DEL01,Surat,29.0,25-29,4.6,4.2-4.6,Sandstorms,High,1,Meal,Bicycle,1.0,No,12:15,12:20,12.0,Afternoon,5.0,21.157735,72.768778,21.197735,72.808778,6.081449197051872,18.0,1,1,Fast (<=20m),On Time
0x95e,RANCHIRES15DEL02,Ranchi,30.0,30-34,4.7,4.7-5.0,Sandstorms,Jam,1,Buffet,Scooter,1.0,No,,21:30,,Unknown,,23.369746,85.33982,23.419746,85.38982,7.54641184500825,27.0,1,1,Standard (21-30m),On Time
0x95eb,PUNERES20DEL02,Pune,33.0,30-34,3.6,Below 4.2,Fog,Low,1,Snack,Bicycle,1.0,No,23:50,24:05,23.0,Late Night,15.0,18.592718,73.773572,18.722718,73.903572,19.913037050613386,36.0,1,0,Slow (>30m),Over 30 Min
0x95f9,PUNERES13DEL02,Pune,24.0,18-24,4.6,4.2-4.6,Sandstorms,Low,0,Buffet,Scooter,1.0,No,23:55,24:05,23.0,Late Night,10.0,18.56245,73.916619,18.64245,73.996619,12.256063244737627,21.0,1,1,Standard (21-30m),On Time
0x963c,VADRES20DEL03,Vadodara,38.0,35-45,4.8,4.7-5.0,Stormy,Low,1,Buffet,Bicycle,1.0,No,22:55,22:60,22.0,Late Night,5.0,22.311358,73.164798,22.341358,73.194798,4.5442217978701525,23.0,1,1,Standard (21-30m),On Time
0x9653,JAPRES02DEL03,Jaipur,33.0,30-34,4.9,4.7-5.0,Fog,Low,0,Snack,Scooter,1.0,No,22:25,22:35,22.0,Late Night,10.0,26.914142,75.805704,26.944142,75.835704,4.4691611323237765,24.0,1,1,Standard (21-30m),On Time
0x966b,SURRES19DEL02,Surat,38.0,35-45,4.6,4.2-4.6,Sandstorms,Low,2,Meal,Bicycle,1.0,No,23:20,23:25,23.0,Late Night,5.0,21.149669,72.772629,21.199669,72.822629,7.601884726877921,28.0,1,1,Standard (21-30m),On Time
0x9671,SURRES07DEL02,Surat,29.0,25-29,4.8,4.7-5.0,Stormy,Jam,2,Drinks,Bicycle,1.0,No,20:60,21:10,21.0,Late Night,10.0,21.170798,72.790489,21.300798,72.920489,19.76109362341859,29.0,1,1,Standard (21-30m),On Time
0x967e,HYDRES16DEL01,Hyderabad,22.0,18-24,4.9,4.7-5.0,Cloudy,Low,1,Meal,Bicycle,1.0,No,10:55,11:10,10.0,Morning,15.0,17.440827,78.393391,17.450827,78.403391,1.5367938921881952,12.0,1,1,Fast (<=20m),On Time
0x96b,CHENRES15DEL01,Chennai,30.0,30-34,4.7,4.7-5.0,Stormy,High,1,Meal,Bicycle,1.0,No,13:40,13:45,13.0,Afternoon,5.0,13.026286,80.275235,13.066286,80.315235,6.209493705792477,32.0,1,0,Slow (>30m),Over 30 Min
0x96b2,HYDRES11DEL01,Hyderabad,36.0,35-45,4.1,Below 4.2,Sandstorms,Jam,0,Meal,Scooter,2.0,No,19:50,19:60,19.0,Evening,10.0,17.430448,78.418213,17.500448,78.488213,10.757004909623614,46.0,1,0,Slow (>30m),Over 30 Min
0x96c3,PUNERES15DEL01,Pune,23.0,18-24,4.9,4.7-5.0,Cloudy,Medium,2,Snack,Scooter,2.0,No,18:25,18:30,18.0,Evening,5.0,18.636215,73.751081,18.706215,73.821081,10.722002110510742,36.0,1,0,Slow (>30m),Over 30 Min
0x96f5,COIMBRES02DEL03,Coimbatore,26.0,25-29,4.8,4.7-5.0,Stormy,Jam,2,Drinks,Bicycle,0.0,No,20:10,20:25,20.0,Evening,15.0,11.022477,76.995667,11.112477,77.085667,14.021831380947749,18.0,1,1,Fast (<=20m),On Time
0x9712,RANCHIRES08DEL01,Ranchi,38.0,35-45,4.5,4.2-4.6,Stormy,Jam,2,Buffet,Scooter,0.0,No,19:25,19:35,19.0,Evening,10.0,23.353783,85.326967,23.423783,85.396967,10.565193799428503,25.0,1,1,Standard (21-30m),On Time
0x9730,HYDRES06DEL01,Hyderabad,39.0,35-45,4.7,4.7-5.0,Stormy,Medium,0,Buffet,Scooter,1.0,No,18:30,18:40,18.0,Evening,10.0,17.455894,78.375467,17.525894,78.445467,10.7562883114948,43.0,1,0,Slow (>30m),Over 30 Min
0x974a,INDORES20DEL01,Indore,26.0,25-29,4.7,4.7-5.0,Cloudy,Jam,0,Meal,Scooter,1.0,Yes,20:25,20:40,20.0,Evening,15.0,22.732225,75.874765,22.842225,75.984765,16.63653993393264,45.0,1,0,Slow (>30m),Over 30 Min
0x9781,HYDRES01DEL03,Hyderabad,26.0,25-29,4.7,4.7-5.0,Stormy,Jam,1,Buffet,Scooter,1.0,No,21:35,21:45,21.0,Late Night,10.0,17.410371,78.437225,17.500371,78.527225,13.830799036813957,26.0,1,1,Standard (21-30m),On Time
0x97c1,COIMBRES12DEL03,Coimbatore,23.0,18-24,4.5,4.2-4.6,Sandstorms,Jam,1,Drinks,Bicycle,0.0,No,20:15,20:20,20.0,Evening,5.0,11.000762,76.981876,11.060762,77.041876,9.348461809460893,25.0,1,1,Standard (21-30m),On Time
0x97ca,PUNERES010DEL03,Pune,25.0,25-29,4.2,4.2-4.6,Sandstorms,Jam,0,Meal,Scooter,1.0,No,20:45,20:50,20.0,Evening,5.0,18.539299,73.897902,18.629299,73.987902,13.788766331907118,35.0,1,0,Slow (>30m),Over 30 Min
0x97cb,BANGRES07DEL02,Bengaluru,32.0,30-34,4.5,4.2-4.6,Sandstorms,Low,0,Buffet,Scooter,1.0,No,9:10,9:15,9.0,Morning,5.0,12.978453,77.643685,12.998453,77.663685,3.105099726413824,27.0,1,1,Standard (21-30m),On Time
0x97d2,JAPRES11DEL02,Jaipur,30.0,30-34,4.8,4.7-5.0,Fog,Low,2,Drinks,Motorcycle,0.0,No,22:35,22:40,22.0,Late Night,5.0,26.90294,75.793007,26.98294,75.873007,11.917116512088453,27.0,1,1,Standard (21-30m),On Time
0x9805,MUMRES15DEL01,Mumbai,25.0,25-29,4.2,4.2-4.6,Fog,Jam,1,Meal,Bicycle,1.0,No,21:40,21:45,21.0,Late Night,5.0,19.176269,72.836721,19.286269,72.946721,16.822178845068215,43.0,1,0,Slow (>30m),Over 30 Min
0x9833,MYSRES09DEL01,Mysuru,35.0,35-45,4.8,4.7-5.0,Windy,Low,0,Drinks,Scooter,1.0,No,23:40,23:50,23.0,Late Night,10.0,12.323194,76.630583,12.393194,76.700583,10.880966396680028,28.0,1,1,Standard (21-30m),On Time
0x9843,COIMBRES07DEL03,Coimbatore,39.0,35-45,4.9,4.7-5.0,Sunny,Medium,1,Snack,Bicycle,0.0,No,18:55,18:60,18.0,Evening,5.0,10.96185,76.971082,11.05185,77.061082,14.023251452797606,19.0,1,1,Fast (<=20m),On Time
0x988c,MUMRES06DEL03,Mumbai,29.0,25-29,4.8,4.7-5.0,Cloudy,Jam,0,Snack,Scooter,1.0,No,21:15,21:30,21.0,Late Night,15.0,19.055831,72.833984,19.145831,72.923984,13.768737526550598,36.0,1,0,Slow (>30m),Over 30 Min
0x9896,COIMBRES09DEL03,Coimbatore,22.0,18-24,4.3,4.2-4.6,Windy,Low,0,Buffet,Scooter,0.0,No,22:25,22:35,22.0,Late Night,10.0,11.008638,76.984311,11.038638,77.014311,4.674286568548053,27.0,1,1,Standard (21-30m),On Time
0x98ea,INDORES05DEL03,Indore,36.0,35-45,5.0,4.7-5.0,Sandstorms,Jam,2,Meal,Scooter,1.0,No,19:25,19:40,19.0,Evening,15.0,22.727021,75.884167,22.817021,75.974167,13.612412005057147,27.0,1,1,Standard (21-30m),On Time
0x98f4,CHENRES19DEL01,Chennai,31.0,30-34,4.7,4.7-5.0,Windy,Low,2,Meal,Bicycle,1.0,No,9:40,9:50,9.0,Morning,10.0,12.986047,80.218114,12.996047,80.228114,1.5525419695990956,29.0,1,1,Standard (21-30m),On Time
0x991a,MYSRES18DEL02,Mysuru,23.0,18-24,4.6,4.2-4.6,Cloudy,Low,1,Drinks,Scooter,0.0,No,10:15,10:30,10.0,Morning,15.0,12.337928,76.617889,12.357928,76.637889,3.108907213367544,12.0,1,1,Fast (<=20m),On Time
0x994a,HYDRES05DEL02,Hyderabad,36.0,35-45,5.0,4.7-5.0,Windy,Jam,0,Drinks,Scooter,1.0,No,19:15,19:20,19.0,Evening,5.0,17.433809,78.386744,17.563809,78.516744,19.975547677584927,49.0,1,0,Slow (>30m),Over 30 Min
0x99cc,CHENRES09DEL02,Chennai,26.0,25-29,4.8,4.7-5.0,Windy,High,1,Meal,Scooter,0.0,No,11:35,11:40,11.0,Morning,5.0,13.044694,80.26147,13.064694,80.28147,3.1046954579219928,27.0,1,1,Standard (21-30m),On Time
0x99ee,MUMRES010DEL02,Mumbai,39.0,35-45,4.8,4.7-5.0,Cloudy,Low,1,Drinks,Scooter,1.0,No,10:50,11:05,10.0,Morning,15.0,19.003517,72.82765,19.023517,72.84765,3.060479766017922,19.0,1,1,Fast (<=20m),On Time
0x9a03,JAPRES09DEL02,Jaipur,35.0,35-45,4.7,4.7-5.0,Sandstorms,Jam,0,Drinks,Scooter,1.0,Yes,19:20,19:35,19.0,Evening,15.0,26.911378,75.789034,27.041378,75.919034,19.362767216207896,52.0,1,0,Slow (>30m),Over 30 Min
0x9a21,JAPRES01DEL02,Jaipur,38.0,35-45,4.6,4.2-4.6,Sandstorms,Low,1,Buffet,Scooter,1.0,No,23:60,24:05,0.0,Morning,5.0,26.90519,75.810753,26.98519,75.890753,11.917011182053411,24.0,1,1,Standard (21-30m),On Time
0x9a29,RANCHIRES04DEL01,Ranchi,33.0,30-34,4.7,4.7-5.0,Fog,Jam,1,Snack,Bicycle,1.0,No,21:10,21:20,21.0,Late Night,10.0,23.359033,85.325347,23.469033,85.435347,16.60099863083884,49.0,1,0,Slow (>30m),Over 30 Min
0x9a3,VADRES12DEL03,Vadodara,22.0,18-24,4.9,4.7-5.0,Sandstorms,Jam,2,Buffet,Motorcycle,1.0,No,19:50,19:55,19.0,Evening,5.0,0.0,0.0,0.06,0.06,,22.0,1,1,Standard (21-30m),On Time
0x9a6e,HYDRES19DEL02,Hyderabad,37.0,35-45,4.6,4.2-4.6,Windy,Low,2,Meal,Motorcycle,1.0,No,9:50,9:60,9.0,Morning,10.0,17.458998,78.500366,17.478998,78.520366,3.073401542793196,22.0,1,1,Standard (21-30m),On Time
0x9a76,CHENRES19DEL03,Chennai,24.0,18-24,4.7,4.7-5.0,Sandstorms,Jam,2,Drinks,Bicycle,1.0,No,21:50,21:60,21.0,Late Night,10.0,12.986047,80.218114,13.076047,80.308114,13.97177919904146,21.0,1,1,Standard (21-30m),On Time
0x9a82,COIMBRES04DEL02,Coimbatore,35.0,35-45,4.7,4.7-5.0,Fog,Low,0,Meal,Scooter,0.0,No,10:10,10:15,10.0,Morning,5.0,11.024839,77.007003,11.044839,77.027003,3.116132794755311,21.0,1,1,Standard (21-30m),On Time
0x9a90,HYDRES03DEL01,Hyderabad,34.0,30-34,5.0,4.7-5.0,Windy,High,0,Buffet,Scooter,1.0,No,11:45,11:50,11.0,Morning,5.0,17.422819,78.449578,17.432819,78.459578,1.536866182222313,37.0,1,0,Slow (>30m),Over 30 Min
0x9a96,INDORES09DEL03,Indore,35.0,35-45,5.0,4.7-5.0,Sunny,Jam,1,Buffet,Bicycle,0.0,No,20:60,21:05,21.0,Late Night,5.0,22.725835,75.887648,22.755835,75.917648,4.537947114121767,24.0,1,1,Standard (21-30m),On Time
0x9abd,MUMRES04DEL02,Mumbai,24.0,18-24,4.8,4.7-5.0,Stormy,High,0,Drinks,Scooter,0.0,No,11:35,11:40,11.0,Morning,5.0,19.254567,72.848923,19.274567,72.868923,3.0582857995284227,20.0,1,1,Fast (<=20m),On Time
0x9ad5,MUMRES18DEL01,Mumbai,35.0,35-45,3.7,Below 4.2,Cloudy,Low,1,Meal,Scooter,0.0,No,23:50,24:05,23.0,Late Night,15.0,19.1093,72.825451,19.2193,72.935451,16.82540664511028,37.0,1,0,Slow (>30m),Over 30 Min
0x9afc,HYDRES14DEL01,Hyderabad,24.0,18-24,4.2,4.2-4.6,Windy,Jam,0,Buffet,Scooter,2.0,No,19:45,19:60,19.0,Evening,15.0,17.426228,78.407495,17.536228,78.517495,16.903165688794456,35.0,1,0,Slow (>30m),Over 30 Min
0x9b29,JAPRES02DEL01,Jaipur,36.0,35-45,4.9,4.7-5.0,Sandstorms,High,2,Drinks,Bicycle,1.0,No,12:60,13:10,13.0,Afternoon,10.0,26.914142,75.805704,26.954142,75.845704,5.958764472773996,31.0,1,0,Slow (>30m),Over 30 Min
0x9b49,PUNERES02DEL02,Pune,38.0,35-45,4.9,4.7-5.0,Fog,Low,1,Snack,Scooter,1.0,No,23:25,23:30,23.0,Late Night,5.0,18.55144,73.804855,18.68144,73.934855,19.915326172676348,30.0,1,1,Standard (21-30m),On Time
0x9b8e,HYDRES12DEL03,Hyderabad,25.0,25-29,4.8,4.7-5.0,Windy,Jam,1,Drinks,Scooter,0.0,No,20:20,20:35,20.0,Evening,15.0,17.429585,78.392621,17.519585,78.482621,13.830103824771955,18.0,1,1,Fast (<=20m),On Time
0x9b95,CHENRES03DEL01,Chennai,27.0,25-29,4.8,4.7-5.0,Stormy,Medium,2,Drinks,Scooter,1.0,No,18:10,18:25,18.0,Evening,15.0,13.091809,80.219104,13.161809,80.289104,10.864885506055067,19.0,1,1,Fast (<=20m),On Time
0x9b96,VADRES08DEL03,Vadodara,35.0,35-45,4.9,4.7-5.0,Sandstorms,Jam,2,Snack,Bicycle,1.0,No,20:15,20:30,20.0,Evening,15.0,0.0,0.0,0.09,0.09,,28.0,1,1,Standard (21-30m),On Time
0x9ba,MYSRES02DEL02,Mysuru,35.0,35-45,4.0,Below 4.2,Stormy,Medium,2,Drinks,Motorcycle,0.0,No,17:55,18:10,17.0,Evening,15.0,12.304569,76.643622,12.354569,76.693622,7.772533936309724,32.0,1,0,Slow (>30m),Over 30 Min
0x9ba3,INDORES01DEL02,Indore,38.0,35-45,4.8,4.7-5.0,Sunny,Medium,1,Snack,Scooter,1.0,No,17:40,17:55,17.0,Evening,15.0,22.695207,75.866059,22.775207,75.946059,12.101420626269702,17.0,1,1,Fast (<=20m),On Time
0x9ba6,CHENRES07DEL03,Chennai,34.0,30-34,4.6,4.2-4.6,Cloudy,Jam,0,Meal,Scooter,2.0,No,21:55,21:60,21.0,Late Night,5.0,13.081878,80.248519,13.171878,80.338519,13.969136262696317,48.0,1,0,Slow (>30m),Over 30 Min
0x9bc1,COIMBRES14DEL02,Coimbatore,37.0,35-45,4.9,4.7-5.0,Windy,Low,1,Drinks,Scooter,1.0,No,22:50,23:05,22.0,Late Night,15.0,11.003681,76.975525,11.053681,77.025525,7.790411964628951,24.0,1,1,Standard (21-30m),On Time
0x9bd3,CHENRES17DEL01,Chennai,23.0,18-24,4.5,4.2-4.6,Sandstorms,Medium,2,Buffet,Bicycle,1.0,No,17:45,17:50,17.0,Evening,5.0,13.045479,80.23311,13.115479,80.30311,10.865881096382559,17.0,1,1,Fast (<=20m),On Time
0x9bef,INDORES16DEL02,Indore,34.0,30-34,4.6,4.2-4.6,Stormy,Low,2,Drinks,Scooter,0.0,No,8:45,8:50,8.0,Morning,5.0,22.744648,75.894377,22.764648,75.914377,3.025157545406537,21.0,1,1,Standard (21-30m),On Time
0x9bf6,MUMRES03DEL02,Mumbai,31.0,30-34,4.5,4.2-4.6,Sandstorms,Medium,2,Drinks,Motorcycle,1.0,No,18:50,19:05,18.0,Evening,15.0,19.22384,72.841347,19.30384,72.921347,12.233168113636722,28.0,1,1,Standard (21-30m),On Time
0x9bf9,PUNERES19DEL01,Pune,32.0,30-34,4.4,4.2-4.6,Sandstorms,Medium,0,Drinks,Scooter,1.0,No,15:60,16:05,16.0,Afternoon,5.0,18.563934,73.915367,18.603935,73.955367,6.128427843391064,37.0,1,0,Slow (>30m),Over 30 Min
0x9bfa,VADRES20DEL02,Vadodara,35.0,35-45,3.6,Below 4.2,Stormy,Jam,1,Snack,Bicycle,0.0,No,19:45,19:50,19.0,Evening,5.0,22.311358,73.164798,22.441358,73.294798,19.688367506372447,35.0,1,0,Slow (>30m),Over 30 Min
0x9c05,SURRES07DEL02,Surat,38.0,35-45,4.8,4.7-5.0,Windy,Low,2,Drinks,Motorcycle,1.0,No,8:60,9:10,9.0,Morning,10.0,21.170798,72.790489,21.190798,72.810489,3.0406953397851884,20.0,1,1,Fast (<=20m),On Time
0x9c22,CHENRES08DEL02,Chennai,30.0,30-34,4.8,4.7-5.0,Fog,Low,2,Snack,Bicycle,0.0,No,22:25,22:35,22.0,Late Night,10.0,13.022394,80.242439,13.152394,80.372439,20.179216079370622,26.0,1,1,Standard (21-30m),On Time
0x9c4c,MYSRES08DEL03,Mysuru,30.0,30-34,4.1,Below 4.2,Stormy,Low,0,Drinks,Scooter,0.0,No,22:20,22:30,22.0,Late Night,10.0,12.297954,76.665169,12.357954,76.725169,9.32706870789486,26.0,1,1,Standard (21-30m),On Time
0x9c5a,COIMBRES010DEL01,Coimbatore,28.0,25-29,4.9,4.7-5.0,Sunny,Jam,2,Drinks,Motorcycle,0.0,No,19:30,19:45,19.0,Evening,15.0,11.003008,76.97544,11.113008,77.08544,17.1380651075813,12.0,1,1,Fast (<=20m),On Time
0x9c67,PUNERES03DEL03,Pune,25.0,25-29,4.9,4.7-5.0,Cloudy,Medium,2,Buffet,Bicycle,0.0,No,18:35,18:50,18.0,Evening,15.0,18.554382,73.798206,18.584382,73.828206,4.596446072050615,10.0,1,1,Fast (<=20m),On Time
0x9c7d,JAPRES14DEL03,Jaipur,32.0,30-34,4.7,4.7-5.0,Sandstorms,Jam,2,Buffet,Bicycle,1.0,No,21:55,22:05,21.0,Late Night,10.0,26.88842,75.800689,26.94842,75.860689,8.9386982211026,27.0,1,1,Standard (21-30m),On Time
0x9cbc,RANCHIRES20DEL01,Ranchi,24.0,18-24,5.0,4.7-5.0,Cloudy,Medium,0,Snack,Scooter,1.0,No,17:15,17:20,17.0,Evening,5.0,23.39925,85.390464,23.50925,85.500464,16.598690267561356,44.0,1,0,Slow (>30m),Over 30 Min
0x9cd3,COIMBRES18DEL02,Coimbatore,26.0,25-29,4.9,4.7-5.0,Sandstorms,Medium,1,Buffet,Bicycle,1.0,No,18:15,18:25,18.0,Evening,10.0,11.02091,76.940432,11.07091,76.990432,7.790187764072779,28.0,1,1,Standard (21-30m),On Time
0x9ce0,RANCHIRES07DEL01,Ranchi,38.0,35-45,4.3,4.2-4.6,Cloudy,High,0,Meal,Scooter,1.0,No,12:60,13:15,13.0,Afternoon,15.0,23.359407,85.325055,23.399407,85.365055,6.037449138753068,31.0,1,0,Slow (>30m),Over 30 Min
0x9cf7,MYSRES11DEL01,Mysuru,31.0,30-34,3.9,Below 4.2,Windy,Medium,1,Meal,Scooter,1.0,No,18:10,18:20,18.0,Evening,10.0,12.323225,76.630028,12.433225,76.740028,17.09802055680367,38.0,1,0,Slow (>30m),Over 30 Min
0x9d0e,RANCHIRES04DEL02,Ranchi,34.0,30-34,4.6,4.2-4.6,Windy,Medium,2,Meal,Bicycle,0.0,No,17:50,18:05,17.0,Evening,15.0,23.359033,85.325347,23.409033,85.375347,7.546690893000631,27.0,1,1,Standard (21-30m),On Time
0x9d17,PUNERES16DEL01,Pune,38.0,35-45,4.6,4.2-4.6,Sunny,Low,1,Snack,Scooter,0.0,No,23:25,23:30,23.0,Late Night,5.0,18.536718,73.830327,18.646718,73.940327,16.85258874318512,26.0,1,1,Standard (21-30m),On Time
0x9d2b,SURRES14DEL01,Surat,30.0,30-34,5.0,4.7-5.0,Fog,High,1,Snack,Scooter,1.0,No,14:50,15:05,14.0,Afternoon,15.0,21.157729,72.768726,21.197729,72.808726,6.0814493118037065,28.0,1,1,Standard (21-30m),On Time
0x9d35,MYSRES010DEL01,Mysuru,31.0,30-34,5.0,4.7-5.0,Windy,Jam,2,Drinks,Scooter,1.0,No,20:20,20:30,20.0,Evening,10.0,12.321214,76.621094,12.431214,76.731094,17.098084855752138,29.0,1,1,Standard (21-30m),On Time
0x9d46,VADRES05DEL02,Vadodara,21.0,18-24,4.9,4.7-5.0,Cloudy,Low,1,Buffet,Bicycle,0.0,No,9:50,10:05,9.0,Morning,15.0,22.310526,73.170937,22.330526,73.190937,3.029539600115624,18.0,1,1,Fast (<=20m),On Time
0x9d4f,JAPRES11DEL02,Jaipur,35.0,35-45,4.7,4.7-5.0,Stormy,Jam,0,Meal,Scooter,1.0,No,21:60,22:15,22.0,Late Night,15.0,26.90294,75.793007,26.98294,75.873007,11.917116512088453,36.0,1,0,Slow (>30m),Over 30 Min
0x9d58,BANGRES13DEL03,Bengaluru,34.0,30-34,4.4,4.2-4.6,Cloudy,Medium,0,Drinks,Scooter,1.0,No,18:10,18:25,18.0,Evening,15.0,12.935662,77.61413,12.965662,77.64413,4.6579942084826875,34.0,1,0,Slow (>30m),Over 30 Min
0x9d6d,CHENRES19DEL03,Chennai,37.0,35-45,4.6,4.2-4.6,Sunny,Jam,1,Meal,Bicycle,1.0,No,21:20,21:30,21.0,Late Night,10.0,12.986047,80.218114,13.046047,80.278114,9.314794454557843,22.0,1,1,Standard (21-30m),On Time
0x9d7b,JAPRES17DEL02,Jaipur,36.0,35-45,4.9,4.7-5.0,Windy,Jam,2,Drinks,Bicycle,1.0,No,21:15,21:30,21.0,Late Night,15.0,26.892312,75.806896,26.942312,75.856896,7.448947668640024,32.0,1,0,Slow (>30m),Over 30 Min
0x9d7d,MUMRES12DEL01,Mumbai,33.0,30-34,4.9,4.7-5.0,Fog,Jam,0,Snack,Scooter,0.0,Yes,21:30,21:40,21.0,Late Night,10.0,19.207222,72.972281,19.317222,73.082281,16.82068353390247,43.0,1,0,Slow (>30m),Over 30 Min
0x9d96,BANGRES20DEL03,Bengaluru,35.0,35-45,4.6,4.2-4.6,Fog,Medium,0,Buffet,Scooter,1.0,No,17:15,17:20,17.0,Evening,5.0,12.972161,77.596014,13.002161,77.626014,4.657661370487178,32.0,1,0,Slow (>30m),Over 30 Min
0x9ddc,INDORES08DEL02,Indore,34.0,30-34,4.0,Below 4.2,Cloudy,Medium,2,Drinks,Bicycle,1.0,No,17:45,17:60,17.0,Evening,15.0,22.725748,75.898497,22.855747,76.028497,19.661049370467172,36.0,1,0,Slow (>30m),Over 30 Min
0x9e1e,MYSRES010DEL02,Mysuru,27.0,25-29,4.6,4.2-4.6,Windy,Low,0,Buffet,Scooter,0.0,No,23:60,24:05,0.0,Morning,5.0,12.321214,76.621094,12.451214,76.751094,20.206448854021062,18.0,1,1,Fast (<=20m),On Time
0x9e32,MYSRES11DEL03,Mysuru,25.0,25-29,4.8,4.7-5.0,Stormy,Low,1,Meal,Scooter,1.0,No,22:35,22:50,22.0,Late Night,15.0,12.323225,76.630028,12.353225,76.660028,4.6634451895649995,11.0,1,1,Fast (<=20m),On Time
0x9e46,VADRES010DEL01,Vadodara,29.0,25-29,4.7,4.7-5.0,Fog,High,1,Drinks,Scooter,1.0,No,11:15,11:30,11.0,Morning,15.0,22.310329,73.169083,22.320329,73.179083,1.5147958137109587,30.0,1,1,Standard (21-30m),On Time
0x9e57,BANGRES17DEL02,Bengaluru,22.0,18-24,4.6,4.2-4.6,Windy,Jam,1,Buffet,Bicycle,1.0,No,21:45,21:60,21.0,Late Night,15.0,12.972532,77.608179,13.052532,77.688179,12.419811441386257,16.0,1,1,Fast (<=20m),On Time
0x9e96,JAPRES14DEL01,Jaipur,36.0,35-45,4.7,4.7-5.0,Sunny,High,0,Buffet,Scooter,0.0,No,14:30,14:40,14.0,Afternoon,10.0,26.88842,75.800689,26.92842,75.840689,5.9593661356699705,21.0,1,1,Standard (21-30m),On Time
0x9e97,COIMBRES02DEL03,Coimbatore,25.0,25-29,4.7,4.7-5.0,Sandstorms,Medium,0,Drinks,Scooter,0.0,No,18:55,19:05,18.0,Evening,10.0,11.022477,76.995667,11.082477,77.055667,9.348122588663651,12.0,1,1,Fast (<=20m),On Time
0x9e9a,PUNERES20DEL03,Pune,39.0,35-45,4.6,4.2-4.6,Stormy,Medium,2,Snack,Motorcycle,0.0,No,17:15,17:30,17.0,Evening,15.0,18.592718,73.773572,18.652718,73.833572,9.191529512117134,34.0,1,0,Slow (>30m),Over 30 Min
0x9ea8,VADRES13DEL01,Vadodara,29.0,25-29,4.7,4.7-5.0,Stormy,Jam,2,Drinks,Bicycle,1.0,No,21:60,22:05,22.0,Late Night,5.0,22.310237,73.158921,22.380237,73.228921,10.602521946321813,29.0,1,1,Standard (21-30m),On Time
0x9ece,VADRES12DEL03,Vadodara,22.0,18-24,4.6,4.2-4.6,Stormy,Medium,2,Snack,Scooter,1.0,No,17:20,17:30,17.0,Evening,10.0,0.0,0.0,0.03,0.03,,24.0,1,1,Standard (21-30m),On Time
0x9ed4,HYDRES010DEL01,Hyderabad,26.0,25-29,4.6,4.2-4.6,Sunny,Medium,2,Drinks,Motorcycle,1.0,No,16:20,16:35,16.0,Afternoon,15.0,17.428294,78.404423,17.468294,78.444423,6.147135856684542,11.0,1,1,Fast (<=20m),On Time
0x9ed6,INDORES19DEL02,Indore,32.0,30-34,4.8,4.7-5.0,Windy,Jam,2,Drinks,Scooter,1.0,No,21:35,21:45,21.0,Late Night,10.0,22.745536,75.893106,22.795536,75.943106,7.562489336193054,28.0,1,1,Standard (21-30m),On Time
0x9ed9,MYSRES18DEL03,Mysuru,33.0,30-34,4.6,4.2-4.6,Sunny,Low,1,Buffet,Bicycle,0.0,No,22:60,23:10,23.0,Late Night,10.0,12.337928,76.617889,12.427928,76.707889,13.98916689570204,23.0,1,1,Standard (21-30m),On Time
0x9f02,MUMRES12DEL01,Mumbai,32.0,30-34,4.8,4.7-5.0,Sunny,Low,2,Drinks,Scooter,1.0,No,22:35,22:50,22.0,Late Night,15.0,19.207222,72.972281,19.277222,73.042281,10.70468701978954,18.0,1,1,Fast (<=20m),On Time
0x9f0e,INDORES12DEL01,Indore,33.0,30-34,4.7,4.7-5.0,Fog,High,0,Snack,Scooter,0.0,No,13:55,14:10,13.0,Afternoon,15.0,22.74806,75.8934,22.78806,75.9334,6.0500419491210184,34.0,1,0,Slow (>30m),Over 30 Min
0x9f11,CHENRES20DEL03,Chennai,27.0,25-29,5.0,4.7-5.0,Stormy,Low,2,Drinks,Bicycle,0.0,No,22:20,22:30,22.0,Late Night,10.0,12.975996,80.221898,13.035996,80.281898,9.31497833570581,13.0,1,1,Fast (<=20m),On Time
0x9f1f,PUNERES19DEL02,Pune,37.0,35-45,3.5,Below 4.2,Cloudy,Low,1,Buffet,Bicycle,1.0,No,23:25,23:35,23.0,Late Night,10.0,18.563934,73.915367,18.693935,74.045367,19.914714472882387,35.0,1,0,Slow (>30m),Over 30 Min
0x9f6c,CHENRES02DEL01,Chennai,38.0,35-45,4.7,4.7-5.0,Cloudy,Low,1,Drinks,Scooter,1.0,No,9:50,10:05,9.0,Morning,15.0,13.086438,80.220672,13.096438,80.230672,1.5522351845661642,17.0,1,1,Fast (<=20m),On Time
0x9f88,MUMRES010DEL01,Mumbai,36.0,35-45,4.6,4.2-4.6,Sandstorms,Low,0,Meal,Scooter,0.0,No,22:35,22:50,22.0,Late Night,15.0,19.003517,72.82765,19.113517,72.93765,16.83048454178069,23.0,1,1,Standard (21-30m),On Time
0xa014,JAPRES06DEL02,Jaipur,24.0,18-24,5.0,4.7-5.0,Windy,Jam,2,Meal,Bicycle,1.0,No,20:30,20:35,20.0,Evening,5.0,26.911927,75.797282,26.991927,75.877282,11.916695758872375,26.0,1,1,Standard (21-30m),On Time
0xa027,CHENRES08DEL01,Chennai,20.0,18-24,4.6,4.2-4.6,Windy,Jam,0,Meal,Scooter,1.0,No,19:15,19:20,19.0,Evening,5.0,13.022394,80.242439,13.092394,80.312439,10.866375917143351,30.0,1,1,Standard (21-30m),On Time
0xa036,PUNERES13DEL01,Pune,35.0,35-45,4.8,4.7-5.0,Windy,Medium,1,Meal,Bicycle,0.0,No,18:30,18:45,18.0,Evening,15.0,18.56245,73.916619,18.63245,73.986619,10.72420451374129,29.0,1,1,Standard (21-30m),On Time
0xa03a,SURRES02DEL01,Surat,32.0,30-34,3.8,Below 4.2,Windy,Jam,2,Drinks,Scooter,0.0,No,19:35,19:40,19.0,Evening,5.0,21.186608,72.794136,21.296608,72.904136,16.72061977214888,31.0,1,0,Slow (>30m),Over 30 Min
0xa03f,HYDRES07DEL01,Hyderabad,26.0,25-29,4.5,4.2-4.6,Sunny,High,0,Buffet,Scooter,1.0,No,13:20,13:35,13.0,Afternoon,15.0,17.424114,78.347554,17.464114,78.387554,6.147203009450054,40.0,1,0,Slow (>30m),Over 30 Min
0xa05,CHENRES08DEL02,Chennai,37.0,35-45,4.1,Below 4.2,Sandstorms,Medium,2,Snack,Bicycle,2.0,No,17:40,17:55,17.0,Evening,15.0,13.022394,80.242439,13.072394,80.292439,7.761850143263272,32.0,1,0,Slow (>30m),Over 30 Min
0xa05b,CHENRES05DEL02,Chennai,33.0,30-34,4.9,4.7-5.0,Fog,Jam,2,Meal,Scooter,1.0,Yes,19:50,19:60,19.0,Evening,10.0,13.058616,80.264151,13.188616,80.394151,20.177770321879272,47.0,1,0,Slow (>30m),Over 30 Min
0xa070,VADRES17DEL02,Vadodara,31.0,30-34,4.9,4.7-5.0,Windy,Low,1,Snack,Bicycle,1.0,No,22:35,22:40,22.0,Late Night,5.0,0.0,0.0,0.08,0.08,,28.0,1,1,Standard (21-30m),On Time
0xa077,PUNERES02DEL01,Pune,29.0,25-29,4.9,4.7-5.0,Fog,Jam,0,Meal,Scooter,2.0,No,19:40,19:55,19.0,Evening,15.0,18.55144,73.804855,18.62144,73.874855,10.724532561380851,45.0,1,0,Slow (>30m),Over 30 Min
0xa07e,MUMRES02DEL01,Mumbai,25.0,25-29,4.2,4.2-4.6,Fog,Jam,2,Snack,Scooter,1.0,No,20:45,20:55,20.0,Evening,10.0,19.221315,72.862381,19.291315,72.932381,10.704253719843852,43.0,1,0,Slow (>30m),Over 30 Min
0xa092,JAPRES13DEL03,Jaipur,29.0,25-29,4.9,4.7-5.0,Windy,Medium,1,Drinks,Bicycle,0.0,No,18:60,19:05,19.0,Evening,5.0,26.846156,75.8023,26.906156,75.8623,8.940180068526951,29.0,1,1,Standard (21-30m),On Time
0xa095,BANGRES17DEL03,Bengaluru,22.0,18-24,4.6,4.2-4.6,Cloudy,Medium,2,Buffet,Bicycle,0.0,No,17:15,17:25,17.0,Evening,10.0,12.972532,77.608179,13.062532,77.698179,13.972150442212714,25.0,1,1,Standard (21-30m),On Time
0xa09a,SURRES19DEL01,Surat,25.0,25-29,4.7,4.7-5.0,Cloudy,Medium,1,Buffet,Scooter,1.0,No,16:10,16:25,16.0,Afternoon,15.0,21.149669,72.772629,21.189669,72.812629,6.081603438774703,17.0,1,1,Fast (<=20m),On Time
0xa0a1,MYSRES04DEL02,Mysuru,33.0,30-34,4.1,Below 4.2,Windy,Low,0,Meal,Scooter,1.0,No,9:20,9:30,9.0,Morning,10.0,12.3085,76.665808,12.3285,76.685808,3.1090777053820924,34.0,1,0,Slow (>30m),Over 30 Min
0xa0a6,CHENRES06DEL01,Chennai,27.0,25-29,4.6,4.2-4.6,Fog,Medium,0,Drinks,Scooter,1.0,No,15:50,15:55,15.0,Afternoon,5.0,13.054347,80.257221,13.094347,80.297221,6.209150219644725,29.0,1,1,Standard (21-30m),On Time
0xa10e,SURRES07DEL02,Surat,22.0,18-24,4.6,4.2-4.6,Fog,Low,2,Meal,Bicycle,0.0,No,23:25,23:35,23.0,Late Night,10.0,21.170798,72.790489,21.220798,72.840489,7.601379437572868,11.0,1,1,Fast (<=20m),On Time
0xa112,VADRES20DEL02,Vadodara,24.0,18-24,4.9,4.7-5.0,Cloudy,Low,0,Snack,Scooter,0.0,No,23:25,23:35,23.0,Late Night,10.0,22.311358,73.164798,22.441358,73.294798,19.688367506372447,21.0,1,1,Standard (21-30m),On Time
0xa118,VADRES09DEL03,Vadodara,34.0,30-34,4.7,4.7-5.0,Cloudy,Low,1,Snack,Scooter,0.0,No,23:15,23:25,23.0,Late Night,10.0,0.0,0.0,0.06,0.06,,18.0,1,1,Fast (<=20m),On Time
0xa158,SURRES08DEL03,Surat,32.0,30-34,4.9,4.7-5.0,Cloudy,Medium,0,Meal,Scooter,0.0,No,18:55,19:10,18.0,Evening,15.0,21.173343,72.792731,21.263343,72.882731,13.68151092035054,41.0,1,0,Slow (>30m),Over 30 Min
0xa15d,COIMBRES09DEL03,Coimbatore,37.0,35-45,4.0,Below 4.2,Stormy,Medium,1,Snack,Bicycle,0.0,No,18:20,18:35,18.0,Evening,15.0,11.008638,76.984311,11.038638,77.014311,4.674286568548053,32.0,1,0,Slow (>30m),Over 30 Min
0xa163,MUMRES15DEL01,Mumbai,26.0,25-29,4.4,4.2-4.6,Sunny,High,0,Buffet,Scooter,1.0,No,14:35,14:40,14.0,Afternoon,5.0,19.176269,72.836721,19.216269,72.876721,6.117770403806944,40.0,1,0,Slow (>30m),Over 30 Min
0xa189,SURRES04DEL01,Surat,37.0,35-45,4.8,4.7-5.0,Stormy,Jam,0,Meal,Scooter,2.0,No,20:55,21:05,20.0,Evening,10.0,21.173493,72.801953,21.243493,72.871953,10.641505644147731,37.0,1,0,Slow (>30m),Over 30 Min
0xa18c,INDORES20DEL01,Indore,29.0,25-29,4.8,4.7-5.0,Sunny,Medium,0,Drinks,Scooter,1.0,No,15:60,16:10,16.0,Afternoon,10.0,22.732225,75.874765,22.772225,75.914765,6.050364337775565,21.0,1,1,Standard (21-30m),On Time
0xa190,HYDRES20DEL02,Hyderabad,26.0,25-29,5.0,4.7-5.0,Windy,Low,2,Drinks,Bicycle,1.0,No,8:35,8:50,8.0,Morning,15.0,17.483216,78.552111,17.503216,78.572111,3.073206651149139,14.0,1,1,Fast (<=20m),On Time
0xa191,SURRES04DEL02,Surat,21.0,18-24,4.8,4.7-5.0,Stormy,Jam,2,Buffet,Scooter,1.0,No,20:45,20:50,20.0,Evening,5.0,21.173493,72.801953,21.253493,72.881953,12.161529045737733,29.0,1,1,Standard (21-30m),On Time
0xa1c7,RANCHIRES19DEL03,Ranchi,24.0,18-24,5.0,4.7-5.0,Sandstorms,Jam,2,Buffet,Scooter,1.0,No,19:10,19:25,19.0,Evening,15.0,23.333017,85.3172,23.423017,85.4072,13.584324827609853,29.0,1,1,Standard (21-30m),On Time
0xa1d1,INDORES06DEL03,Indore,31.0,30-34,4.4,4.2-4.6,Cloudy,Jam,1,Meal,Scooter,1.0,No,19:55,20:05,19.0,Evening,10.0,22.728163,75.884212,22.758163,75.914212,4.537911591164707,33.0,1,0,Slow (>30m),Over 30 Min
0xa1e0,INDORES19DEL01,Indore,35.0,35-45,4.2,4.2-4.6,Cloudy,High,2,Meal,Bicycle,1.0,No,11:10,11:15,11.0,Morning,5.0,22.745536,75.893106,22.755536,75.903106,1.5125997004953078,35.0,1,0,Slow (>30m),Over 30 Min
0xa200,SURRES07DEL01,Surat,30.0,30-34,4.7,4.7-5.0,Windy,Low,0,Drinks,Scooter,1.0,No,22:25,22:30,22.0,Late Night,5.0,21.170798,72.790489,21.280798,72.900489,16.721453235478375,24.0,1,1,Standard (21-30m),On Time
0xa204,RANCHIRES18DEL01,Ranchi,33.0,30-34,4.3,4.2-4.6,Stormy,High,0,Meal,Scooter,1.0,No,12:15,12:25,12.0,Afternoon,10.0,23.351489,85.324253,23.391489,85.364253,6.037614051280403,33.0,1,0,Slow (>30m),Over 30 Min
0xa20a,PUNERES13DEL03,Pune,21.0,18-24,4.7,4.7-5.0,Fog,Low,2,Drinks,Bicycle,0.0,No,23:45,23:55,23.0,Late Night,10.0,18.56245,73.916619,18.65245,74.006619,13.787879283776235,28.0,1,1,Standard (21-30m),On Time
0xa22e,INDORES20DEL02,Indore,22.0,18-24,5.0,4.7-5.0,Sunny,Jam,2,Meal,Bicycle,0.0,No,20:35,20:40,20.0,Evening,5.0,22.732225,75.874765,22.782225,75.924765,7.562828136281007,11.0,1,1,Fast (<=20m),On Time
0xa235,SURRES010DEL03,Surat,22.0,18-24,4.6,4.2-4.6,Sunny,Low,0,Meal,Scooter,1.0,No,23:25,23:35,23.0,Late Night,10.0,21.17106,72.789292,21.26106,72.879292,13.681609324672339,28.0,1,1,Standard (21-30m),On Time
0xa23c,SURRES17DEL02,Surat,31.0,30-34,4.7,4.7-5.0,Fog,Jam,1,Snack,Scooter,1.0,No,21:35,21:50,21.0,Late Night,15.0,21.149569,72.772697,21.279569,72.902697,19.762415777837713,38.0,1,0,Slow (>30m),Over 30 Min
0xa23d,VADRES03DEL03,Vadodara,22.0,18-24,4.4,4.2-4.6,Sandstorms,Low,0,Buffet,Scooter,1.0,No,23:60,24:10,0.0,Morning,10.0,22.32,73.17,22.38,73.23,9.087732880585383,27.0,1,1,Standard (21-30m),On Time
0xa24d,VADRES18DEL02,Vadodara,21.0,18-24,4.6,4.2-4.6,Sandstorms,Jam,0,Buffet,Scooter,1.0,No,19:50,19:55,19.0,Evening,5.0,0.0,0.0,0.05,0.05,,27.0,1,1,Standard (21-30m),On Time
0xa261,MYSRES11DEL03,Mysuru,33.0,30-34,4.8,4.7-5.0,Stormy,Jam,1,Snack,Bicycle,1.0,No,21:15,21:30,21.0,Late Night,15.0,12.323225,76.630028,12.353225,76.660028,4.6634451895649995,31.0,1,0,Slow (>30m),Over 30 Min
0xa28e,COIMBRES20DEL03,Coimbatore,21.0,18-24,4.7,4.7-5.0,Sandstorms,Jam,1,Meal,Bicycle,1.0,No,19:15,19:20,19.0,Evening,5.0,10.994136,76.963303,11.054136,77.023303,9.348565188843082,25.0,1,1,Standard (21-30m),On Time
0xa292,BANGRES13DEL01,Bengaluru,38.0,35-45,4.3,4.2-4.6,Stormy,Jam,0,Drinks,Scooter,1.0,No,19:50,20:05,19.0,Evening,15.0,12.935662,77.61413,13.005662,77.68413,10.868227528917517,36.0,1,0,Slow (>30m),Over 30 Min
0xa2ad,INDORES01DEL03,Indore,29.0,25-29,4.6,4.2-4.6,Sunny,Jam,1,Meal,Scooter,0.0,No,21:15,21:30,21.0,Late Night,15.0,22.695207,75.866059,22.725207,75.896059,4.538414176578862,13.0,1,1,Fast (<=20m),On Time
0xa2b2,INDORES09DEL03,Indore,21.0,18-24,4.9,4.7-5.0,Stormy,Medium,1,Buffet,Scooter,1.0,No,17:55,18:10,17.0,Evening,15.0,22.725835,75.887648,22.785835,75.947648,9.075436109115513,27.0,1,1,Standard (21-30m),On Time
0xa2b8,RANCHIRES16DEL03,Ranchi,35.0,35-45,4.7,4.7-5.0,Sandstorms,Jam,1,Meal,Scooter,0.0,No,20:35,20:50,20.0,Evening,15.0,23.371292,85.327872,23.431292,85.387872,9.055489441458066,26.0,1,1,Standard (21-30m),On Time
0xa2c1,INDORES12DEL03,Indore,33.0,30-34,5.0,4.7-5.0,Sandstorms,Medium,0,Buffet,Scooter,1.0,No,18:55,19:05,18.0,Evening,10.0,22.74806,75.8934,22.77806,75.9234,4.537607855667364,34.0,1,0,Slow (>30m),Over 30 Min
0xa2c2,COIMBRES02DEL01,Coimbatore,30.0,30-34,4.8,4.7-5.0,Fog,Jam,2,Buffet,Bicycle,2.0,No,20:20,20:35,20.0,Evening,15.0,11.022477,76.995667,11.092477,77.065667,10.906051686304858,42.0,1,0,Slow (>30m),Over 30 Min
0xa2ca,COIMBRES06DEL02,Coimbatore,28.0,25-29,4.9,4.7-5.0,Fog,Jam,0,Buffet,Scooter,1.0,No,20:60,21:05,21.0,Late Night,5.0,11.021278,76.995017,11.151278,77.125017,20.253116843277343,35.0,1,0,Slow (>30m),Over 30 Min
0xa2cc,COIMBRES15DEL03,Coimbatore,22.0,18-24,4.9,4.7-5.0,Stormy,Jam,1,Snack,Scooter,1.0,No,19:20,19:30,19.0,Evening,10.0,11.006686,76.951736,11.066686,77.011736,9.348369331800264,15.0,1,1,Fast (<=20m),On Time
0xa2ef,MUMRES01DEL01,Mumbai,31.0,30-34,4.2,4.2-4.6,Sandstorms,High,0,Buffet,Scooter,0.0,No,14:30,14:45,14.0,Afternoon,15.0,19.12663,72.829976,19.16663,72.869976,6.11863933582433,41.0,1,0,Slow (>30m),Over 30 Min
0xa2f8,MYSRES14DEL03,Mysuru,31.0,30-34,4.0,Below 4.2,Sandstorms,Medium,0,Drinks,Scooter,0.0,No,17:50,18:05,17.0,Evening,15.0,0.0,0.0,0.06,0.06,,34.0,1,0,Slow (>30m),Over 30 Min
0xa30b,CHENRES11DEL01,Chennai,37.0,35-45,4.8,4.7-5.0,Cloudy,Medium,0,Drinks,Scooter,1.0,No,16:45,16:55,16.0,Afternoon,10.0,13.064181,80.236442,13.104181,80.276442,6.209029677800828,26.0,1,1,Standard (21-30m),On Time
0xa312,BANGRES05DEL01,Bengaluru,38.0,35-45,4.8,4.7-5.0,Stormy,Jam,0,Snack,Scooter,2.0,No,21:35,21:50,21.0,Late Night,15.0,12.970324,77.645748,13.080324,77.755748,17.076810703922373,39.0,1,0,Slow (>30m),Over 30 Min
0xa33b,SURRES05DEL03,Surat,26.0,25-29,5.0,4.7-5.0,Cloudy,Low,1,Buffet,Bicycle,1.0,No,23:50,23:55,23.0,Late Night,5.0,21.175104,72.804342,21.235104,72.864342,9.12138800518361,17.0,1,1,Fast (<=20m),On Time
0xa35b,JAPRES19DEL03,Jaipur,31.0,30-34,4.5,4.2-4.6,Windy,Jam,2,Buffet,Bicycle,1.0,No,21:10,21:25,21.0,Late Night,15.0,26.913726,75.75282,27.003726,75.842821,13.405990234498539,43.0,1,0,Slow (>30m),Over 30 Min
0xa365,CHENRES16DEL03,Chennai,30.0,30-34,4.6,4.2-4.6,Fog,Low,1,Snack,Scooter,0.0,No,23:50,23:60,23.0,Late Night,10.0,13.049645,80.242268,13.079645,80.272268,4.656951818396391,19.0,1,1,Fast (<=20m),On Time
0xa36b,RANCHIRES18DEL03,Ranchi,36.0,35-45,4.7,4.7-5.0,Fog,Jam,1,Buffet,Bicycle,1.0,No,19:30,19:40,19.0,Evening,10.0,23.351489,85.324253,23.441489,85.414253,13.583458821880646,38.0,1,0,Slow (>30m),Over 30 Min
0xa37c,MUMRES010DEL02,Mumbai,22.0,18-24,4.9,4.7-5.0,Windy,Medium,1,Snack,Bicycle,1.0,No,18:40,18:55,18.0,Evening,15.0,19.003517,72.82765,19.083517,72.90765,12.240875181907477,19.0,1,1,Fast (<=20m),On Time
0xa38,CHENRES19DEL02,Chennai,30.0,30-34,4.7,4.7-5.0,Sunny,Medium,2,Drinks,Bicycle,1.0,No,,18:15,,Unknown,,12.986047,80.218114,13.116047,80.348114,20.180662988795145,19.0,1,1,Fast (<=20m),On Time
0xa3ab,HYDRES15DEL01,Hyderabad,34.0,30-34,4.6,4.2-4.6,Sunny,High,1,Drinks,Scooter,0.0,No,13:45,13:50,13.0,Afternoon,5.0,17.45971,78.368855,17.49971,78.408855,6.146630677626374,22.0,1,1,Standard (21-30m),On Time
0xa3c5,CHENRES010DEL02,Chennai,30.0,30-34,4.8,4.7-5.0,Sunny,Jam,1,Buffet,Bicycle,1.0,No,21:50,21:60,21.0,Late Night,10.0,13.066762,80.251865,13.146762,80.331865,12.417504672683167,18.0,1,1,Fast (<=20m),On Time
0xa3e8,HYDRES13DEL03,Hyderabad,23.0,18-24,4.6,4.2-4.6,Sunny,Jam,0,Snack,Scooter,2.0,No,19:55,19:60,19.0,Evening,5.0,17.431477,78.40035,17.521477,78.49035,13.830035329340722,33.0,1,0,Slow (>30m),Over 30 Min
0xa40f,JAPRES13DEL03,Jaipur,29.0,25-29,4.7,4.7-5.0,Sandstorms,Low,2,Snack,Bicycle,1.0,No,23:15,23:30,23.0,Late Night,15.0,26.846156,75.8023,26.936156,75.8923,13.409480861151275,14.0,1,1,Fast (<=20m),On Time
0xa42a,COIMBRES08DEL03,Coimbatore,34.0,30-34,4.0,Below 4.2,Stormy,Medium,1,Meal,Bicycle,1.0,No,17:40,17:55,17.0,Evening,15.0,11.001852,76.976268,11.031852,77.006268,4.674339472898809,32.0,1,0,Slow (>30m),Over 30 Min
0xa438,MYSRES05DEL01,Mysuru,33.0,30-34,4.7,4.7-5.0,Sunny,Jam,2,Snack,Bicycle,0.0,No,19:35,19:50,19.0,Evening,15.0,12.323978,76.627961,12.393978,76.697961,10.880950467822013,20.0,1,1,Fast (<=20m),On Time
0xa453,MUMRES09DEL01,Mumbai,31.0,30-34,4.6,4.2-4.6,Windy,High,1,Drinks,Bicycle,1.0,No,14:20,14:30,14.0,Afternoon,10.0,18.994049,72.825203,19.034049,72.865203,6.120950224107759,30.0,1,1,Standard (21-30m),On Time
0xa476,CHENRES05DEL02,Chennai,37.0,35-45,4.7,4.7-5.0,Windy,Low,1,Snack,Scooter,1.0,No,23:15,23:30,23.0,Late Night,15.0,13.058616,80.264151,13.108616,80.314151,7.761295704784144,25.0,1,1,Standard (21-30m),On Time
0xa47c,MUMRES19DEL01,Mumbai,33.0,30-34,3.8,Below 4.2,Cloudy,Low,1,Buffet,Bicycle,1.0,No,23:35,23:45,23.0,Late Night,10.0,19.131141,72.813074,19.241141,72.923074,16.824355057808983,36.0,1,0,Slow (>30m),Over 30 Min
0xa47d,MYSRES02DEL03,Mysuru,39.0,35-45,4.5,4.2-4.6,Stormy,Low,0,Snack,Scooter,1.0,No,23:35,23:45,23.0,Late Night,10.0,12.304569,76.643622,12.364569,76.703622,9.326953752731567,20.0,1,1,Fast (<=20m),On Time
0xa4a2,COIMBRES010DEL03,Coimbatore,34.0,30-34,4.8,4.7-5.0,Stormy,Low,2,Meal,Motorcycle,1.0,No,23:55,23:60,23.0,Late Night,5.0,11.003008,76.97544,11.093008,77.06544,14.02228822856509,27.0,1,1,Standard (21-30m),On Time
0xa4ab,COIMBRES12DEL01,Coimbatore,21.0,18-24,4.6,4.2-4.6,Sandstorms,Low,1,Drinks,Bicycle,0.0,No,9:40,9:50,9.0,Morning,10.0,11.000762,76.981876,11.010762,76.991876,1.558141963513045,16.0,1,1,Fast (<=20m),On Time
0xa4af,CHENRES19DEL01,Chennai,27.0,25-29,4.0,Below 4.2,Windy,High,0,Drinks,Scooter,1.0,No,13:30,13:40,13.0,Afternoon,10.0,12.986047,80.218114,13.026047,80.258114,6.209985028290128,33.0,1,0,Slow (>30m),Over 30 Min
0xa4b,CHENRES18DEL01,Chennai,30.0,30-34,4.7,4.7-5.0,Fog,Low,2,Snack,Motorcycle,1.0,No,,9:40,,Unknown,,12.981615,80.231598,12.991615,80.241598,1.5525554613277863,11.0,1,1,Fast (<=20m),On Time
0xa4b3,PUNERES03DEL01,Pune,32.0,30-34,4.9,4.7-5.0,Sunny,High,1,Snack,Scooter,1.0,No,11:35,11:40,11.0,Morning,5.0,18.554382,73.798206,18.564382,73.808206,1.5321912089066665,22.0,1,1,Standard (21-30m),On Time
0xa4b6,CHENRES17DEL02,Chennai,27.0,25-29,4.6,4.2-4.6,Stormy,Jam,1,Drinks,Scooter,1.0,No,20:55,21:05,20.0,Evening,10.0,13.045479,80.23311,13.095479,80.28311,7.761496958336217,14.0,1,1,Fast (<=20m),On Time
0xa4dc,JAPRES17DEL01,Jaipur,29.0,25-29,4.8,4.7-5.0,Fog,Jam,0,Buffet,Scooter,1.0,No,21:55,22:10,21.0,Late Night,15.0,26.892312,75.806896,27.002312,75.916896,16.385752737242402,37.0,1,0,Slow (>30m),Over 30 Min
0xa4de,VADRES01DEL01,Vadodara,33.0,30-34,4.8,4.7-5.0,Sandstorms,Medium,2,Meal,Bicycle,1.0,No,17:55,18:10,17.0,Evening,15.0,22.307898,73.167788,22.417898,73.277788,16.66013113561463,22.0,1,1,Standard (21-30m),On Time
0xa4e0,VADRES18DEL01,Vadodara,22.0,18-24,4.9,4.7-5.0,Sunny,High,1,Meal,Scooter,0.0,No,11:15,11:25,11.0,Morning,10.0,0.0,0.0,0.01,0.01,,10.0,1,1,Fast (<=20m),On Time
0xa4f2,PUNERES18DEL01,Pune,22.0,18-24,4.5,4.2-4.6,Sunny,Low,0,Drinks,Scooter,1.0,No,23:45,23:60,23.0,Late Night,15.0,18.593481,73.785901,18.703481,73.895901,16.84992736957142,23.0,1,1,Standard (21-30m),On Time
0xa4f4,PUNERES09DEL01,Pune,25.0,25-29,4.3,4.2-4.6,Sandstorms,Jam,0,Snack,Scooter,0.0,No,19:30,19:40,19.0,Evening,10.0,18.536562,73.896485,18.646562,74.006485,16.85259604721558,35.0,1,0,Slow (>30m),Over 30 Min
0xa4ff,RANCHIRES03DEL01,Ranchi,33.0,30-34,4.9,4.7-5.0,Fog,Jam,1,Drinks,Bicycle,2.0,No,21:35,21:45,21.0,Late Night,10.0,0.0,0.0,0.07,0.07,,40.0,1,0,Slow (>30m),Over 30 Min
0xa50e,RANCHIRES03DEL01,Ranchi,22.0,18-24,4.6,4.2-4.6,Stormy,High,2,Drinks,Bicycle,1.0,No,13:40,13:55,13.0,Afternoon,15.0,0.0,0.0,0.04,0.04,,20.0,1,1,Fast (<=20m),On Time
0xa565,MYSRES20DEL02,Mysuru,23.0,18-24,4.6,4.2-4.6,Sunny,Medium,2,Buffet,Bicycle,0.0,No,17:45,17:50,17.0,Evening,5.0,12.337978,76.616792,12.417978,76.696792,12.434930308212797,15.0,1,1,Fast (<=20m),On Time
0xa575,BANGRES17DEL01,Bengaluru,32.0,30-34,4.7,4.7-5.0,Fog,Low,2,Drinks,Scooter,1.0,No,10:10,10:20,10.0,Morning,10.0,12.972532,77.608179,12.982532,77.618179,1.5525830977088295,16.0,1,1,Fast (<=20m),On Time
0xa57f,VADRES13DEL03,Vadodara,37.0,35-45,4.9,4.7-5.0,Sunny,Jam,0,Drinks,Scooter,0.0,No,21:30,21:40,21.0,Late Night,10.0,22.310237,73.158921,22.340237,73.188921,4.544238633692141,23.0,1,1,Standard (21-30m),On Time
0xa587,JAPRES19DEL02,Jaipur,21.0,18-24,4.5,4.2-4.6,Cloudy,Jam,0,Meal,Scooter,0.0,No,20:55,21:05,20.0,Evening,10.0,26.913726,75.75282,26.963726,75.80282,7.448321426261456,27.0,1,1,Standard (21-30m),On Time
0xa58a,PUNERES11DEL01,Pune,30.0,30-34,3.8,Below 4.2,Windy,Jam,1,Drinks,Scooter,1.0,No,21:25,21:40,21.0,Late Night,15.0,18.533811,73.899315,18.603811,73.969315,10.725057457902905,38.0,1,0,Slow (>30m),Over 30 Min
0xa591,MYSRES18DEL03,Mysuru,36.0,35-45,4.7,4.7-5.0,Sunny,Low,2,Meal,Scooter,0.0,No,22:25,22:35,22.0,Late Night,10.0,12.337928,76.617889,12.427928,76.707889,13.98916689570204,19.0,1,1,Fast (<=20m),On Time
0xa59c,MYSRES19DEL01,Mysuru,32.0,30-34,5.0,4.7-5.0,Windy,High,1,Snack,Bicycle,1.0,No,13:60,14:05,14.0,Afternoon,5.0,12.334022,76.618203,12.374022,76.658203,6.217743662515815,31.0,1,0,Slow (>30m),Over 30 Min
0xa5f2,VADRES010DEL03,Vadodara,28.0,25-29,4.9,4.7-5.0,Fog,Low,0,Buffet,Scooter,1.0,No,22:30,22:45,22.0,Late Night,15.0,22.310329,73.169083,22.400329,73.259083,13.631358376708377,22.0,1,1,Standard (21-30m),On Time
0xa5f7,INDORES20DEL02,Indore,25.0,25-29,5.0,4.7-5.0,Windy,Jam,2,Snack,Bicycle,0.0,No,19:50,20:05,19.0,Evening,15.0,22.732225,75.874765,22.862225,76.004765,19.660701977070953,18.0,1,1,Fast (<=20m),On Time
0xa652,INDORES17DEL03,Indore,26.0,25-29,3.9,Below 4.2,Sunny,Jam,0,Meal,Scooter,0.0,No,20:35,20:40,20.0,Evening,5.0,22.761226,75.887522,22.791226,75.917522,4.537406746416273,46.0,1,0,Slow (>30m),Over 30 Min
0xa667,CHENRES14DEL01,Chennai,38.0,35-45,4.5,4.2-4.6,Windy,Low,1,Meal,Scooter,1.0,No,10:20,10:25,10.0,Morning,5.0,13.026279,80.174568,13.036279,80.184568,1.552419295555828,20.0,1,1,Fast (<=20m),On Time
0xa687,RANCHIRES15DEL01,Ranchi,33.0,30-34,4.4,4.2-4.6,Windy,Medium,0,Snack,Scooter,2.0,Yes,17:15,17:30,17.0,Evening,15.0,23.369746,85.33982,23.479746,85.44982,16.600384057308027,44.0,1,0,Slow (>30m),Over 30 Min
0xa696,INDORES15DEL02,Indore,25.0,25-29,4.3,4.2-4.6,Windy,Medium,0,Buffet,Scooter,1.0,No,17:45,17:55,17.0,Evening,10.0,22.760072,75.892574,22.890072,76.022574,19.65885587138484,35.0,1,0,Slow (>30m),Over 30 Min
0xa6a9,MYSRES12DEL02,Mysuru,36.0,35-45,5.0,4.7-5.0,Windy,Low,1,Snack,Scooter,1.0,No,22:55,23:05,22.0,Late Night,10.0,12.284747,76.625861,12.364747,76.705861,12.436165633660886,23.0,1,1,Standard (21-30m),On Time
0xa6aa,SURRES12DEL03,Surat,32.0,30-34,5.0,4.7-5.0,Stormy,Low,1,Meal,Scooter,1.0,No,22:45,22:50,22.0,Late Night,5.0,21.183434,72.814492,21.273434,72.904492,13.68107585599462,25.0,1,1,Standard (21-30m),On Time
0xa6ce,MYSRES01DEL02,Mysuru,23.0,18-24,5.0,4.7-5.0,Sunny,Jam,2,Meal,Scooter,1.0,No,21:25,21:40,21.0,Late Night,15.0,12.311072,76.654878,12.441072,76.784878,20.206832206608745,24.0,1,1,Standard (21-30m),On Time
0xa6ea,SURRES17DEL01,Surat,32.0,30-34,4.6,4.2-4.6,Fog,High,0,Snack,Scooter,1.0,No,11:40,11:45,11.0,Morning,5.0,21.149569,72.772697,21.159569,72.782697,1.5204730335747643,28.0,1,1,Standard (21-30m),On Time
0xa6ff,MUMRES03DEL01,Mumbai,30.0,30-34,4.6,4.2-4.6,Cloudy,Medium,0,Drinks,Scooter,1.0,No,16:35,16:45,16.0,Afternoon,10.0,19.22384,72.841347,19.26384,72.881347,6.116935770958927,26.0,1,1,Standard (21-30m),On Time
0xa71,CHENRES18DEL01,Chennai,31.0,30-34,4.6,4.2-4.6,Sunny,Jam,2,Meal,Bicycle,0.0,No,20:20,20:25,20.0,Evening,5.0,12.981615,80.231598,13.091615,80.341598,17.076431443105655,18.0,1,1,Fast (<=20m),On Time
0xa79,MYSRES010DEL01,Mysuru,37.0,35-45,4.5,4.2-4.6,Cloudy,Jam,0,Drinks,Scooter,1.0,No,19:15,19:20,19.0,Evening,5.0,12.321214,76.621094,12.431214,76.731094,17.098084855752138,48.0,1,0,Slow (>30m),Over 30 Min
0xa79a,JAPRES06DEL01,Jaipur,30.0,30-34,4.9,4.7-5.0,Stormy,Low,2,Snack,Bicycle,0.0,No,22:25,22:40,22.0,Late Night,15.0,26.911927,75.797282,26.981927,75.867282,10.427313803794311,22.0,1,1,Standard (21-30m),On Time
0xa7a8,HYDRES20DEL02,Hyderabad,32.0,30-34,3.9,Below 4.2,Windy,Medium,2,Buffet,Bicycle,1.0,No,18:30,18:40,18.0,Evening,10.0,17.483216,78.552111,17.563216,78.632111,12.291858923304817,38.0,1,0,Slow (>30m),Over 30 Min
0xa7a9,PUNERES05DEL03,Pune,23.0,18-24,4.6,4.2-4.6,Stormy,Jam,1,Buffet,Scooter,1.0,No,21:15,21:20,21.0,Late Night,5.0,18.543626,73.905101,18.633626,73.995101,13.788600615741396,15.0,1,1,Fast (<=20m),On Time
0xa7c,MUMRES12DEL01,Mumbai,27.0,25-29,4.8,4.7-5.0,Windy,High,2,Buffet,Bicycle,1.0,No,12:60,13:15,13.0,Afternoon,15.0,19.207222,72.972281,19.247222,73.012281,6.117227545024823,19.0,1,1,Fast (<=20m),On Time
0xa7c9,BANGRES13DEL02,Bengaluru,33.0,30-34,4.7,4.7-5.0,Fog,Low,2,Snack,Bicycle,0.0,No,8:45,8:50,8.0,Morning,5.0,12.935662,77.61413,12.955662,77.63413,3.1053598344186275,15.0,1,1,Fast (<=20m),On Time
0xa7f9,BANGRES12DEL02,Bengaluru,30.0,30-34,4.2,4.2-4.6,Sandstorms,Medium,0,Buffet,Scooter,1.0,No,18:50,18:60,18.0,Evening,10.0,12.939496,77.625999,13.069496,77.755999,20.182510484836808,35.0,1,0,Slow (>30m),Over 30 Min
0xa808,INDORES16DEL03,Indore,34.0,30-34,4.4,4.2-4.6,Stormy,Jam,0,Buffet,Scooter,1.0,No,20:30,20:45,20.0,Evening,15.0,22.744648,75.894377,22.834648,75.984377,13.61160391289427,51.0,1,0,Slow (>30m),Over 30 Min
0xa813,COIMBRES18DEL02,Coimbatore,31.0,30-34,5.0,4.7-5.0,Sunny,Low,0,Meal,Scooter,1.0,No,8:55,9:05,8.0,Morning,10.0,11.02091,76.940432,11.04091,76.960432,3.116153238010856,26.0,1,1,Standard (21-30m),On Time
0xa819,MYSRES15DEL01,Mysuru,26.0,25-29,4.6,4.2-4.6,Sandstorms,Low,1,Buffet,Scooter,0.0,No,22:10,22:15,22.0,Late Night,5.0,12.352058,76.60665,12.462058,76.71665,17.097097558661133,17.0,1,1,Fast (<=20m),On Time
0xa81a,CHENRES19DEL03,Chennai,33.0,30-34,4.1,Below 4.2,Sandstorms,Jam,0,Drinks,Scooter,1.0,No,19:20,19:25,19.0,Evening,5.0,12.986047,80.218114,13.046047,80.278114,9.314794454557843,32.0,1,0,Slow (>30m),Over 30 Min
0xa82a,PUNERES20DEL01,Pune,35.0,35-45,4.8,4.7-5.0,Sunny,Low,1,Snack,Bicycle,0.0,No,8:55,9:10,8.0,Morning,15.0,18.592718,73.773572,18.602718,73.783572,1.5320281388586612,13.0,1,1,Fast (<=20m),On Time
0xa83f,MUMRES010DEL02,Mumbai,22.0,18-24,4.7,4.7-5.0,Sandstorms,Medium,2,Drinks,Motorcycle,1.0,No,17:50,18:05,17.0,Evening,15.0,19.003517,72.82765,19.083517,72.90765,12.240875181907477,21.0,1,1,Standard (21-30m),On Time
0xa84f,VADRES15DEL02,Vadodara,35.0,35-45,5.0,4.7-5.0,Sandstorms,Jam,2,Snack,Motorcycle,1.0,No,19:15,19:30,19.0,Evening,15.0,0.0,0.0,0.05,0.05,,30.0,1,1,Standard (21-30m),On Time
0xa862,INDORES07DEL01,Indore,38.0,35-45,4.8,4.7-5.0,Fog,Jam,2,Drinks,Bicycle,2.0,No,21:40,21:55,21.0,Late Night,15.0,22.722634,75.886959,22.792634,75.956959,10.587944571497646,40.0,1,0,Slow (>30m),Over 30 Min
0xa874,HYDRES16DEL01,Hyderabad,20.0,18-24,4.9,4.7-5.0,Stormy,Medium,0,Snack,Scooter,0.0,No,15:15,15:30,15.0,Afternoon,15.0,17.440827,78.393391,17.480827,78.433391,6.146934422234519,19.0,1,1,Fast (<=20m),On Time
0xa884,CHENRES14DEL03,Chennai,22.0,18-24,4.6,4.2-4.6,Fog,Jam,0,Drinks,Scooter,0.0,No,19:45,19:55,19.0,Evening,10.0,13.026279,80.174568,13.116279,80.264568,13.970671888342826,47.0,1,0,Slow (>30m),Over 30 Min
0xa892,INDORES07DEL03,Indore,36.0,35-45,4.9,4.7-5.0,Sunny,Low,2,Meal,Motorcycle,1.0,No,22:10,22:15,22.0,Late Night,5.0,22.722634,75.886959,22.782634,75.946959,9.075533842307417,18.0,1,1,Fast (<=20m),On Time
0xa89a,INDORES19DEL01,Indore,33.0,30-34,4.8,4.7-5.0,Stormy,Low,2,Snack,Bicycle,1.0,No,22:45,22:60,22.0,Late Night,15.0,22.745536,75.893106,22.815536,75.963106,10.587128328620123,28.0,1,1,Standard (21-30m),On Time
0xa8b,BANGRES03DEL01,Bengaluru,38.0,35-45,4.5,4.2-4.6,Stormy,Low,2,Snack,Bicycle,1.0,No,8:50,9:05,8.0,Morning,15.0,12.979166,77.640709,12.989166,77.650709,1.5525629145974231,20.0,1,1,Fast (<=20m),On Time
0xa8bb,BANGRES01DEL01,Bengaluru,37.0,35-45,4.1,Below 4.2,Stormy,High,0,Drinks,Scooter,2.0,No,13:15,13:25,13.0,Afternoon,10.0,12.933284,77.615428,12.973284,77.655428,6.21062707159303,43.0,1,0,Slow (>30m),Over 30 Min
0xa8cb,JAPRES14DEL02,Jaipur,29.0,25-29,4.7,4.7-5.0,Stormy,Low,2,Drinks,Bicycle,0.0,No,23:20,23:35,23.0,Late Night,15.0,26.88842,75.800689,26.96842,75.880689,11.917796074352283,17.0,1,1,Fast (<=20m),On Time
0xa8ee,VADRES11DEL03,Vadodara,20.0,18-24,4.8,4.7-5.0,Cloudy,Low,0,Meal,Scooter,1.0,No,23:50,23:60,23.0,Late Night,10.0,22.308096,73.167753,22.398096,73.257753,13.631459096627768,21.0,1,1,Standard (21-30m),On Time
0xa918,HYDRES15DEL03,Hyderabad,25.0,25-29,4.8,4.7-5.0,Cloudy,Low,1,Buffet,Bicycle,0.0,Unknown,23:35,23:40,23.0,Late Night,5.0,17.45971,78.368855,17.48971,78.398855,4.610033378351878,10.0,1,1,Fast (<=20m),On Time
0xa92c,BANGRES02DEL03,Bengaluru,37.0,35-45,4.8,4.7-5.0,Sandstorms,Low,2,Drinks,Scooter,1.0,No,22:45,22:55,22.0,Late Night,10.0,12.970221,77.645396,13.000221,77.675396,4.657679084075016,22.0,1,1,Standard (21-30m),On Time
0xa93,MUMRES18DEL01,Mumbai,39.0,35-45,4.8,4.7-5.0,Stormy,Low,0,Drinks,Scooter,1.0,No,22:50,22:55,22.0,Late Night,5.0,19.1093,72.825451,19.1793,72.895451,10.707689816556874,20.0,1,1,Fast (<=20m),On Time
0xa94b,HYDRES02DEL03,Hyderabad,25.0,25-29,4.7,4.7-5.0,Sunny,Medium,0,Snack,Scooter,1.0,No,18:60,19:05,19.0,Evening,5.0,17.41233,78.449654,17.47233,78.509654,9.220847343468021,15.0,1,1,Fast (<=20m),On Time
0xa955,INDORES01DEL03,Indore,34.0,30-34,4.8,4.7-5.0,Windy,Medium,2,Meal,Motorcycle,0.0,No,17:55,18:10,17.0,Evening,15.0,22.695207,75.866059,22.785207,75.956059,13.613869130091379,27.0,1,1,Standard (21-30m),On Time
0xa96e,VADRES20DEL01,Vadodara,30.0,30-34,5.0,4.7-5.0,Sandstorms,Jam,0,Drinks,Scooter,2.0,No,19:50,19:60,19.0,Evening,10.0,22.311358,73.164798,22.421358,73.274798,16.65994031403326,36.0,1,0,Slow (>30m),Over 30 Min
0xa97d,INDORES20DEL02,Indore,23.0,18-24,4.8,4.7-5.0,Windy,Medium,0,Buffet,Scooter,0.0,No,17:30,17:40,17.0,Evening,10.0,22.732225,75.874765,22.782225,75.924765,7.562828136281007,25.0,1,1,Standard (21-30m),On Time
0xa99c,CHENRES09DEL03,Chennai,21.0,18-24,4.9,4.7-5.0,Cloudy,Jam,0,Buffet,Scooter,2.0,No,19:35,19:50,19.0,Evening,15.0,13.044694,80.26147,13.134694,80.35147,13.97016396183892,47.0,1,0,Slow (>30m),Over 30 Min
0xa9a1,MUMRES08DEL01,Mumbai,26.0,25-29,3.9,Below 4.2,Sunny,High,0,Buffet,Scooter,1.0,Yes,11:60,12:05,12.0,Afternoon,5.0,19.065838,72.832658,19.075838,72.842658,1.5299905612415228,49.0,1,0,Slow (>30m),Over 30 Min
0xa9c0,HYDRES11DEL01,Hyderabad,38.0,35-45,5.0,4.7-5.0,Stormy,Medium,2,Drinks,Bicycle,1.0,No,15:20,15:35,15.0,Afternoon,15.0,17.430448,78.418213,17.470448,78.458213,6.147101246352943,31.0,1,0,Slow (>30m),Over 30 Min
0xa9d1,COIMBRES19DEL01,Coimbatore,27.0,25-29,4.7,4.7-5.0,Stormy,High,2,Drinks,Scooter,0.0,No,13:45,13:50,13.0,Afternoon,5.0,11.022298,76.998349,11.062298,77.038349,6.232187876218782,22.0,1,1,Standard (21-30m),On Time
0xa9f9,SURRES07DEL01,Surat,36.0,35-45,4.8,4.7-5.0,Fog,Low,2,Meal,Motorcycle,1.0,No,8:40,8:55,8.0,Morning,15.0,21.170798,72.790489,21.180798,72.800489,1.520371581767709,17.0,1,1,Fast (<=20m),On Time
0xaa1a,COIMBRES05DEL03,Coimbatore,37.0,35-45,5.0,4.7-5.0,Stormy,Low,1,Drinks,Bicycle,1.0,No,23:10,23:25,23.0,Late Night,15.0,11.022169,76.999594,11.112169,77.089594,14.02183861435046,19.0,1,1,Fast (<=20m),On Time
0xaa40,MYSRES16DEL01,Mysuru,28.0,25-29,4.6,4.2-4.6,Sandstorms,High,1,Buffet,Scooter,0.0,No,14:45,14:50,14.0,Afternoon,5.0,12.316967,76.603067,12.356967,76.643067,6.217941468838842,11.0,1,1,Fast (<=20m),On Time
0xaa47,BANGRES19DEL03,Bengaluru,25.0,25-29,4.9,4.7-5.0,Windy,Low,0,Buffet,Scooter,0.0,No,23:45,23:50,23.0,Late Night,5.0,12.914264,77.6784,13.004264,77.7684,13.973746787857433,17.0,1,1,Fast (<=20m),On Time
0xaa5c,MYSRES12DEL02,Mysuru,24.0,18-24,4.8,4.7-5.0,Cloudy,Low,1,Meal,Bicycle,1.0,No,23:55,24:05,23.0,Late Night,10.0,12.284747,76.625861,12.414747,76.755861,20.20782584555747,24.0,1,1,Standard (21-30m),On Time
0xaa6b,MUMRES05DEL02,Mumbai,36.0,35-45,4.3,4.2-4.6,Windy,Jam,1,Meal,Bicycle,1.0,No,21:55,22:10,21.0,Late Night,15.0,18.927584,72.832585,19.007584,72.912585,12.243512846188963,31.0,1,0,Slow (>30m),Over 30 Min
0xaa74,RANCHIRES02DEL01,Ranchi,23.0,18-24,4.7,4.7-5.0,Sandstorms,Low,2,Snack,Scooter,1.0,No,23:10,23:25,23.0,Late Night,15.0,0.0,0.0,0.11,0.11,,12.0,1,1,Fast (<=20m),On Time
0xaab2,MYSRES12DEL02,Mysuru,30.0,30-34,4.8,4.7-5.0,Cloudy,Low,2,Buffet,Motorcycle,1.0,No,8:40,8:50,8.0,Morning,10.0,12.284747,76.625861,12.304747,76.645861,3.1092150341216933,18.0,1,1,Fast (<=20m),On Time
0xaabd,JAPRES010DEL03,Jaipur,22.0,18-24,4.7,4.7-5.0,Windy,Low,1,Buffet,Scooter,0.0,No,23:35,23:40,23.0,Late Night,5.0,26.921411,75.793604,26.981411,75.853604,8.937540218568513,17.0,1,1,Fast (<=20m),On Time
0xaacc,PUNERES16DEL02,Pune,30.0,30-34,4.7,4.7-5.0,Windy,Jam,0,Snack,Scooter,2.0,No,20:10,20:25,20.0,Evening,15.0,18.536718,73.830327,18.586718,73.880327,7.660906245921597,44.0,1,0,Slow (>30m),Over 30 Min
0xaad1,INDORES09DEL01,Indore,23.0,18-24,4.7,4.7-5.0,Stormy,Medium,0,Buffet,Scooter,2.0,No,17:15,17:30,17.0,Evening,15.0,22.725835,75.887648,22.795835,75.957648,10.587830527962874,36.0,1,0,Slow (>30m),Over 30 Min
0xaae0,CHENRES16DEL01,Chennai,33.0,30-34,4.6,4.2-4.6,Fog,Medium,0,Buffet,Scooter,1.0,No,17:10,17:15,17.0,Evening,5.0,13.049645,80.242268,13.119645,80.312268,10.865791710349681,38.0,1,0,Slow (>30m),Over 30 Min
0xab33,BANGRES08DEL02,Bengaluru,27.0,25-29,4.9,4.7-5.0,Fog,Low,2,Drinks,Bicycle,0.0,No,23:25,23:40,23.0,Late Night,15.0,12.906229,77.596791,12.986229,77.676791,12.421425015967078,20.0,1,1,Fast (<=20m),On Time
0xab69,PUNERES17DEL03,Pune,20.0,18-24,5.0,4.7-5.0,Fog,Medium,2,Drinks,Bicycle,0.0,No,18:55,19:05,18.0,Evening,10.0,18.530963,73.828972,18.590963,73.888972,9.193106660745114,13.0,1,1,Fast (<=20m),On Time
0xab7,MUMRES02DEL02,Mumbai,30.0,30-34,4.7,4.7-5.0,Sandstorms,Jam,0,Snack,Scooter,1.0,No,,20:60,,Unknown,,19.221315,72.862381,19.351315,72.992381,19.87761148749709,27.0,1,1,Standard (21-30m),On Time
0xab7a,JAPRES02DEL02,Jaipur,35.0,35-45,4.1,Below 4.2,Stormy,Jam,0,Buffet,Scooter,1.0,No,20:30,20:40,20.0,Evening,10.0,26.914142,75.805704,27.044142,75.935704,19.36255674574043,40.0,1,0,Slow (>30m),Over 30 Min
0xab82,VADRES16DEL01,Vadodara,28.0,25-29,4.3,4.2-4.6,Stormy,High,0,Meal,Scooter,1.0,No,14:60,15:05,15.0,Afternoon,5.0,0.0,0.0,0.04,0.04,,31.0,1,0,Slow (>30m),Over 30 Min
0xab86,CHENRES010DEL03,Chennai,39.0,35-45,4.1,Below 4.2,Windy,Medium,2,Buffet,Bicycle,1.0,No,17:30,17:40,17.0,Evening,10.0,13.066762,80.251865,13.126762,80.311865,9.31331286719176,31.0,1,0,Slow (>30m),Over 30 Min
0xab88,VADRES11DEL02,Vadodara,27.0,25-29,4.2,4.2-4.6,Windy,Jam,0,Drinks,Scooter,1.0,No,19:30,19:40,19.0,Evening,10.0,22.308096,73.167753,22.438096,73.297753,19.68858020035216,34.0,1,0,Slow (>30m),Over 30 Min
0xab9f,BANGRES06DEL02,Bengaluru,25.0,25-29,4.8,4.7-5.0,Sandstorms,Medium,2,Snack,Bicycle,1.0,No,17:20,17:30,17.0,Evening,10.0,12.979096,77.640625,13.029096,77.690625,7.762510964387749,24.0,1,1,Standard (21-30m),On Time
0xaba1,SURRES19DEL02,Surat,31.0,30-34,5.0,4.7-5.0,Stormy,Low,2,Snack,Scooter,1.0,No,10:40,10:45,10.0,Morning,5.0,21.149669,72.772629,21.169669,72.792629,3.0408973299016537,25.0,1,1,Standard (21-30m),On Time
0xabad,BANGRES06DEL01,Bengaluru,34.0,30-34,3.5,Below 4.2,Sandstorms,Medium,1,Meal,Bicycle,1.0,No,17:15,17:20,17.0,Evening,5.0,12.979096,77.640625,13.089096,77.750625,17.07651608266848,38.0,1,0,Slow (>30m),Over 30 Min
0xabdd,MYSRES09DEL02,Mysuru,25.0,25-29,4.7,4.7-5.0,Sunny,Jam,2,Buffet,Scooter,1.0,No,21:25,21:35,21.0,Late Night,10.0,12.323194,76.630583,12.403194,76.710583,12.435273911497376,19.0,1,1,Fast (<=20m),On Time
0xabeb,INDORES05DEL01,Indore,39.0,35-45,4.8,4.7-5.0,Stormy,Low,2,Meal,Bicycle,1.0,No,9:40,9:45,9.0,Morning,5.0,22.727021,75.884167,22.737021,75.894167,1.5126938714103186,26.0,1,1,Standard (21-30m),On Time
0xac10,MUMRES010DEL03,Mumbai,24.0,18-24,4.9,4.7-5.0,Windy,Jam,2,Buffet,Bicycle,1.0,No,19:35,19:45,19.0,Evening,10.0,19.003517,72.82765,19.093517,72.91765,13.770788604768338,28.0,1,1,Standard (21-30m),On Time
0xac13,RANCHIRES02DEL03,Ranchi,25.0,25-29,4.6,4.2-4.6,Stormy,Medium,0,Drinks,Scooter,1.0,No,18:40,18:55,18.0,Evening,15.0,0.0,0.0,0.09,0.09,,22.0,1,1,Standard (21-30m),On Time
0xac1c,RANCHIRES13DEL02,Ranchi,24.0,18-24,4.9,4.7-5.0,Windy,Low,0,Drinks,Scooter,1.0,No,23:25,23:35,23.0,Late Night,10.0,23.374989,85.335486,23.504989,85.465486,19.617600841390068,17.0,1,1,Fast (<=20m),On Time
0xac1f,SURRES17DEL02,Surat,29.0,25-29,4.6,4.2-4.6,Stormy,Low,1,Drinks,Scooter,1.0,No,22:60,23:05,23.0,Late Night,5.0,21.149569,72.772697,21.279569,72.902697,19.762415777837713,16.0,1,1,Fast (<=20m),On Time
0xac25,VADRES07DEL03,Vadodara,23.0,18-24,4.7,4.7-5.0,Fog,Medium,0,Snack,Scooter,0.0,No,17:35,17:45,17.0,Evening,10.0,0.0,0.0,0.09,0.09,,35.0,1,0,Slow (>30m),Over 30 Min
0xac2e,INDORES19DEL03,Indore,35.0,35-45,4.8,4.7-5.0,Windy,Medium,0,Buffet,Scooter,1.0,No,18:30,18:35,18.0,Evening,5.0,22.745536,75.893106,22.805536,75.953106,9.074834337246589,31.0,1,0,Slow (>30m),Over 30 Min
0xac3c,BANGRES11DEL01,Bengaluru,36.0,35-45,4.6,4.2-4.6,Cloudy,Low,2,Drinks,Motorcycle,0.0,No,9:60,10:05,10.0,Morning,5.0,12.934365,77.616155,12.944365,77.626155,1.5526990244208494,16.0,1,1,Fast (<=20m),On Time
0xac40,RANCHIRES04DEL02,Ranchi,39.0,35-45,4.1,Below 4.2,Fog,Jam,1,Meal,Scooter,2.0,Yes,20:30,20:40,20.0,Evening,10.0,23.359033,85.325347,23.439033,85.405347,12.074079767859162,47.0,1,0,Slow (>30m),Over 30 Min
0xac47,RANCHIRES18DEL03,Ranchi,37.0,35-45,4.8,4.7-5.0,Sunny,Low,1,Meal,Scooter,1.0,Unknown,22:15,22:20,22.0,Late Night,5.0,23.351489,85.324253,23.381489,85.354253,4.528288655056058,12.0,1,1,Fast (<=20m),On Time
0xac8e,PUNERES16DEL01,Pune,35.0,35-45,4.3,4.2-4.6,Sandstorms,Medium,1,Drinks,Scooter,1.0,No,16:40,16:55,16.0,Afternoon,15.0,18.536718,73.830327,18.576718,73.870328,6.128882562407941,33.0,1,0,Slow (>30m),Over 30 Min
0xac90,MYSRES19DEL02,Mysuru,35.0,35-45,4.5,4.2-4.6,Cloudy,Low,1,Snack,Bicycle,1.0,No,23:20,23:30,23.0,Late Night,10.0,12.334022,76.618203,12.384022,76.668203,7.772106975995046,15.0,1,1,Fast (<=20m),On Time
0xaca7,COIMBRES01DEL01,Coimbatore,22.0,18-24,4.9,4.7-5.0,Sunny,Jam,1,Snack,Scooter,1.0,No,19:10,19:20,19.0,Evening,10.0,11.016298,76.972076,11.086298,77.042076,10.90616442518483,24.0,1,1,Standard (21-30m),On Time
0xacbe,CHENRES04DEL02,Chennai,25.0,25-29,4.8,4.7-5.0,Sandstorms,High,0,Snack,Scooter,1.0,No,11:45,11:50,11.0,Morning,5.0,13.02978,80.208812,13.04978,80.228812,3.104786649429477,27.0,1,1,Standard (21-30m),On Time
0xad1f,BANGRES12DEL01,Bengaluru,27.0,25-29,4.6,4.2-4.6,Windy,Medium,0,Meal,Scooter,0.0,No,18:20,18:25,18.0,Evening,5.0,12.939496,77.625999,13.009496,77.695999,10.868145927371407,25.0,1,1,Standard (21-30m),On Time
0xad2c,CHENRES19DEL02,Chennai,28.0,25-29,4.9,4.7-5.0,Stormy,Low,1,Buffet,Scooter,0.0,No,22:60,23:10,23.0,Late Night,10.0,12.986047,80.218114,13.116047,80.348114,20.180662988795145,10.0,1,1,Fast (<=20m),On Time
0xad3c,COIMBRES04DEL01,Coimbatore,31.0,30-34,3.7,Below 4.2,Stormy,Medium,1,Snack,Bicycle,1.0,No,18:15,18:30,18.0,Evening,15.0,11.024839,77.007003,11.134839,77.117003,17.137438383084362,34.0,1,0,Slow (>30m),Over 30 Min
0xad55,JAPRES17DEL02,Jaipur,20.0,18-24,4.9,4.7-5.0,Sandstorms,Low,1,Buffet,Scooter,0.0,No,23:30,23:35,23.0,Late Night,5.0,26.892312,75.806896,27.022313,75.936896,19.364301540061376,11.0,1,1,Fast (<=20m),On Time
0xad5e,CHENRES19DEL02,Chennai,33.0,30-34,4.5,4.2-4.6,Stormy,Medium,2,Snack,Scooter,1.0,No,17:45,17:55,17.0,Evening,10.0,12.986047,80.218114,13.116047,80.348114,20.180662988795145,26.0,1,1,Standard (21-30m),On Time
0xad61,MUMRES05DEL02,Mumbai,28.0,25-29,4.7,4.7-5.0,Sandstorms,Low,1,Drinks,Scooter,1.0,No,9:10,9:25,9.0,Morning,15.0,18.927584,72.832585,18.947584,72.852585,3.061138241904561,16.0,1,1,Fast (<=20m),On Time
0xad64,COIMBRES03DEL02,Coimbatore,24.0,18-24,4.6,4.2-4.6,Sandstorms,Medium,1,Snack,Scooter,1.0,No,18:30,18:40,18.0,Evening,10.0,11.025083,77.015393,11.105083,77.095393,12.463900240015128,26.0,1,1,Standard (21-30m),On Time
0xad7f,MYSRES010DEL03,Mysuru,20.0,18-24,4.6,4.2-4.6,Sunny,Medium,1,Drinks,Scooter,1.0,No,18:10,18:20,18.0,Evening,10.0,12.321214,76.621094,12.411214,76.711094,13.989604047872945,18.0,1,1,Fast (<=20m),On Time
0xad9b,COIMBRES15DEL01,Coimbatore,22.0,18-24,4.8,4.7-5.0,Windy,Low,2,Snack,Scooter,0.0,No,22:15,22:30,22.0,Late Night,15.0,11.006686,76.951736,11.116686,77.061736,17.137959603368465,12.0,1,1,Fast (<=20m),On Time
0xadb0,RANCHIRES010DEL02,Ranchi,31.0,30-34,4.6,4.2-4.6,Sunny,Medium,0,Drinks,Scooter,1.0,No,18:15,18:25,18.0,Evening,10.0,23.354422,85.3329,23.404422,85.3829,7.546810965140631,21.0,1,1,Standard (21-30m),On Time
0xaddf,CHENRES19DEL02,Chennai,27.0,25-29,4.7,4.7-5.0,Sandstorms,Low,2,Drinks,Bicycle,0.0,No,8:25,8:30,8.0,Morning,5.0,12.986047,80.218114,13.006047,80.238114,3.105053480029349,11.0,1,1,Fast (<=20m),On Time
0xae03,MYSRES19DEL03,Mysuru,26.0,25-29,5.0,4.7-5.0,Stormy,Low,1,Drinks,Bicycle,1.0,No,23:40,23:55,23.0,Late Night,15.0,12.334022,76.618203,12.364022,76.648203,4.663351284380022,16.0,1,1,Fast (<=20m),On Time
0xae10,PUNERES06DEL01,Pune,35.0,35-45,4.3,4.2-4.6,Sandstorms,Medium,1,Drinks,Bicycle,1.0,No,18:40,18:55,18.0,Evening,15.0,18.546258,73.904337,18.616258,73.974337,10.724686900283649,37.0,1,0,Slow (>30m),Over 30 Min
0xae17,BANGRES08DEL03,Bengaluru,20.0,18-24,4.9,4.7-5.0,Stormy,Jam,0,Buffet,Scooter,0.0,No,20:50,21:05,20.0,Evening,15.0,12.906229,77.596791,12.936229,77.626791,4.658261958488941,19.0,1,1,Fast (<=20m),On Time
0xae1f,INDORES16DEL02,Indore,29.0,25-29,4.2,4.2-4.6,Windy,Low,0,Buffet,Scooter,1.0,No,10:10,10:25,10.0,Morning,15.0,22.744648,75.894377,22.764648,75.914377,3.025157545406537,21.0,1,1,Standard (21-30m),On Time
0xae2,PUNERES20DEL02,Pune,25.0,25-29,4.9,4.7-5.0,Windy,Low,1,Snack,Scooter,1.0,No,23:55,24:05,23.0,Late Night,10.0,18.592718,73.773572,18.722718,73.903572,19.913037050613386,16.0,1,1,Fast (<=20m),On Time
0xae24,CHENRES13DEL01,Chennai,30.0,30-34,4.8,4.7-5.0,Fog,High,0,Meal,Scooter,1.0,No,12:55,13:05,12.0,Afternoon,10.0,13.027018,80.254791,13.067018,80.294791,6.209484754561457,28.0,1,1,Standard (21-30m),On Time
0xae7d,JAPRES14DEL01,Jaipur,30.0,30-34,4.2,4.2-4.6,Sandstorms,Jam,1,Meal,Scooter,1.0,No,20:55,21:05,20.0,Evening,10.0,26.88842,75.800689,26.99842,75.910689,16.38600326856597,43.0,1,0,Slow (>30m),Over 30 Min
0xaef3,BANGRES20DEL01,Bengaluru,28.0,25-29,4.8,4.7-5.0,Stormy,Medium,1,Snack,Bicycle,0.0,No,17:10,17:15,17.0,Evening,5.0,12.972161,77.596014,13.082161,77.706014,17.07674902111438,21.0,1,1,Standard (21-30m),On Time
0xaf08,INDORES02DEL03,Indore,23.0,18-24,4.9,4.7-5.0,Sunny,Low,0,Buffet,Scooter,1.0,No,22:50,22:60,22.0,Late Night,10.0,22.651847,75.881991,22.741847,75.971991,13.615852266001449,26.0,1,1,Standard (21-30m),On Time
0xaf3,BANGRES16DEL03,Bengaluru,35.0,35-45,5.0,4.7-5.0,Stormy,Medium,2,Drinks,Scooter,1.0,No,18:45,18:60,18.0,Evening,15.0,13.029198,77.570997,13.119198,77.660997,13.97059142141587,24.0,1,1,Standard (21-30m),On Time
0xaf32,JAPRES04DEL02,Jaipur,35.0,35-45,4.5,4.2-4.6,Sunny,Jam,1,Buffet,Scooter,0.0,No,21:50,21:55,21.0,Late Night,5.0,26.902328,75.794257,26.952328,75.844257,7.448654804535143,20.0,1,1,Fast (<=20m),On Time
0xaf6a,INDORES16DEL01,Indore,38.0,35-45,4.1,Below 4.2,Sunny,Jam,1,Buffet,Scooter,0.0,No,21:10,21:15,21.0,Late Night,5.0,22.744648,75.894377,22.814648,75.964377,10.587159990650056,34.0,1,0,Slow (>30m),Over 30 Min
0xaf8a,SURRES13DEL02,Surat,39.0,35-45,4.1,Below 4.2,Windy,Jam,0,Drinks,Scooter,1.0,No,21:60,22:05,22.0,Late Night,5.0,21.170096,72.789122,21.300096,72.919122,19.761137362921847,37.0,1,0,Slow (>30m),Over 30 Min
0xaf93,CHENRES01DEL03,Chennai,22.0,18-24,5.0,4.7-5.0,Sunny,Low,2,Buffet,Bicycle,1.0,No,23:25,23:40,23.0,Late Night,15.0,13.005801,80.250744,13.065801,80.310744,9.314432663239854,20.0,1,1,Fast (<=20m),On Time
0xafaf,MUMRES04DEL01,Mumbai,26.0,25-29,4.7,4.7-5.0,Cloudy,Jam,0,Buffet,Scooter,1.0,No,20:60,21:15,21.0,Late Night,15.0,19.254567,72.848923,19.324567,72.918923,10.703230230582692,41.0,1,0,Slow (>30m),Over 30 Min
0xafb3,CHENRES13DEL02,Chennai,34.0,30-34,4.7,4.7-5.0,Sandstorms,Medium,2,Snack,Motorcycle,1.0,No,18:45,18:50,18.0,Evening,5.0,13.027018,80.254791,13.107018,80.334791,12.418479552738328,30.0,1,1,Standard (21-30m),On Time
0xafb9,MUMRES03DEL02,Mumbai,27.0,25-29,4.7,4.7-5.0,Sandstorms,Medium,1,Drinks,Scooter,1.0,No,18:10,18:20,18.0,Evening,10.0,19.22384,72.841347,19.27384,72.891347,7.64605986179765,23.0,1,1,Standard (21-30m),On Time
0xafd4,COIMBRES19DEL02,Coimbatore,27.0,25-29,4.6,4.2-4.6,Sunny,High,2,Buffet,Motorcycle,0.0,No,11:30,11:40,11.0,Morning,10.0,11.022298,76.998349,11.042298,77.018349,3.1161460168163804,16.0,1,1,Fast (<=20m),On Time
0xafd7,PUNERES17DEL03,Pune,31.0,30-34,4.9,4.7-5.0,Windy,Low,1,Snack,Bicycle,1.0,No,23:50,24:05,23.0,Late Night,15.0,18.530963,73.828972,18.560963,73.858972,4.596744619902203,23.0,1,1,Standard (21-30m),On Time
0xafd8,MUMRES08DEL01,Mumbai,25.0,25-29,4.8,4.7-5.0,Cloudy,Low,2,Meal,Scooter,1.0,No,9:60,10:10,10.0,Morning,10.0,19.065838,72.832658,19.075838,72.842658,1.5299905612415228,19.0,1,1,Fast (<=20m),On Time
0xafe7,INDORES02DEL01,Indore,33.0,30-34,4.8,4.7-5.0,Sandstorms,Low,1,Buffet,Bicycle,0.0,No,9:20,9:30,9.0,Morning,10.0,22.651847,75.881991,22.661847,75.891991,1.5130755456755944,23.0,1,1,Standard (21-30m),On Time
0xb017,SURRES01DEL03,Surat,29.0,25-29,4.7,4.7-5.0,Sunny,Low,1,Drinks,Scooter,1.0,No,23:10,23:20,23.0,Late Night,10.0,21.186438,72.794115,21.246438,72.854115,9.12106240502924,15.0,1,1,Fast (<=20m),On Time
0xb01b,PUNERES03DEL03,Pune,39.0,35-45,4.8,4.7-5.0,Fog,Medium,0,Meal,Scooter,1.0,No,18:30,18:45,18.0,Evening,15.0,18.554382,73.798206,18.584382,73.828206,4.596446072050615,31.0,1,0,Slow (>30m),Over 30 Min
0xb01e,SURRES09DEL01,Surat,31.0,30-34,4.6,4.2-4.6,Cloudy,Jam,2,Snack,Bicycle,1.0,No,19:35,19:50,19.0,Evening,15.0,21.175975,72.795503,21.285975,72.905503,16.721180377006664,42.0,1,0,Slow (>30m),Over 30 Min
0xb03,HYDRES20DEL01,Hyderabad,30.0,30-34,4.5,4.2-4.6,Windy,Jam,1,Drinks,Bicycle,1.0,No,20:50,20:55,20.0,Evening,5.0,17.483216,78.552111,17.553216,78.622111,10.755517815754924,38.0,1,0,Slow (>30m),Over 30 Min
0xb034,MYSRES13DEL03,Mysuru,31.0,30-34,4.3,4.2-4.6,Fog,Jam,1,Buffet,Scooter,2.0,No,20:45,20:60,20.0,Evening,15.0,12.310972,76.659264,12.400972,76.749264,13.989871645696294,48.0,1,0,Slow (>30m),Over 30 Min
0xb03d,HYDRES02DEL02,Hyderabad,30.0,30-34,3.6,Below 4.2,Sandstorms,Medium,1,Buffet,Scooter,0.0,No,17:15,17:20,17.0,Evening,5.0,17.41233,78.449654,17.54233,78.579654,19.97667161406878,33.0,1,0,Slow (>30m),Over 30 Min
0xb05f,MUMRES13DEL03,Mumbai,21.0,18-24,4.9,4.7-5.0,Stormy,Low,2,Meal,Motorcycle,0.0,No,22:35,22:45,22.0,Late Night,10.0,19.178321,72.834715,19.208321,72.864715,4.588366577206169,16.0,1,1,Fast (<=20m),On Time
0xb0a,COIMBRES11DEL01,Coimbatore,23.0,18-24,4.9,4.7-5.0,Stormy,Low,1,Meal,Scooter,0.0,No,10:60,11:10,11.0,Morning,10.0,11.001753,76.986241,11.011753,76.996241,1.5581393913660335,19.0,1,1,Fast (<=20m),On Time
0xb0d,SURRES08DEL01,Surat,24.0,18-24,2.9,Below 4.2,Sunny,Low,1,Meal,Bicycle,1.0,No,22:20,22:25,22.0,Late Night,5.0,21.173343,72.792731,21.243343,72.862731,10.641510671011968,36.0,1,0,Slow (>30m),Over 30 Min
0xb106,MYSRES20DEL03,Mysuru,30.0,30-34,4.6,4.2-4.6,Stormy,Medium,1,Snack,Bicycle,0.0,No,17:55,17:60,17.0,Evening,5.0,12.337978,76.616792,12.397978,76.676792,9.326372267856886,25.0,1,1,Standard (21-30m),On Time
0xb118,HYDRES13DEL01,Hyderabad,20.0,18-24,4.8,4.7-5.0,Stormy,Jam,2,Drinks,Motorcycle,0.0,No,21:25,21:30,21.0,Late Night,5.0,17.431477,78.40035,17.541477,78.51035,16.90293333098952,22.0,1,1,Standard (21-30m),On Time
0xb143,RANCHIRES13DEL03,Ranchi,24.0,18-24,4.6,4.2-4.6,Sunny,Low,0,Buffet,Scooter,0.0,No,22:35,22:45,22.0,Late Night,10.0,23.374989,85.335486,23.434989,85.395486,9.055373826251733,18.0,1,1,Fast (<=20m),On Time
0xb17a,INDORES01DEL02,Indore,28.0,25-29,4.9,4.7-5.0,Cloudy,Low,0,Meal,Scooter,1.0,No,22:25,22:30,22.0,Late Night,5.0,22.695207,75.866059,22.825207,75.996059,19.66315308240118,20.0,1,1,Fast (<=20m),On Time
0xb18a,INDORES08DEL01,Indore,26.0,25-29,4.2,4.2-4.6,Sunny,High,0,Buffet,Scooter,1.0,Yes,13:20,13:30,13.0,Afternoon,10.0,22.725748,75.898497,22.765747,75.938497,6.050414418835044,53.0,1,0,Slow (>30m),Over 30 Min
0xb1a5,BANGRES14DEL01,Bengaluru,23.0,18-24,5.0,4.7-5.0,Fog,Medium,1,Buffet,Bicycle,1.0,No,18:30,18:35,18.0,Evening,5.0,12.949934,77.699386,13.059934,77.809386,17.077494801282747,30.0,1,1,Standard (21-30m),On Time
0xb1a6,RANCHIRES19DEL02,Ranchi,30.0,30-34,4.6,4.2-4.6,Cloudy,Medium,1,Drinks,Bicycle,1.0,No,18:35,18:45,18.0,Evening,10.0,23.333017,85.3172,23.383017,85.3672,7.547368096188807,18.0,1,1,Fast (<=20m),On Time
0xb1b1,BANGRES14DEL02,Bengaluru,37.0,35-45,4.6,4.2-4.6,Windy,Low,0,Snack,Scooter,1.0,No,23:55,23:60,23.0,Late Night,5.0,12.949934,77.699386,13.029934,77.779386,12.42036227995234,26.0,1,1,Standard (21-30m),On Time
0xb1b7,INDORES03DEL03,Indore,39.0,35-45,4.6,4.2-4.6,Cloudy,Low,2,Buffet,Bicycle,1.0,No,22:60,23:05,23.0,Late Night,5.0,22.751857,75.866699,22.781857,75.896699,4.537549867116828,16.0,1,1,Fast (<=20m),On Time
0xb1bb,CHENRES04DEL02,Chennai,24.0,18-24,4.8,4.7-5.0,Stormy,Medium,0,Buffet,Scooter,0.0,No,17:10,17:20,17.0,Evening,10.0,13.02978,80.208812,13.15978,80.338812,20.178921585879735,22.0,1,1,Standard (21-30m),On Time
0xb1da,RANCHIRES07DEL02,Ranchi,39.0,35-45,4.3,4.2-4.6,Cloudy,Low,1,Drinks,Bicycle,1.0,Yes,23:30,23:35,23.0,Late Night,5.0,23.359407,85.325055,23.439407,85.405055,12.074064175412282,39.0,1,0,Slow (>30m),Over 30 Min
0xb226,HYDRES15DEL01,Hyderabad,29.0,25-29,4.0,Below 4.2,Stormy,High,0,Snack,Scooter,1.0,No,11:20,11:25,11.0,Morning,5.0,17.45971,78.368855,17.46971,78.378855,1.536718015941804,35.0,1,0,Slow (>30m),Over 30 Min
0xb239,BANGRES010DEL01,Bengaluru,32.0,30-34,4.8,4.7-5.0,Sunny,High,0,Buffet,Scooter,0.0,No,11:45,11:60,11.0,Morning,15.0,12.933298,77.614293,12.943298,77.624293,1.5527022605867342,24.0,1,1,Standard (21-30m),On Time
0xb261,INDORES04DEL01,Indore,35.0,35-45,4.9,4.7-5.0,Fog,Low,2,Meal,Bicycle,1.0,No,22:45,22:55,22.0,Late Night,10.0,22.753659,75.903365,22.823659,75.973365,10.586838650426772,30.0,1,1,Standard (21-30m),On Time
0xb27e,MYSRES01DEL03,Mysuru,29.0,25-29,4.9,4.7-5.0,Sandstorms,Jam,2,Drinks,Bicycle,1.0,No,19:60,20:10,20.0,Evening,10.0,12.311072,76.654878,12.371072,76.714878,9.326840686168874,26.0,1,1,Standard (21-30m),On Time
0xb280,MYSRES05DEL02,Mysuru,34.0,30-34,4.4,4.2-4.6,Stormy,Low,0,Drinks,Scooter,0.0,No,9:50,10:05,9.0,Morning,15.0,12.323978,76.627961,12.343978,76.647961,3.1089880818247115,21.0,1,1,Standard (21-30m),On Time
0xb296,INDORES03DEL02,Indore,30.0,30-34,4.7,4.7-5.0,Sunny,Medium,1,Drinks,Scooter,1.0,No,17:25,17:35,17.0,Evening,10.0,22.751857,75.866699,22.881857,75.996699,19.65940068212694,17.0,1,1,Fast (<=20m),On Time
0xb2a6,SURRES13DEL01,Surat,25.0,25-29,4.2,4.2-4.6,Cloudy,Medium,1,Drinks,Bicycle,1.0,No,18:60,19:15,19.0,Evening,15.0,21.170096,72.789122,21.240096,72.859122,10.641619478242852,39.0,1,0,Slow (>30m),Over 30 Min
0xb2ac,MYSRES18DEL02,Mysuru,24.0,18-24,5.0,4.7-5.0,Sandstorms,Low,2,Buffet,Bicycle,0.0,No,22:50,22:55,22.0,Late Night,5.0,12.337928,76.617889,12.417928,76.697889,12.434931470955606,11.0,1,1,Fast (<=20m),On Time
0xb2b,INDORES14DEL02,Indore,21.0,18-24,4.9,4.7-5.0,Sunny,Medium,2,Snack,Scooter,0.0,No,18:50,18:55,18.0,Evening,5.0,22.761593,75.886362,22.841593,75.966362,12.098716647715964,19.0,1,1,Fast (<=20m),On Time
0xb2b3,RANCHIRES06DEL03,Ranchi,32.0,30-34,4.7,4.7-5.0,Fog,Medium,0,Drinks,Scooter,1.0,No,17:20,17:30,17.0,Evening,10.0,23.357804,85.325146,23.387804,85.355146,4.528190031352888,25.0,1,1,Standard (21-30m),On Time
0xb2f7,SURRES19DEL02,Surat,21.0,18-24,4.6,4.2-4.6,Cloudy,Low,1,Snack,Bicycle,1.0,No,8:25,8:40,8.0,Morning,15.0,21.149669,72.772629,21.169669,72.792629,3.0408973299016537,18.0,1,1,Fast (<=20m),On Time
0xb30b,RANCHIRES09DEL03,Ranchi,27.0,25-29,4.8,4.7-5.0,Stormy,Jam,2,Snack,Scooter,0.0,No,21:15,21:25,21.0,Late Night,10.0,23.351058,85.325731,23.441058,85.415731,13.583479034663934,17.0,1,1,Fast (<=20m),On Time
0xb315,VADRES09DEL01,Vadodara,38.0,35-45,4.5,4.2-4.6,Stormy,Low,1,Snack,Scooter,1.0,No,10:25,10:35,10.0,Morning,10.0,0.0,0.0,0.01,0.01,,23.0,1,1,Standard (21-30m),On Time
0xb352,MYSRES14DEL03,Mysuru,21.0,18-24,4.6,4.2-4.6,Sunny,Jam,1,Snack,Scooter,1.0,No,21:10,21:15,21.0,Late Night,5.0,0.0,0.0,0.03,0.03,,11.0,1,1,Fast (<=20m),On Time
0xb379_x,BANGRES18DEL02,Bengaluru,34.0,30-34,4.5,4.2-4.6,Stormy,Jam,2,Snack,Bicycle,1.0,No,19:45,19:50,19.0,Evening,5.0,12.913041,77.683237,13.043041,77.813237,20.183557607412258,33.0,1,0,Slow (>30m),Over 30 Min
0xb379_y,BANGRES18DEL02,Bengaluru,34.0,30-34,4.5,4.2-4.6,Stormy,Jam,2,Snack,Bicycle,1.0,No,19:45,19:50,19.0,Evening,5.0,12.913041,77.683237,13.043041,77.813237,20.183557607412258,33.0,1,0,Slow (>30m),Over 30 Min
0xb385,INDORES20DEL01,Indore,36.0,35-45,4.3,4.2-4.6,Cloudy,High,2,Buffet,Scooter,2.0,No,14:60,15:15,15.0,Afternoon,15.0,22.732225,75.874765,22.772225,75.914765,6.050364337775565,39.0,1,0,Slow (>30m),Over 30 Min
0xb3a1,COIMBRES03DEL01,Coimbatore,29.0,25-29,5.0,4.7-5.0,Windy,High,0,Meal,Scooter,0.0,No,12:10,12:25,12.0,Afternoon,15.0,11.025083,77.015393,11.065083,77.055393,6.2321588670417665,24.0,1,1,Standard (21-30m),On Time
0xb3ae,MYSRES13DEL02,Mysuru,30.0,30-34,4.1,Below 4.2,Sandstorms,Low,0,Meal,Scooter,1.0,No,8:40,8:50,8.0,Morning,10.0,12.310972,76.659264,12.330972,76.679264,3.1090633988087064,30.0,1,1,Standard (21-30m),On Time
0xb3bf,INDORES20DEL01,Indore,28.0,25-29,4.0,Below 4.2,Fog,Jam,2,Drinks,Motorcycle,1.0,No,20:35,20:50,20.0,Evening,15.0,22.732225,75.874765,22.802225,75.944765,10.587602827323096,42.0,1,0,Slow (>30m),Over 30 Min
0xb3d,RANCHIRES05DEL01,Ranchi,24.0,18-24,4.9,4.7-5.0,Cloudy,Jam,0,Meal,Scooter,2.0,No,21:25,21:40,21.0,Late Night,15.0,23.355164,85.324097,23.425164,85.394097,10.565143438825258,42.0,1,0,Slow (>30m),Over 30 Min
0xb3d3,MUMRES20DEL03,Mumbai,28.0,25-29,3.8,Below 4.2,Sunny,Jam,0,Snack,Scooter,1.0,Yes,19:50,19:60,19.0,Evening,10.0,19.103249,72.846749,19.163249,72.906749,9.178309674142334,46.0,1,0,Slow (>30m),Over 30 Min
0xb3db,MYSRES18DEL01,Mysuru,21.0,18-24,4.6,4.2-4.6,Sandstorms,High,1,Meal,Bicycle,0.0,No,13:40,13:50,13.0,Afternoon,10.0,12.337928,76.617889,12.377928,76.657889,6.217698323238868,14.0,1,1,Fast (<=20m),On Time
0xb3ed,MYSRES07DEL01,Mysuru,31.0,30-34,4.2,4.2-4.6,Stormy,Medium,2,Drinks,Bicycle,0.0,No,15:50,15:55,15.0,Afternoon,5.0,12.325461,76.632278,12.365461,76.672278,6.217842987017597,32.0,1,0,Slow (>30m),Over 30 Min
0xb3f4,COIMBRES16DEL01,Coimbatore,34.0,30-34,4.2,4.2-4.6,Stormy,Medium,2,Snack,Motorcycle,1.0,No,15:15,15:25,15.0,Afternoon,10.0,11.010375,76.95295,11.050375,76.99295,6.23231198873087,32.0,1,0,Slow (>30m),Over 30 Min
0xb40,PUNERES18DEL02,Pune,25.0,25-29,4.3,4.2-4.6,Sandstorms,High,0,Buffet,Scooter,1.0,No,11:60,12:15,12.0,Afternoon,15.0,18.593481,73.785901,18.613481,73.805901,3.0640071887652827,33.0,1,0,Slow (>30m),Over 30 Min
0xb409,BANGRES04DEL03,Bengaluru,26.0,25-29,4.7,4.7-5.0,Cloudy,Medium,2,Meal,Scooter,1.0,No,18:15,18:30,18.0,Evening,15.0,12.98041,77.640489,13.04041,77.700489,9.31489759912847,18.0,1,1,Fast (<=20m),On Time
0xb40c,PUNERES12DEL01,Pune,31.0,30-34,4.6,4.2-4.6,Sunny,High,0,Meal,Scooter,1.0,No,12:40,12:50,12.0,Afternoon,10.0,18.520016,73.830547,18.560016,73.870547,6.129093800832523,25.0,1,1,Standard (21-30m),On Time
0xb40e,COIMBRES08DEL01,Coimbatore,29.0,25-29,4.7,4.7-5.0,Windy,Jam,1,Snack,Scooter,1.0,No,20:35,20:40,20.0,Evening,5.0,11.001852,76.976268,11.111852,77.086268,17.13809826066872,24.0,1,1,Standard (21-30m),On Time
0xb411,CHENRES11DEL02,Chennai,30.0,30-34,3.9,Below 4.2,Stormy,Medium,1,Meal,Bicycle,1.0,No,18:45,18:60,18.0,Evening,15.0,13.064181,80.236442,13.194181,80.366442,20.177547863396292,34.0,1,0,Slow (>30m),Over 30 Min
0xb41b,PUNERES01DEL02,Pune,38.0,35-45,4.6,4.2-4.6,Windy,Medium,1,Meal,Scooter,1.0,No,18:40,18:45,18.0,Evening,5.0,18.569156,73.774723,18.699156,73.904723,19.914344273285405,22.0,1,1,Standard (21-30m),On Time
0xb445,MUMRES13DEL01,Mumbai,24.0,18-24,4.5,4.2-4.6,Sandstorms,Low,2,Drinks,Motorcycle,0.0,No,10:10,10:20,10.0,Morning,10.0,19.178321,72.834715,19.188321,72.844715,1.5294993337647673,13.0,1,1,Fast (<=20m),On Time
0xb473,COIMBRES02DEL03,Coimbatore,28.0,25-29,4.4,4.2-4.6,Stormy,Medium,0,Drinks,Scooter,1.0,No,17:10,17:25,17.0,Evening,15.0,11.022477,76.995667,11.112477,77.085667,14.021831380947749,39.0,1,0,Slow (>30m),Over 30 Min
0xb477,JAPRES20DEL02,Jaipur,25.0,25-29,4.6,4.2-4.6,Cloudy,Jam,1,Buffet,Scooter,0.0,No,21:50,22:05,21.0,Late Night,15.0,26.956431,75.776649,27.086431,75.906649,19.35933443576567,38.0,1,0,Slow (>30m),Over 30 Min
0xb48,RANCHIRES18DEL02,Ranchi,24.0,18-24,4.1,Below 4.2,Sandstorms,Low,0,Buffet,Scooter,1.0,No,9:40,9:50,9.0,Morning,10.0,23.351489,85.324253,23.371489,85.344253,3.0189111656285577,26.0,1,1,Standard (21-30m),On Time
0xb48a,VADRES09DEL03,Vadodara,25.0,25-29,4.8,4.7-5.0,Cloudy,Jam,1,Snack,Bicycle,0.0,No,21:50,21:60,21.0,Late Night,10.0,0.0,0.0,0.03,0.03,,32.0,1,0,Slow (>30m),Over 30 Min
0xb49e,VADRES12DEL01,Vadodara,39.0,35-45,4.8,4.7-5.0,Sunny,High,1,Meal,Scooter,1.0,No,13:30,13:40,13.0,Afternoon,10.0,0.0,0.0,0.04,0.04,,15.0,1,1,Fast (<=20m),On Time
0xb4af,SURRES05DEL03,Surat,35.0,35-45,4.5,4.2-4.6,Sandstorms,Medium,0,Drinks,Scooter,0.0,No,18:45,18:60,18.0,Evening,15.0,21.175104,72.804342,21.235104,72.864342,9.12138800518361,26.0,1,1,Standard (21-30m),On Time
0xb4d8,VADRES010DEL03,Vadodara,21.0,18-24,4.8,4.7-5.0,Fog,Jam,0,Buffet,Scooter,2.0,No,19:30,19:45,19.0,Evening,15.0,22.310329,73.169083,22.400329,73.259083,13.631358376708377,45.0,1,0,Slow (>30m),Over 30 Min
0xb4dc,BANGRES02DEL03,Bengaluru,37.0,35-45,4.8,4.7-5.0,Sunny,Jam,0,Buffet,Scooter,0.0,No,19:15,19:20,19.0,Evening,5.0,12.970221,77.645396,13.030221,77.705396,9.31508392681899,21.0,1,1,Standard (21-30m),On Time
0xb4e3,PUNERES010DEL02,Pune,24.0,18-24,4.7,4.7-5.0,Sandstorms,Low,2,Meal,Scooter,0.0,No,23:10,23:20,23.0,Late Night,10.0,18.539299,73.897902,18.619299,73.977902,12.256851539538037,16.0,1,1,Fast (<=20m),On Time
0xb4e6,SURRES14DEL01,Surat,36.0,35-45,5.0,4.7-5.0,Fog,Jam,2,Drinks,Scooter,1.0,No,21:30,21:35,21.0,Late Night,5.0,21.157729,72.768726,21.267729,72.878726,16.722141789376934,44.0,1,0,Slow (>30m),Over 30 Min
0xb4f,SURRES06DEL03,Surat,33.0,30-34,4.8,4.7-5.0,Windy,Low,1,Meal,Bicycle,1.0,No,22:45,22:55,22.0,Late Night,10.0,21.185047,72.80859,21.215047,72.83859,4.560766731043513,25.0,1,1,Standard (21-30m),On Time
0xb4f6,INDORES19DEL03,Indore,26.0,25-29,4.1,Below 4.2,Cloudy,Jam,1,Snack,Bicycle,0.0,No,21:30,21:35,21.0,Late Night,5.0,22.745536,75.893106,22.775536,75.923106,4.537646398118161,32.0,1,0,Slow (>30m),Over 30 Min
0xb52d,VADRES04DEL03,Vadodara,21.0,18-24,5.0,4.7-5.0,Fog,Medium,0,Snack,Scooter,0.0,No,17:35,17:45,17.0,Evening,10.0,0.0,0.0,0.03,0.03,,20.0,1,1,Fast (<=20m),On Time
0xb53c,JAPRES04DEL03,Jaipur,38.0,35-45,4.9,4.7-5.0,Stormy,Low,1,Buffet,Bicycle,0.0,No,23:60,24:10,0.0,Morning,10.0,26.902328,75.794257,26.962328,75.854257,8.93821017952359,29.0,1,1,Standard (21-30m),On Time
0xb54c,BANGRES05DEL02,Bengaluru,25.0,25-29,4.2,4.2-4.6,Cloudy,Jam,2,Meal,Bicycle,1.0,No,20:25,20:30,20.0,Evening,5.0,12.970324,77.645748,13.050324,77.725748,12.419865302931404,31.0,1,0,Slow (>30m),Over 30 Min
0xb587,HYDRES01DEL01,Hyderabad,34.0,30-34,4.4,4.2-4.6,Windy,Jam,1,Snack,Bicycle,0.0,No,19:60,20:05,20.0,Evening,5.0,17.410371,78.437225,17.520371,78.547225,16.903867242423186,44.0,1,0,Slow (>30m),Over 30 Min
0xb59b,MUMRES010DEL01,Mumbai,28.0,25-29,4.5,4.2-4.6,Sunny,Medium,0,Drinks,Scooter,1.0,No,17:10,17:20,17.0,Evening,10.0,19.003517,72.82765,19.073517,72.89765,10.710918154184034,25.0,1,1,Standard (21-30m),On Time
0xb5bc,VADRES19DEL01,Vadodara,33.0,30-34,4.0,Below 4.2,Sandstorms,High,0,Meal,Scooter,1.0,No,13:55,14:05,13.0,Afternoon,10.0,22.311844,73.165081,22.351844,73.205081,6.05885248629486,32.0,1,0,Slow (>30m),Over 30 Min
0xb5e8,VADRES02DEL02,Vadodara,24.0,18-24,4.0,Below 4.2,Cloudy,Medium,1,Drinks,Scooter,1.0,No,18:30,18:35,18.0,Evening,5.0,0.0,0.0,0.08,0.08,,36.0,1,0,Slow (>30m),Over 30 Min
0xb5f2,MUMRES15DEL03,Mumbai,37.0,35-45,4.3,4.2-4.6,Cloudy,Jam,0,Buffet,Scooter,0.0,No,19:35,19:45,19.0,Evening,10.0,19.176269,72.836721,19.206269,72.866721,4.588393543828144,31.0,1,0,Slow (>30m),Over 30 Min
0xb5f5,MYSRES20DEL02,Mysuru,31.0,30-34,4.8,4.7-5.0,Stormy,Jam,2,Meal,Bicycle,1.0,No,19:10,19:25,19.0,Evening,15.0,12.337978,76.616792,12.387978,76.666792,7.7720495540029555,27.0,1,1,Standard (21-30m),On Time
0xb60,MUMRES010DEL03,Mumbai,27.0,25-29,4.6,4.2-4.6,Fog,Jam,0,Buffet,Scooter,0.0,No,19:55,19:60,19.0,Evening,5.0,19.003517,72.82765,19.033517,72.85765,4.5906544651856676,20.0,1,1,Fast (<=20m),On Time
0xb65b,INDORES15DEL02,Indore,39.0,35-45,4.6,4.2-4.6,Stormy,Medium,2,Buffet,Scooter,1.0,No,18:30,18:45,18.0,Evening,15.0,22.760072,75.892574,22.840072,75.972574,12.098778675384231,23.0,1,1,Standard (21-30m),On Time
0xb664,PUNERES05DEL02,Pune,37.0,35-45,4.1,Below 4.2,Windy,Medium,0,Buffet,Scooter,1.0,No,17:10,17:25,17.0,Evening,15.0,18.543626,73.905101,18.593626,73.955101,7.66075941890286,31.0,1,0,Slow (>30m),Over 30 Min
0xb6be,COIMBRES03DEL02,Coimbatore,33.0,30-34,4.9,4.7-5.0,Fog,Low,1,Snack,Scooter,1.0,No,22:45,22:50,22.0,Late Night,5.0,11.025083,77.015393,11.075083,77.065393,7.790133409939675,18.0,1,1,Fast (<=20m),On Time
0xb6c4,SURRES02DEL02,Surat,29.0,25-29,5.0,4.7-5.0,Cloudy,Jam,2,Drinks,Scooter,2.0,No,19:40,19:45,19.0,Evening,5.0,21.186608,72.794136,21.266608,72.874136,12.161026500560556,34.0,1,0,Slow (>30m),Over 30 Min
0xb6c7,BANGRES02DEL02,Bengaluru,34.0,30-34,4.8,4.7-5.0,Stormy,Jam,0,Snack,Scooter,1.0,No,19:30,19:35,19.0,Evening,5.0,12.970221,77.645396,13.050221,77.725396,12.419867815281147,38.0,1,0,Slow (>30m),Over 30 Min
0xb6f8,SURRES09DEL01,Surat,32.0,30-34,4.9,4.7-5.0,Windy,Jam,0,Snack,Scooter,1.0,No,21:15,21:20,21.0,Late Night,5.0,21.175975,72.795503,21.285975,72.905503,16.721180377006664,38.0,1,0,Slow (>30m),Over 30 Min
0xb72c,COIMBRES18DEL01,Coimbatore,27.0,25-29,4.6,4.2-4.6,Sandstorms,High,0,Snack,Scooter,0.0,No,11:15,11:20,11.0,Morning,5.0,11.02091,76.940432,11.03091,76.950432,1.5580896251830259,17.0,1,1,Fast (<=20m),On Time
0xb738,PUNERES03DEL03,Pune,23.0,18-24,4.7,4.7-5.0,Cloudy,Low,0,Drinks,Scooter,1.0,No,22:25,22:30,22.0,Late Night,5.0,18.554382,73.798206,18.584382,73.828206,4.596446072050615,23.0,1,1,Standard (21-30m),On Time
0xb77d,SURRES16DEL01,Surat,21.0,18-24,4.5,4.2-4.6,Windy,Low,2,Snack,Scooter,1.0,No,9:45,9:50,9.0,Morning,5.0,21.160437,72.774209,21.170437,72.784209,1.520421107369611,14.0,1,1,Fast (<=20m),On Time
0xb78b,COIMBRES04DEL01,Coimbatore,25.0,25-29,4.2,4.2-4.6,Sunny,High,0,Drinks,Scooter,3.0,No,12:40,12:45,12.0,Afternoon,5.0,11.024839,77.007003,11.064839,77.047003,6.23216140888483,43.0,1,0,Slow (>30m),Over 30 Min
0xb79b,MUMRES20DEL03,Mumbai,23.0,18-24,4.8,4.7-5.0,Windy,Low,2,Drinks,Motorcycle,1.0,No,22:35,22:40,22.0,Late Night,5.0,19.103249,72.846749,19.193249,72.936749,13.766874024177369,11.0,1,1,Fast (<=20m),On Time
0xb79e,INDORES01DEL03,Indore,20.0,18-24,4.8,4.7-5.0,Stormy,Jam,1,Drinks,Bicycle,0.0,No,20:10,20:25,20.0,Evening,15.0,22.695207,75.866059,22.785207,75.956059,13.613869130091379,25.0,1,1,Standard (21-30m),On Time
0xb7a5,MUMRES20DEL03,Mumbai,35.0,35-45,4.5,4.2-4.6,Stormy,Jam,2,Drinks,Bicycle,1.0,No,19:60,20:15,20.0,Evening,15.0,19.103249,72.846749,19.193249,72.936749,13.766874024177369,27.0,1,1,Standard (21-30m),On Time
0xb7c7,BANGRES13DEL01,Bengaluru,35.0,35-45,4.1,Below 4.2,Fog,Jam,1,Meal,Bicycle,2.0,No,20:15,20:20,20.0,Evening,5.0,12.935662,77.61413,13.005662,77.68413,10.868227528917517,39.0,1,0,Slow (>30m),Over 30 Min
0xb896,INDORES06DEL01,Indore,21.0,18-24,4.7,4.7-5.0,Fog,Low,0,Snack,Scooter,1.0,No,23:40,23:45,23.0,Late Night,5.0,22.728163,75.884212,22.798163,75.954212,10.58774757857669,20.0,1,1,Fast (<=20m),On Time
0xb8a2,INDORES09DEL03,Indore,25.0,25-29,4.7,4.7-5.0,Fog,Jam,0,Meal,Scooter,1.0,No,19:35,19:40,19.0,Evening,5.0,22.725835,75.887648,22.785835,75.947648,9.075436109115513,27.0,1,1,Standard (21-30m),On Time
0xb8c7,RANCHIRES06DEL02,Ranchi,26.0,25-29,4.7,4.7-5.0,Sunny,Medium,0,Buffet,Scooter,0.0,No,18:20,18:30,18.0,Evening,10.0,23.357804,85.325146,23.487804,85.455146,19.61876644735796,17.0,1,1,Fast (<=20m),On Time
0xb8cc,CHENRES14DEL01,Chennai,29.0,25-29,4.1,Below 4.2,Sandstorms,Medium,0,Meal,Scooter,0.0,No,18:25,18:35,18.0,Evening,10.0,13.026279,80.174568,13.096279,80.244568,10.86629270166031,31.0,1,0,Slow (>30m),Over 30 Min
0xb8d,BANGRES05DEL02,Bengaluru,34.0,30-34,4.5,4.2-4.6,Sunny,Medium,1,Drinks,Scooter,1.0,No,17:20,17:30,17.0,Evening,10.0,12.970324,77.645748,13.050324,77.725748,12.419865302931404,28.0,1,1,Standard (21-30m),On Time
0xb8dc,MUMRES12DEL02,Mumbai,28.0,25-29,4.9,4.7-5.0,Sunny,Medium,0,Meal,Scooter,1.0,No,17:20,17:25,17.0,Evening,5.0,19.207222,72.972281,19.287222,73.052281,12.233752208089737,17.0,1,1,Fast (<=20m),On Time
0xb8e0,BANGRES13DEL02,Bengaluru,28.0,25-29,4.7,4.7-5.0,Windy,Jam,2,Meal,Bicycle,1.0,No,20:40,20:50,20.0,Evening,10.0,12.935662,77.61413,13.065662,77.74413,20.18266236573575,27.0,1,1,Standard (21-30m),On Time
0xb8ff,JAPRES14DEL02,Jaipur,30.0,30-34,5.0,4.7-5.0,Cloudy,Medium,1,Buffet,Scooter,1.0,No,17:45,17:55,17.0,Evening,10.0,26.88842,75.800689,27.01842,75.930689,19.364514740650907,31.0,1,0,Slow (>30m),Over 30 Min
0xb900,RANCHIRES16DEL03,Ranchi,24.0,18-24,4.6,4.2-4.6,Sunny,Low,0,Snack,Scooter,1.0,No,22:35,22:45,22.0,Late Night,10.0,23.371292,85.327872,23.401292,85.357872,4.527979308545817,19.0,1,1,Fast (<=20m),On Time
0xb902,HYDRES17DEL02,Hyderabad,36.0,35-45,4.6,4.2-4.6,Fog,High,2,Buffet,Bicycle,1.0,No,11:35,11:45,11.0,Morning,10.0,17.451976,78.385883,17.471976,78.405883,3.0734580051729097,30.0,1,1,Standard (21-30m),On Time
0xb911,RANCHIRES03DEL02,Ranchi,28.0,25-29,4.8,4.7-5.0,Windy,Low,2,Snack,Scooter,1.0,No,9:45,9:50,9.0,Morning,5.0,0.0,0.0,0.02,0.02,,10.0,1,1,Fast (<=20m),On Time
0xb92,CHENRES010DEL01,Chennai,38.0,35-45,4.6,4.2-4.6,Sunny,Jam,1,Snack,Bicycle,0.0,No,21:25,21:30,21.0,Late Night,5.0,13.066762,80.251865,13.136762,80.321865,10.865424161236552,23.0,1,1,Standard (21-30m),On Time
0xb950,MYSRES01DEL03,Mysuru,28.0,25-29,4.7,4.7-5.0,Stormy,Medium,0,Buffet,Scooter,0.0,No,17:20,17:30,17.0,Evening,10.0,12.311072,76.654878,12.371072,76.714878,9.326840686168874,10.0,1,1,Fast (<=20m),On Time
0xb965,BANGRES15DEL03,Bengaluru,23.0,18-24,4.7,4.7-5.0,Fog,Medium,1,Buffet,Scooter,1.0,No,17:45,17:50,17.0,Evening,5.0,12.975377,77.696664,13.035377,77.756664,9.314989655754555,12.0,1,1,Fast (<=20m),On Time
0xb984,HYDRES18DEL02,Hyderabad,29.0,25-29,4.9,4.7-5.0,Stormy,Jam,1,Buffet,Scooter,1.0,No,20:55,21:05,20.0,Evening,10.0,17.450851,78.379347,17.500851,78.429347,7.683365912633278,20.0,1,1,Fast (<=20m),On Time
0xb98f,VADRES18DEL03,Vadodara,38.0,35-45,4.8,4.7-5.0,Stormy,Low,2,Drinks,Scooter,0.0,No,23:25,23:30,23.0,Late Night,5.0,0.0,0.0,0.09,0.09,,29.0,1,1,Standard (21-30m),On Time
0xb995,JAPRES15DEL01,Jaipur,32.0,30-34,4.8,4.7-5.0,Sunny,Jam,2,Meal,Motorcycle,0.0,No,20:30,20:45,20.0,Evening,15.0,26.891191,75.802083,27.001191,75.912083,16.385824899896843,23.0,1,1,Standard (21-30m),On Time
0xb9b1,PUNERES11DEL02,Pune,22.0,18-24,4.6,4.2-4.6,Cloudy,Jam,0,Drinks,Scooter,2.0,No,21:35,21:45,21.0,Late Night,10.0,18.533811,73.899315,18.663811,74.029315,19.916302409327955,49.0,1,0,Slow (>30m),Over 30 Min
0xb9e,JAPRES010DEL01,Jaipur,35.0,35-45,4.7,4.7-5.0,Cloudy,Jam,1,Snack,Bicycle,1.0,No,21:45,21:50,21.0,Late Night,5.0,26.921411,75.793604,27.031411,75.903604,16.383878702193932,41.0,1,0,Slow (>30m),Over 30 Min
0xb9e5,JAPRES17DEL02,Jaipur,28.0,25-29,4.9,4.7-5.0,Sunny,Low,1,Meal,Bicycle,1.0,No,8:15,8:30,8.0,Morning,15.0,26.892312,75.806896,26.912312,75.826896,2.9797545101793843,17.0,1,1,Fast (<=20m),On Time
0xb9fa,BANGRES06DEL01,Bengaluru,27.0,25-29,5.0,4.7-5.0,Cloudy,Low,2,Snack,Bicycle,1.0,No,10:15,10:25,10.0,Morning,10.0,12.979096,77.640625,12.989096,77.650625,1.5525631276149985,10.0,1,1,Fast (<=20m),On Time
0xb9fe,HYDRES17DEL02,Hyderabad,37.0,35-45,4.6,4.2-4.6,Cloudy,Low,0,Buffet,Scooter,1.0,No,23:60,24:05,0.0,Morning,5.0,17.451976,78.385883,17.501976,78.435883,7.683343284930562,25.0,1,1,Standard (21-30m),On Time
0xba19,BANGRES010DEL01,Bengaluru,20.0,18-24,5.0,4.7-5.0,Cloudy,Jam,2,Meal,Scooter,1.0,No,19:60,20:15,20.0,Evening,15.0,12.933298,77.614293,13.043298,77.724293,17.07805219066781,30.0,1,1,Standard (21-30m),On Time
0xba2f,CHENRES12DEL03,Chennai,20.0,18-24,4.8,4.7-5.0,Stormy,Low,1,Snack,Bicycle,0.0,No,22:10,22:20,22.0,Late Night,10.0,12.972793,80.249982,13.062793,80.339982,13.972143276298226,11.0,1,1,Fast (<=20m),On Time
0xba51,COIMBRES16DEL03,Coimbatore,31.0,30-34,4.7,4.7-5.0,Stormy,Jam,1,Drinks,Bicycle,1.0,No,20:15,20:30,20.0,Evening,15.0,11.010375,76.95295,11.040375,76.98295,4.674273021646213,25.0,1,1,Standard (21-30m),On Time
0xba58,CHENRES01DEL03,Chennai,23.0,18-24,4.3,4.2-4.6,Stormy,Low,0,Buffet,Scooter,0.0,No,22:15,22:20,22.0,Late Night,5.0,13.005801,80.250744,13.065801,80.310744,9.314432663239854,26.0,1,1,Standard (21-30m),On Time
0xba7b,COIMBRES13DEL01,Coimbatore,29.0,25-29,4.7,4.7-5.0,Fog,Low,2,Snack,Motorcycle,0.0,No,9:60,10:10,10.0,Morning,10.0,11.003669,76.976494,11.013669,76.986494,1.5581344177408138,11.0,1,1,Fast (<=20m),On Time
0xba7d,PUNERES01DEL02,Pune,37.0,35-45,4.6,4.2-4.6,Windy,Low,1,Meal,Bicycle,1.0,No,22:60,23:05,23.0,Late Night,5.0,18.569156,73.774723,18.649156,73.854723,12.25583473817937,22.0,1,1,Standard (21-30m),On Time
0xba82,VADRES19DEL01,Vadodara,35.0,35-45,4.2,4.2-4.6,Windy,Low,0,Drinks,Scooter,0.0,No,8:20,8:25,8.0,Morning,5.0,22.311844,73.165081,22.321844,73.175081,1.5147882321766595,26.0,1,1,Standard (21-30m),On Time
0xbab0,HYDRES06DEL02,Hyderabad,26.0,25-29,4.7,4.7-5.0,Cloudy,Medium,1,Drinks,Bicycle,1.0,No,18:45,18:60,18.0,Evening,15.0,17.455894,78.375467,17.535894,78.455467,12.292739720920379,28.0,1,1,Standard (21-30m),On Time
0xbab2,MYSRES05DEL01,Mysuru,35.0,35-45,4.2,4.2-4.6,Sandstorms,Jam,0,Snack,Scooter,2.0,No,19:10,19:25,19.0,Evening,15.0,12.323978,76.627961,12.393978,76.697961,10.880950467822013,51.0,1,0,Slow (>30m),Over 30 Min
0xbab8,COIMBRES12DEL02,Coimbatore,21.0,18-24,4.6,4.2-4.6,Fog,Low,0,Buffet,Scooter,0.0,No,22:20,22:25,22.0,Late Night,5.0,11.000762,76.981876,11.050762,77.031876,7.790449915927229,24.0,1,1,Standard (21-30m),On Time
0xbae8,MUMRES07DEL01,Mumbai,20.0,18-24,4.8,4.7-5.0,Cloudy,High,0,Buffet,Scooter,0.0,No,11:35,11:50,11.0,Morning,15.0,19.091458,72.827808,19.101458,72.837808,1.5298789045105683,27.0,1,1,Standard (21-30m),On Time
0xbaed,MUMRES11DEL01,Mumbai,25.0,25-29,4.9,4.7-5.0,Sandstorms,Low,1,Meal,Bicycle,1.0,No,9:55,10:10,9.0,Morning,15.0,18.994237,72.825553,19.004237,72.835553,1.5303018945130977,18.0,1,1,Fast (<=20m),On Time
0xbb1,BANGRES03DEL01,Bengaluru,20.0,18-24,4.1,Below 4.2,Cloudy,Medium,2,Snack,Motorcycle,1.0,No,18:60,19:10,19.0,Evening,10.0,12.979166,77.640709,13.049166,77.710709,10.867300251248173,36.0,1,0,Slow (>30m),Over 30 Min
0xbb41,BANGRES20DEL03,Bengaluru,24.0,18-24,4.1,Below 4.2,Windy,Low,0,Buffet,Scooter,1.0,No,22:10,22:25,22.0,Late Night,15.0,12.972161,77.596014,13.032161,77.656014,9.315048460520035,27.0,1,1,Standard (21-30m),On Time
0xbb46,SURRES20DEL02,Surat,30.0,30-34,4.8,4.7-5.0,Cloudy,Low,1,Snack,Bicycle,1.0,No,22:45,22:60,22.0,Late Night,15.0,21.15276,72.778059,21.28276,72.908059,19.76221711455842,27.0,1,1,Standard (21-30m),On Time
0xbb5,MUMRES04DEL03,Mumbai,30.0,30-34,4.7,4.7-5.0,Unknown,Unknown,3,Snack,Motorcycle,1.0,No,,20:50,,Unknown,,19.254567,72.848923,19.344567,72.938923,13.760899482273764,36.0,1,0,Slow (>30m),Over 30 Min
0xbb62,COIMBRES20DEL02,Coimbatore,21.0,18-24,4.9,4.7-5.0,Stormy,Jam,1,Drinks,Bicycle,1.0,No,20:60,21:10,21.0,Late Night,10.0,10.994136,76.963303,11.044136,77.013303,7.790536027572854,29.0,1,1,Standard (21-30m),On Time
0xbb94,PUNERES12DEL02,Pune,21.0,18-24,4.3,4.2-4.6,Sunny,Jam,0,Snack,Scooter,0.0,Yes,20:50,20:60,20.0,Evening,10.0,18.520016,73.830547,18.570016,73.880547,7.661261035978128,52.0,1,0,Slow (>30m),Over 30 Min
0xbb9d,VADRES07DEL01,Vadodara,38.0,35-45,4.2,4.2-4.6,Fog,Jam,2,Snack,Motorcycle,0.0,No,21:35,21:50,21.0,Late Night,15.0,0.0,0.0,0.11,0.11,,35.0,1,0,Slow (>30m),Over 30 Min
0xbbac,MYSRES17DEL02,Mysuru,20.0,18-24,4.8,4.7-5.0,Windy,Medium,2,Meal,Bicycle,1.0,No,18:25,18:35,18.0,Evening,10.0,12.326356,76.619103,12.376356,76.669103,7.772218199014364,26.0,1,1,Standard (21-30m),On Time
0xbbb2,COIMBRES12DEL01,Coimbatore,29.0,25-29,4.9,4.7-5.0,Sunny,Jam,0,Meal,Scooter,1.0,No,19:50,19:55,19.0,Evening,5.0,11.000762,76.981876,11.110762,77.091876,17.13812951786025,24.0,1,1,Standard (21-30m),On Time
0xbbb3,MYSRES010DEL02,Mysuru,39.0,35-45,4.1,Below 4.2,Stormy,Medium,0,Drinks,Scooter,1.0,No,18:15,18:25,18.0,Evening,10.0,12.321214,76.621094,12.371214,76.671094,7.772292765162486,34.0,1,0,Slow (>30m),Over 30 Min
0xbbc8,PUNERES010DEL03,Pune,36.0,35-45,4.9,4.7-5.0,Sunny,Jam,0,Snack,Scooter,1.0,No,20:20,20:30,20.0,Evening,10.0,18.539299,73.897902,18.629299,73.987902,13.788766331907118,36.0,1,0,Slow (>30m),Over 30 Min
0xbbca,VADRES01DEL01,Vadodara,39.0,35-45,4.8,4.7-5.0,Fog,Jam,1,Meal,Bicycle,1.0,No,21:40,21:45,21.0,Late Night,5.0,22.307898,73.167788,22.417898,73.277788,16.66013113561463,41.0,1,0,Slow (>30m),Over 30 Min
0xbbf,SURRES08DEL02,Surat,30.0,30-34,4.7,4.7-5.0,Sandstorms,Low,1,Snack,Bicycle,1.0,No,,10:55,,Unknown,,21.173343,72.792731,21.193343,72.812731,3.040670998024918,17.0,1,1,Fast (<=20m),On Time
0xbc1a,VADRES14DEL02,Vadodara,26.0,25-29,4.8,4.7-5.0,Stormy,Low,2,Snack,Bicycle,0.0,No,8:30,8:35,8.0,Morning,5.0,22.311603,73.165012,22.331603,73.185012,3.029528818749813,18.0,1,1,Fast (<=20m),On Time
0xbc4,HYDRES02DEL02,Hyderabad,30.0,30-34,4.7,4.7-5.0,Sunny,Low,0,Meal,Scooter,0.0,No,,23:10,,Unknown,,17.41233,78.449654,17.46233,78.499654,7.68413989788609,12.0,1,1,Fast (<=20m),On Time
0xbc89,SURRES17DEL01,Surat,32.0,30-34,4.8,4.7-5.0,Stormy,Medium,0,Meal,Scooter,1.0,No,15:25,15:30,15.0,Afternoon,5.0,21.149569,72.772697,21.189569,72.812697,6.081605350696637,28.0,1,1,Standard (21-30m),On Time
0xbca6,RANCHIRES07DEL01,Ranchi,35.0,35-45,5.0,4.7-5.0,Sandstorms,High,2,Snack,Bicycle,1.0,No,14:35,14:50,14.0,Afternoon,15.0,23.359407,85.325055,23.399407,85.365055,6.037449138753068,33.0,1,0,Slow (>30m),Over 30 Min
0xbcb4,COIMBRES19DEL02,Coimbatore,24.0,18-24,4.9,4.7-5.0,Sandstorms,High,2,Snack,Bicycle,1.0,No,11:60,12:10,12.0,Afternoon,10.0,11.022298,76.998349,11.042298,77.018349,3.1161460168163804,21.0,1,1,Standard (21-30m),On Time
0xbcb9,MUMRES03DEL01,Mumbai,22.0,18-24,4.9,4.7-5.0,Fog,Low,0,Drinks,Scooter,1.0,No,23:40,23:45,23.0,Late Night,5.0,19.22384,72.841347,19.29384,72.911347,10.704176056647595,21.0,1,1,Standard (21-30m),On Time
0xbcbc,COIMBRES19DEL02,Coimbatore,21.0,18-24,4.7,4.7-5.0,Sandstorms,Low,1,Snack,Bicycle,1.0,No,8:50,9:05,8.0,Morning,15.0,11.022298,76.998349,11.042298,77.018349,3.1161460168163804,18.0,1,1,Fast (<=20m),On Time
0xbcfb,INDORES05DEL03,Indore,31.0,30-34,5.0,4.7-5.0,Cloudy,Jam,1,Snack,Scooter,1.0,No,19:10,19:25,19.0,Evening,15.0,22.727021,75.884167,22.757021,75.914167,4.537929017335161,25.0,1,1,Standard (21-30m),On Time
0xbd17,MYSRES010DEL03,Mysuru,21.0,18-24,4.5,4.2-4.6,Fog,Jam,2,Buffet,Scooter,0.0,No,19:40,19:50,19.0,Evening,10.0,12.321214,76.621094,12.381214,76.681094,9.326664234694798,21.0,1,1,Standard (21-30m),On Time
0xbd32,MYSRES07DEL03,Mysuru,22.0,18-24,4.6,4.2-4.6,Cloudy,Low,0,Buffet,Scooter,0.0,No,22:10,22:25,22.0,Late Night,15.0,12.325461,76.632278,12.355461,76.662278,4.663425748788304,17.0,1,1,Fast (<=20m),On Time
0xbd64,INDORES010DEL01,Indore,36.0,35-45,4.8,4.7-5.0,Sandstorms,Low,1,Snack,Scooter,1.0,No,8:20,8:30,8.0,Morning,10.0,22.75004,75.902847,22.76004,75.912847,1.5125767823354923,27.0,1,1,Standard (21-30m),On Time
0xbd95,CHENRES09DEL02,Chennai,32.0,30-34,3.7,Below 4.2,Sandstorms,Jam,2,Meal,Bicycle,1.0,No,19:60,20:15,20.0,Evening,15.0,13.044694,80.26147,13.124694,80.34147,12.418046327589046,35.0,1,0,Slow (>30m),Over 30 Min
0xbda,MUMRES18DEL01,Mumbai,30.0,30-34,4.7,4.7-5.0,Sunny,High,1,Drinks,Scooter,0.0,No,,13:55,,Unknown,,19.1093,72.825451,19.1493,72.865451,6.11894222047372,14.0,1,1,Fast (<=20m),On Time
0xbda5,HYDRES17DEL03,Hyderabad,30.0,30-34,4.9,4.7-5.0,Sunny,Medium,1,Drinks,Scooter,0.0,No,18:25,18:40,18.0,Evening,15.0,17.451976,78.385883,17.481976,78.415883,4.610126685757653,18.0,1,1,Fast (<=20m),On Time
0xbdc7,JAPRES02DEL02,Jaipur,27.0,25-29,4.2,4.2-4.6,Cloudy,Medium,2,Buffet,Bicycle,1.0,No,18:20,18:30,18.0,Evening,10.0,26.914142,75.805704,26.994142,75.885704,11.916592039971672,35.0,1,0,Slow (>30m),Over 30 Min
0xbdce,BANGRES04DEL03,Bengaluru,33.0,30-34,3.8,Below 4.2,Stormy,Medium,1,Meal,Scooter,2.0,No,18:45,18:50,18.0,Evening,5.0,12.98041,77.640489,13.07041,77.730489,13.971934086400077,37.0,1,0,Slow (>30m),Over 30 Min
0xbdd2,COIMBRES08DEL01,Coimbatore,24.0,18-24,4.7,4.7-5.0,Sandstorms,Medium,0,Drinks,Scooter,1.0,No,18:25,18:30,18.0,Evening,5.0,11.001852,76.976268,11.071852,77.046268,10.906427761411477,29.0,1,1,Standard (21-30m),On Time
0xbde1,RANCHIRES09DEL02,Ranchi,32.0,30-34,4.9,4.7-5.0,Sunny,Low,0,Drinks,Scooter,1.0,No,23:40,23:50,23.0,Late Night,10.0,23.351058,85.325731,23.401058,85.375731,7.546898552269062,21.0,1,1,Standard (21-30m),On Time
0xbe03,COIMBRES01DEL01,Coimbatore,20.0,18-24,4.1,Below 4.2,Fog,Jam,2,Drinks,Scooter,1.0,No,19:15,19:20,19.0,Evening,5.0,11.016298,76.972076,11.086298,77.042076,10.90616442518483,42.0,1,0,Slow (>30m),Over 30 Min
0xbe14,COIMBRES12DEL03,Coimbatore,25.0,25-29,4.6,4.2-4.6,Stormy,Medium,1,Buffet,Bicycle,1.0,No,18:50,19:05,18.0,Evening,15.0,11.000762,76.981876,11.030762,77.011876,4.674347967709947,25.0,1,1,Standard (21-30m),On Time
0xbe2b,HYDRES010DEL02,Hyderabad,32.0,30-34,4.9,4.7-5.0,Cloudy,Medium,2,Drinks,Motorcycle,2.0,No,17:30,17:40,17.0,Evening,10.0,17.428294,78.404423,17.508294,78.484423,12.293628199061905,39.0,1,0,Slow (>30m),Over 30 Min
0xbe65,INDORES08DEL01,Indore,39.0,35-45,4.9,4.7-5.0,Windy,Low,0,Buffet,Scooter,0.0,No,23:45,23:55,23.0,Late Night,10.0,22.725748,75.898497,22.795748,75.968497,10.587833627733957,22.0,1,1,Standard (21-30m),On Time
0xbe68,COIMBRES17DEL03,Coimbatore,30.0,30-34,4.9,4.7-5.0,Sunny,Medium,0,Drinks,Scooter,1.0,No,18:35,18:40,18.0,Evening,5.0,11.026117,76.944652,11.086117,77.004652,9.348065663191013,22.0,1,1,Standard (21-30m),On Time
0xbe6b,JAPRES05DEL03,Jaipur,21.0,18-24,4.7,4.7-5.0,Fog,Low,1,Buffet,Scooter,1.0,No,23:25,23:30,23.0,Late Night,5.0,26.905287,75.794592,26.965287,75.854592,8.93810632035138,15.0,1,1,Fast (<=20m),On Time
0xbe6c,MYSRES09DEL03,Mysuru,27.0,25-29,4.6,4.2-4.6,Cloudy,Low,0,Buffet,Scooter,1.0,No,22:55,23:10,22.0,Late Night,15.0,12.323194,76.630583,12.413194,76.720583,13.989552290871462,22.0,1,1,Standard (21-30m),On Time
0xbe6d,PUNERES08DEL03,Pune,39.0,35-45,4.8,4.7-5.0,Stormy,Jam,0,Snack,Scooter,2.0,No,20:40,20:50,20.0,Evening,10.0,18.53408,73.89852,18.56408,73.92852,4.596704903787668,48.0,1,0,Slow (>30m),Over 30 Min
0xbe98,MUMRES06DEL01,Mumbai,28.0,25-29,4.9,4.7-5.0,Sandstorms,Medium,2,Snack,Motorcycle,1.0,No,15:35,15:50,15.0,Afternoon,15.0,19.055831,72.833984,19.095831,72.873984,6.119875165135543,23.0,1,1,Standard (21-30m),On Time
0xbeb2,JAPRES18DEL03,Jaipur,20.0,18-24,4.8,4.7-5.0,Sunny,Jam,2,Meal,Bicycle,1.0,No,19:25,19:40,19.0,Evening,15.0,26.913987,75.752891,27.003987,75.842891,13.405910535451952,24.0,1,1,Standard (21-30m),On Time
0xbed1,JAPRES04DEL01,Jaipur,23.0,18-24,4.7,4.7-5.0,Cloudy,Jam,1,Snack,Scooter,1.0,No,21:60,22:10,22.0,Late Night,10.0,26.902328,75.794257,26.972328,75.864257,10.427706972519958,38.0,1,0,Slow (>30m),Over 30 Min
0xbf0e,GOARES04DEL03,Goa,30.0,30-34,4.7,4.7-5.0,Cloudy,Low,1,Snack,Scooter,1.0,No,,23:10,,Unknown,,15.5696,73.742294,15.5996,73.772294,4.631697758768967,18.0,1,1,Fast (<=20m),On Time
0xbf24,BHPRES16DEL02,Bhopal,30.0,30-34,4.7,4.7-5.0,Fog,Medium,0,Buffet,Scooter,2.0,No,,18:50,,Unknown,,23.264015,77.408236,23.344015,77.488236,12.078034315170433,38.0,1,0,Slow (>30m),Over 30 Min
0xbf28,KNPRES20DEL02,Kanpur,30.0,30-34,4.7,4.7-5.0,Sunny,Jam,2,Snack,Motorcycle,1.0,No,,21:20,,Unknown,,26.47,80.35,26.6,80.48,19.396156945680058,21.0,1,1,Standard (21-30m),On Time
0xbf2b,LUDHRES17DEL03,Ludhiana,30.0,30-34,4.7,4.7-5.0,Cloudy,Jam,2,Snack,Motorcycle,0.0,No,,19:30,,Unknown,,30.893384,75.821202,30.923384,75.851202,4.395416113739775,29.0,1,1,Standard (21-30m),On Time
0xbf2e,DEHRES03DEL03,Dehradun,30.0,30-34,4.7,4.7-5.0,Sunny,Medium,2,Meal,Motorcycle,1.0,No,,18:55,,Unknown,,30.335259,78.053162,30.425259,78.143162,13.216911461378492,18.0,1,1,Fast (<=20m),On Time
0xbf56,KNPRES16DEL02,Kanpur,30.0,30-34,4.7,4.7-5.0,Windy,Low,0,Snack,Scooter,1.0,No,,22:50,,Unknown,,26.482581,80.315628,26.532581,80.365628,7.460853747093716,24.0,1,1,Standard (21-30m),On Time
0xbf66,KNPRES08DEL01,Kanpur,36.0,35-45,4.9,4.7-5.0,Fog,High,0,Meal,Scooter,1.0,No,12:60,13:10,13.0,Afternoon,10.0,0.0,0.0,0.04,0.04,,27.0,1,1,Standard (21-30m),On Time
0xbf68,AURGRES04DEL03,Aurangabad,39.0,35-45,4.9,4.7-5.0,Cloudy,Jam,0,Drinks,Scooter,1.0,No,20:50,20:55,20.0,Evening,5.0,19.876106,75.340775,19.936106,75.400775,9.157685691711263,25.0,1,1,Standard (21-30m),On Time
0xbf71,GOARES14DEL01,Goa,34.0,30-34,4.7,4.7-5.0,Sunny,Jam,1,Drinks,Scooter,1.0,No,21:20,21:25,21.0,Late Night,5.0,15.157944,73.950889,15.227944,74.020889,10.81709435548256,20.0,1,1,Fast (<=20m),On Time
0xbfbf,BHPRES11DEL02,Bhopal,29.0,25-29,5.0,4.7-5.0,Fog,Medium,0,Snack,Scooter,1.0,No,18:15,18:25,18.0,Evening,10.0,23.233219,77.433571,23.363219,77.563571,19.627194981768998,32.0,1,0,Slow (>30m),Over 30 Min
0xbfd6,DEHRES06DEL03,Dehradun,38.0,35-45,4.7,4.7-5.0,Cloudy,Jam,0,Meal,Scooter,0.0,No,21:20,21:35,21.0,Late Night,15.0,30.361281,78.068022,30.391281,78.098022,4.405714054216528,28.0,1,1,Standard (21-30m),On Time
0xbfe3,ALHRES20DEL02,Allahabad,38.0,35-45,4.7,4.7-5.0,Sandstorms,Low,1,Meal,Scooter,1.0,No,22:15,22:20,22.0,Late Night,5.0,25.454697,81.834492,25.504697,81.884492,7.490074945289134,29.0,1,1,Standard (21-30m),On Time
0xbfeb,KOCRES12DEL01,Kochi,29.0,25-29,4.3,4.2-4.6,Sunny,High,0,Meal,Scooter,1.0,Yes,11:45,11:55,11.0,Morning,10.0,9.988483,76.295211,9.998483,76.305211,1.5606518480251133,48.0,1,0,Slow (>30m),Over 30 Min
0xbfef,BHPRES14DEL01,Bhopal,36.0,35-45,4.6,4.2-4.6,Cloudy,Low,2,Buffet,Scooter,1.0,No,9:45,9:55,9.0,Morning,10.0,0.0,0.0,0.01,0.01,,17.0,1,1,Fast (<=20m),On Time
0xc003,DEHRES13DEL02,Dehradun,30.0,30-34,4.7,4.7-5.0,Unknown,Unknown,3,Snack,Bicycle,1.0,No,,22:30,,Unknown,,30.366322,78.070453,30.496322,78.200453,19.086833777112577,20.0,1,1,Fast (<=20m),On Time
0xc00c,AGRRES09DEL03,Agra,30.0,30-34,4.7,4.7-5.0,Stormy,Medium,1,Meal,Bicycle,1.0,No,,18:45,,Unknown,,0.0,0.0,0.06,0.06,,29.0,1,1,Standard (21-30m),On Time
0xc03f,LUDHRES16DEL01,Ludhiana,25.0,25-29,4.6,4.2-4.6,Windy,Low,2,Drinks,Motorcycle,0.0,No,10:10,10:15,10.0,Morning,5.0,30.895817,75.813112,30.905817,75.823112,1.4651878348923006,13.0,1,1,Fast (<=20m),On Time
0xc042,AGRRES010DEL01,Agra,34.0,30-34,4.7,4.7-5.0,Sandstorms,Low,1,Drinks,Bicycle,0.0,No,22:60,23:05,23.0,Late Night,5.0,27.163303,78.057044,27.233303,78.127044,10.416978212844837,15.0,1,1,Fast (<=20m),On Time
0xc055,AURGRES010DEL02,Aurangabad,33.0,30-34,4.5,4.2-4.6,Windy,High,2,Buffet,Motorcycle,0.0,No,11:25,11:40,11.0,Morning,15.0,19.875337,75.316722,19.895337,75.336722,3.0527499136034573,27.0,1,1,Standard (21-30m),On Time
0xc066,ALHRES09DEL02,Allahabad,23.0,18-24,4.4,4.2-4.6,Stormy,Low,0,Drinks,Scooter,1.0,No,10:45,10:55,10.0,Morning,10.0,0.0,0.0,0.02,0.02,,23.0,1,1,Standard (21-30m),On Time
0xc06e,BHPRES15DEL02,Bhopal,36.0,35-45,5.0,4.7-5.0,Sunny,Low,2,Meal,Bicycle,1.0,No,9:30,9:35,9.0,Morning,5.0,23.234249,77.434007,23.254249,77.454007,3.0201288577452137,10.0,1,1,Fast (<=20m),On Time
0xc070,GOARES010DEL02,Goa,29.0,25-29,5.0,4.7-5.0,Cloudy,Low,0,Snack,Scooter,1.0,No,10:35,10:50,10.0,Morning,15.0,15.546594,73.760431,15.566594,73.780431,3.0880009514513835,18.0,1,1,Fast (<=20m),On Time
0xc082,ALHRES11DEL03,Allahabad,34.0,30-34,4.8,4.7-5.0,Sunny,Medium,1,Snack,Bicycle,0.0,No,18:40,18:50,18.0,Evening,10.0,0.0,0.0,0.06,0.06,,18.0,1,1,Fast (<=20m),On Time
0xc086,GOARES010DEL03,Goa,20.0,18-24,4.7,4.7-5.0,Cloudy,Jam,2,Drinks,Scooter,1.0,No,19:60,20:10,20.0,Evening,10.0,15.546594,73.760431,15.606594,73.820431,9.26356902965697,29.0,1,1,Standard (21-30m),On Time
0xc0c1,AURGRES17DEL02,Aurangabad,26.0,25-29,4.9,4.7-5.0,Cloudy,Jam,0,Meal,Scooter,2.0,No,21:55,21:60,21.0,Late Night,5.0,19.876994,75.372353,20.006994,75.502353,19.839536510058945,42.0,1,0,Slow (>30m),Over 30 Min
0xc0d2,ALHRES15DEL02,Allahabad,36.0,35-45,4.5,4.2-4.6,Fog,Jam,0,Buffet,Scooter,1.0,No,19:60,20:15,20.0,Evening,15.0,25.449872,81.836167,25.499872,81.886167,7.49020990040395,30.0,1,1,Standard (21-30m),On Time
0xc0e7,AGRRES11DEL01,Agra,34.0,30-34,4.6,4.2-4.6,Sunny,High,0,Drinks,Scooter,1.0,No,12:50,12:60,12.0,Afternoon,10.0,27.163303,78.057044,27.203303,78.097044,5.952912836132655,28.0,1,1,Standard (21-30m),On Time
0xc0f7,LUDHRES19DEL01,Ludhiana,24.0,18-24,4.7,4.7-5.0,Cloudy,Low,1,Meal,Scooter,1.0,No,22:35,22:45,22.0,Late Night,10.0,30.902872,75.826808,30.972872,75.896808,10.254630044893945,20.0,1,1,Fast (<=20m),On Time
0xc10e,AGRRES03DEL01,Agra,30.0,30-34,4.7,4.7-5.0,Unknown,Unknown,3,Snack,Bicycle,1.0,No,,16:15,,Unknown,,27.160832,78.011608,27.200832,78.051608,5.952971077192147,28.0,1,1,Standard (21-30m),On Time
0xc16,MUMRES02DEL02,Mumbai,23.0,18-24,4.6,4.2-4.6,Sunny,Jam,1,Buffet,Bicycle,0.0,No,19:25,19:40,19.0,Evening,15.0,19.221315,72.862381,19.271315,72.912381,7.646115309571211,12.0,1,1,Fast (<=20m),On Time
0xc194,KOCRES14DEL03,Kochi,32.0,30-34,4.9,4.7-5.0,Fog,Jam,0,Meal,Scooter,3.0,Yes,19:10,19:15,19.0,Evening,5.0,10.027014,76.308053,10.117014,76.398053,14.044189220273617,54.0,1,0,Slow (>30m),Over 30 Min
0xc195,KNPRES15DEL03,Kanpur,36.0,35-45,4.9,4.7-5.0,Sandstorms,Medium,0,Snack,Scooter,1.0,No,17:10,17:15,17.0,Evening,5.0,26.482419,80.320939,26.512419,80.350939,4.476688390304814,39.0,1,0,Slow (>30m),Over 30 Min
0xc19a,BHPRES17DEL02,Bhopal,34.0,30-34,3.8,Below 4.2,Windy,Jam,2,Meal,Bicycle,0.0,No,19:35,19:40,19.0,Evening,5.0,23.218998,77.373573,23.348998,77.503573,19.62815464697254,44.0,1,0,Slow (>30m),Over 30 Min
0xc1aa,BHPRES07DEL01,Bhopal,24.0,18-24,4.7,4.7-5.0,Fog,Medium,0,Snack,Scooter,1.0,No,17:45,17:60,17.0,Evening,15.0,0.0,0.0,0.11,0.11,,30.0,1,1,Standard (21-30m),On Time
0xc1b4,KOCRES12DEL03,Kochi,30.0,30-34,4.7,4.7-5.0,Fog,Medium,2,Meal,Scooter,0.0,No,17:40,17:45,17.0,Evening,5.0,9.988483,76.295211,10.048483,76.355211,9.363555952460027,18.0,1,1,Fast (<=20m),On Time
0xc1be,AGRRES12DEL03,Agra,29.0,25-29,4.6,4.2-4.6,Fog,Jam,1,Drinks,Bicycle,1.0,No,20:35,20:40,20.0,Evening,5.0,27.165108,78.015053,27.195108,78.045053,4.464741140762178,27.0,1,1,Standard (21-30m),On Time
0xc1c0,KOLRES12DEL03,Kolkata,30.0,30-34,4.2,4.2-4.6,Cloudy,Medium,0,Drinks,Scooter,1.0,No,17:30,17:45,17.0,Evening,15.0,22.551084,88.354127,22.581084,88.384127,4.540604731514744,34.0,1,0,Slow (>30m),Over 30 Min
0xc1c6,DEHRES08DEL02,Dehradun,24.0,18-24,4.9,4.7-5.0,Stormy,Low,2,Snack,Bicycle,1.0,No,22:20,22:30,22.0,Late Night,10.0,30.359722,78.067079,30.409722,78.117079,7.342586025378593,10.0,1,1,Fast (<=20m),On Time
0xc1cc,LUDHRES11DEL03,Ludhiana,39.0,35-45,4.1,Below 4.2,Windy,Jam,0,Snack,Scooter,3.0,No,19:10,19:20,19.0,Evening,10.0,30.893081,75.821495,30.983081,75.911495,13.18451159328932,49.0,1,0,Slow (>30m),Over 30 Min
0xc1fe,KNPRES19DEL01,Kanpur,28.0,25-29,4.9,4.7-5.0,Windy,Low,2,Drinks,Scooter,1.0,No,23:40,23:50,23.0,Late Night,10.0,26.49095,80.318656,26.56095,80.388656,10.444452055607655,15.0,1,1,Fast (<=20m),On Time
0xc20,VADRES01DEL03,Vadodara,24.0,18-24,5.0,4.7-5.0,Stormy,Jam,1,Meal,Bicycle,0.0,No,19:45,19:55,19.0,Evening,10.0,22.307898,73.167788,22.397898,73.257788,13.631468027041269,19.0,1,1,Fast (<=20m),On Time
0xc213,KOLRES12DEL02,Kolkata,35.0,35-45,3.8,Below 4.2,Windy,Medium,1,Buffet,Scooter,1.0,No,18:55,18:60,18.0,Evening,5.0,22.551084,88.354127,22.631084,88.434127,12.107267644774502,33.0,1,0,Slow (>30m),Over 30 Min
0xc220,KOCRES09DEL01,Kochi,31.0,30-34,4.9,4.7-5.0,Windy,Jam,0,Snack,Scooter,1.0,No,19:60,20:10,20.0,Evening,10.0,10.000706,76.349516,10.110706,76.459516,17.165546505559657,44.0,1,0,Slow (>30m),Over 30 Min
0xc222,GOARES16DEL02,Goa,31.0,30-34,4.5,4.2-4.6,Sandstorms,Low,0,Buffet,Scooter,0.0,No,23:45,23:55,23.0,Late Night,10.0,15.498603,73.826911,15.548603,73.876911,7.720597321160741,25.0,1,1,Standard (21-30m),On Time
0xc228,AGRRES12DEL03,Agra,33.0,30-34,4.6,4.2-4.6,Sunny,Jam,1,Snack,Bicycle,0.0,No,21:10,21:25,21.0,Late Night,15.0,27.165108,78.015053,27.225108,78.075053,8.928951604726905,21.0,1,1,Standard (21-30m),On Time
0xc26c,AURGRES08DEL02,Aurangabad,36.0,35-45,4.9,4.7-5.0,Cloudy,Low,2,Buffet,Scooter,0.0,No,23:35,23:40,23.0,Late Night,5.0,19.876428,75.364792,19.926428,75.414792,7.631510679128301,17.0,1,1,Fast (<=20m),On Time
0xc26d,KOLRES20DEL03,Kolkata,21.0,18-24,4.9,4.7-5.0,Cloudy,Medium,1,Meal,Bicycle,0.0,No,18:60,19:15,19.0,Evening,15.0,22.514119,88.362504,22.544119,88.392504,4.5411646395381515,11.0,1,1,Fast (<=20m),On Time
0xc27,VADRES02DEL01,Vadodara,22.0,18-24,4.6,4.2-4.6,Stormy,Low,1,Snack,Bicycle,1.0,No,8:20,8:25,8.0,Morning,5.0,0.0,0.0,0.01,0.01,,11.0,1,1,Fast (<=20m),On Time
0xc2aa,LUDHRES20DEL03,Ludhiana,21.0,18-24,4.8,4.7-5.0,Windy,Jam,0,Snack,Scooter,1.0,No,21:30,21:45,21.0,Late Night,15.0,30.885915,75.788259,31.025915,75.928259,20.507615107219372,31.0,1,0,Slow (>30m),Over 30 Min
0xc2bc,ALHRES06DEL02,Allahabad,30.0,30-34,4.6,4.2-4.6,Cloudy,Low,0,Buffet,Scooter,1.0,No,9:25,9:30,9.0,Morning,5.0,0.0,0.0,0.02,0.02,,23.0,1,1,Standard (21-30m),On Time
0xc2bf,AURGRES17DEL01,Aurangabad,34.0,30-34,4.6,4.2-4.6,Stormy,Jam,1,Meal,Bicycle,1.0,No,19:60,20:15,20.0,Evening,15.0,19.876994,75.372353,19.946994,75.442353,10.683779932146216,28.0,1,1,Standard (21-30m),On Time
0xc2f0,LUDHRES08DEL01,Ludhiana,36.0,35-45,4.8,4.7-5.0,Stormy,Low,1,Meal,Scooter,1.0,No,8:15,8:25,8.0,Morning,10.0,30.899992,75.831338,30.909992,75.841338,1.4651607370464677,27.0,1,1,Standard (21-30m),On Time
0xc326,GOARES17DEL02,Goa,30.0,30-34,4.3,4.2-4.6,Sandstorms,Jam,0,Snack,Scooter,1.0,No,21:15,21:30,21.0,Late Night,15.0,15.496162,73.825364,15.576162,73.905364,12.352593102575257,35.0,1,0,Slow (>30m),Over 30 Min
0xc33f,DEHRES17DEL01,Dehradun,30.0,30-34,4.9,4.7-5.0,Sandstorms,Low,2,Drinks,Bicycle,1.0,No,23:50,23:55,23.0,Late Night,5.0,30.327968,78.046106,30.437968,78.156106,16.153811043410204,17.0,1,1,Fast (<=20m),On Time
0xc342,KNPRES15DEL01,Kanpur,29.0,25-29,5.0,4.7-5.0,Fog,High,2,Drinks,Bicycle,1.0,No,12:60,13:10,13.0,Afternoon,10.0,26.482419,80.320939,26.522419,80.360939,5.968802312433212,28.0,1,1,Standard (21-30m),On Time
0xc355,BHPRES20DEL01,Bhopal,39.0,35-45,4.1,Below 4.2,Windy,Medium,1,Drinks,Bicycle,0.0,No,18:10,18:15,18.0,Evening,5.0,23.235123,77.398886,23.305123,77.468886,10.569511520942473,38.0,1,0,Slow (>30m),Over 30 Min
0xc387,GOARES01DEL01,Goa,30.0,30-34,4.7,4.7-5.0,Windy,Medium,0,Snack,Scooter,1.0,No,,18:50,,Unknown,,15.576683,73.75575,15.646683,73.82575,10.806608125399414,42.0,1,0,Slow (>30m),Over 30 Min
0xc38b,BHPRES16DEL01,Bhopal,21.0,18-24,4.7,4.7-5.0,Cloudy,Low,2,Snack,Bicycle,0.0,No,23:35,23:50,23.0,Late Night,15.0,23.264015,77.408236,23.334015,77.478236,10.568461935265907,24.0,1,1,Standard (21-30m),On Time
0xc3a4,DEHRES09DEL01,Dehradun,32.0,30-34,4.8,4.7-5.0,Windy,Low,1,Buffet,Bicycle,1.0,No,8:50,9:05,8.0,Morning,15.0,30.332735,78.054222,30.342735,78.064222,1.4688183545008993,29.0,1,1,Standard (21-30m),On Time
0xc3a8,KNPRES19DEL03,Kanpur,25.0,25-29,4.8,4.7-5.0,Fog,Low,2,Drinks,Bicycle,1.0,No,22:10,22:15,22.0,Late Night,5.0,26.49095,80.318656,26.55095,80.378656,8.952560970254542,14.0,1,1,Fast (<=20m),On Time
0xc3ab,AGRRES04DEL02,Agra,30.0,30-34,4.9,4.7-5.0,Sandstorms,Jam,2,Buffet,Scooter,1.0,No,19:40,19:45,19.0,Evening,5.0,27.195928,77.998092,27.325928,78.128092,19.341010267840677,27.0,1,1,Standard (21-30m),On Time
0xc3c5,BHPRES03DEL03,Bhopal,36.0,35-45,4.6,4.2-4.6,Sandstorms,Medium,2,Buffet,Motorcycle,1.0,No,17:55,18:05,17.0,Evening,10.0,23.214294,77.435361,23.274294,77.495361,9.060384886146574,31.0,1,0,Slow (>30m),Over 30 Min
0xc3d0,BHPRES16DEL03,Bhopal,34.0,30-34,4.6,4.2-4.6,Sandstorms,Low,2,Meal,Bicycle,0.0,No,22:30,22:45,22.0,Late Night,15.0,23.264015,77.408236,23.324015,77.468236,9.058837534774208,27.0,1,1,Standard (21-30m),On Time
0xc3ed,ALHRES12DEL02,Allahabad,23.0,18-24,4.7,4.7-5.0,Fog,Jam,1,Buffet,Scooter,1.0,No,21:30,21:45,21.0,Late Night,15.0,25.443994,81.860187,25.573994,81.990187,19.47206017377157,33.0,1,0,Slow (>30m),Over 30 Min
0xc418,GOARES14DEL03,Goa,20.0,18-24,4.7,4.7-5.0,Cloudy,Low,1,Snack,Scooter,0.0,No,22:45,22:55,22.0,Late Night,10.0,15.157944,73.950889,15.217944,74.010889,9.271901196353268,11.0,1,1,Fast (<=20m),On Time
0xc423,KNPRES18DEL02,Kanpur,39.0,35-45,4.8,4.7-5.0,Fog,Low,1,Meal,Scooter,1.0,No,10:55,11:10,10.0,Morning,15.0,26.474133,80.3481,26.494133,80.3681,2.9846123481393847,18.0,1,1,Fast (<=20m),On Time
0xc43f,ALHRES010DEL01,Allahabad,23.0,18-24,4.9,4.7-5.0,Sunny,Medium,2,Buffet,Motorcycle,1.0,No,18:25,18:35,18.0,Evening,10.0,0.0,0.0,0.07,0.07,,19.0,1,1,Fast (<=20m),On Time
0xc444,DEHRES01DEL01,Dehradun,30.0,30-34,4.8,4.7-5.0,Windy,Low,1,Snack,Scooter,1.0,No,23:40,23:55,23.0,Late Night,15.0,0.0,0.0,0.11,0.11,,25.0,1,1,Standard (21-30m),On Time
0xc460,DEHRES07DEL02,Dehradun,34.0,30-34,3.3,Below 4.2,Sunny,Low,0,Meal,Scooter,1.0,No,22:50,22:60,22.0,Late Night,10.0,30.362686,78.06889,30.492686,78.19889,19.08713717836287,32.0,1,0,Slow (>30m),Over 30 Min
0xc46c,ALHRES14DEL01,Allahabad,34.0,30-34,5.0,4.7-5.0,Sunny,Medium,2,Drinks,Scooter,1.0,No,18:35,18:40,18.0,Evening,5.0,25.459775,81.834841,25.569775,81.944841,16.4760033283182,25.0,1,1,Standard (21-30m),On Time
0xc47c,LUDHRES03DEL01,Ludhiana,31.0,30-34,5.0,4.7-5.0,Stormy,Jam,0,Buffet,Scooter,0.0,No,19:45,19:55,19.0,Evening,10.0,30.88722,75.804893,30.95722,75.874893,10.255341616965916,36.0,1,0,Slow (>30m),Over 30 Min
0xc49,SURRES13DEL02,Surat,22.0,18-24,3.8,Below 4.2,Sunny,Jam,0,Snack,Scooter,1.0,No,19:30,19:35,19.0,Evening,5.0,21.170096,72.789122,21.220096,72.839122,7.601396232646088,40.0,1,0,Slow (>30m),Over 30 Min
0xc4bb,KNPRES02DEL03,Kanpur,30.0,30-34,4.6,4.2-4.6,Cloudy,Low,2,Drinks,Motorcycle,1.0,No,23:30,23:40,23.0,Late Night,10.0,26.471617,80.313564,26.561617,80.403564,13.42906611861199,26.0,1,1,Standard (21-30m),On Time
0xc4df,KOCRES14DEL03,Kochi,32.0,30-34,4.6,4.2-4.6,Windy,Medium,0,Buffet,Scooter,1.0,No,17:20,17:25,17.0,Evening,5.0,10.027014,76.308053,10.087014,76.368053,9.363007266269289,36.0,1,0,Slow (>30m),Over 30 Min
0xc4e,PUNERES17DEL03,Pune,21.0,18-24,4.6,4.2-4.6,Sunny,Jam,2,Snack,Scooter,0.0,No,19:25,19:35,19.0,Evening,10.0,18.530963,73.828972,18.590963,73.888972,9.193106660745114,17.0,1,1,Fast (<=20m),On Time
0xc511,DEHRES06DEL02,Dehradun,26.0,25-29,4.7,4.7-5.0,Fog,Medium,2,Snack,Bicycle,0.0,No,17:10,17:15,17.0,Evening,5.0,30.361281,78.068022,30.441281,78.148022,11.74728751002804,35.0,1,0,Slow (>30m),Over 30 Min
0xc514,AGRRES11DEL01,Agra,38.0,35-45,4.7,4.7-5.0,Windy,Low,2,Buffet,Bicycle,1.0,No,22:15,22:20,22.0,Late Night,5.0,27.163303,78.057044,27.233303,78.127044,10.416978212844837,28.0,1,1,Standard (21-30m),On Time
0xc51d,BHPRES19DEL01,Bhopal,34.0,30-34,4.2,4.2-4.6,Fog,High,2,Meal,Motorcycle,0.0,No,12:15,12:20,12.0,Afternoon,5.0,0.0,0.0,0.04,0.04,,37.0,1,0,Slow (>30m),Over 30 Min
0xc51e,DEHRES17DEL01,Dehradun,38.0,35-45,4.9,4.7-5.0,Cloudy,Medium,1,Meal,Bicycle,1.0,No,15:35,15:40,15.0,Afternoon,5.0,30.327968,78.046106,30.367968,78.086106,5.875011120717247,18.0,1,1,Fast (<=20m),On Time
0xc53b,LUDHRES09DEL01,Ludhiana,35.0,35-45,4.1,Below 4.2,Cloudy,Low,2,Meal,Scooter,1.0,No,22:60,23:05,23.0,Late Night,5.0,30.885814,75.786976,30.955814,75.856976,10.255405524019244,36.0,1,0,Slow (>30m),Over 30 Min
0xc54a,LUDHRES08DEL03,Ludhiana,29.0,25-29,4.7,4.7-5.0,Stormy,Medium,2,Buffet,Bicycle,1.0,No,18:55,19:05,18.0,Evening,10.0,30.899992,75.831338,30.929992,75.861338,4.395287419864755,28.0,1,1,Standard (21-30m),On Time
0xc552,GOARES09DEL01,Goa,35.0,35-45,4.6,4.2-4.6,Sandstorms,Low,0,Snack,Scooter,0.0,No,22:15,22:20,22.0,Late Night,5.0,15.303897,73.914336,15.373897,73.984336,10.813469691055852,26.0,1,1,Standard (21-30m),On Time
0xc57a,DEHRES05DEL02,Dehradun,37.0,35-45,4.2,4.2-4.6,Fog,Jam,1,Snack,Scooter,1.0,No,19:30,19:45,19.0,Evening,15.0,30.346994,78.062543,30.426994,78.142543,11.748020527547473,45.0,1,0,Slow (>30m),Over 30 Min
0xc57f,GOARES09DEL02,Goa,39.0,35-45,4.9,4.7-5.0,Windy,Low,2,Snack,Bicycle,0.0,No,23:25,23:35,23.0,Late Night,10.0,15.303897,73.914336,15.353897,73.964336,7.724085199223488,24.0,1,1,Standard (21-30m),On Time
0xc585,AGRRES12DEL01,Agra,26.0,25-29,4.9,4.7-5.0,Cloudy,Low,2,Drinks,Bicycle,0.0,No,9:10,9:20,9.0,Morning,10.0,27.165108,78.015053,27.175108,78.025053,1.4883059729592818,10.0,1,1,Fast (<=20m),On Time
0xc599,BHPRES14DEL01,Bhopal,29.0,25-29,4.8,4.7-5.0,Sandstorms,Jam,0,Snack,Scooter,1.0,No,19:45,19:60,19.0,Evening,15.0,0.0,0.0,0.07,0.07,,30.0,1,1,Standard (21-30m),On Time
0xc59a,LUDHRES12DEL03,Ludhiana,26.0,25-29,4.6,4.2-4.6,Sunny,Medium,0,Meal,Scooter,1.0,No,17:35,17:45,17.0,Evening,10.0,30.893244,75.821817,30.983244,75.911817,13.184502063951694,29.0,1,1,Standard (21-30m),On Time
0xc5d1,KOCRES05DEL03,Kochi,24.0,18-24,5.0,4.7-5.0,Sandstorms,Jam,1,Buffet,Bicycle,0.0,No,21:40,21:50,21.0,Late Night,10.0,9.970717,76.285447,10.060717,76.375447,14.04539244872463,18.0,1,1,Fast (<=20m),On Time
0xc5dd,AURGRES06DEL01,Aurangabad,22.0,18-24,4.4,4.2-4.6,Fog,Medium,1,Snack,Scooter,0.0,No,17:15,17:25,17.0,Evening,10.0,19.874449,75.360232,19.984449,75.470232,16.78792629452557,39.0,1,0,Slow (>30m),Over 30 Min
0xc5f1,KOLRES12DEL01,Kolkata,24.0,18-24,4.7,4.7-5.0,Stormy,Jam,2,Drinks,Motorcycle,1.0,No,20:40,20:45,20.0,Evening,5.0,22.551084,88.354127,22.621084,88.424127,10.594036334686415,19.0,1,1,Fast (<=20m),On Time
0xc60f,AURGRES15DEL02,Aurangabad,33.0,30-34,4.3,4.2-4.6,Cloudy,Jam,2,Drinks,Motorcycle,0.0,No,19:10,19:15,19.0,Evening,5.0,19.878028,75.317475,20.008028,75.447475,19.839475567293647,41.0,1,0,Slow (>30m),Over 30 Min
0xc649,KOLRES13DEL03,Kolkata,22.0,18-24,4.9,4.7-5.0,Fog,Jam,1,Meal,Scooter,1.0,No,20:35,20:45,20.0,Evening,10.0,22.553227,88.353273,22.613227,88.413273,9.080689359575919,25.0,1,1,Standard (21-30m),On Time
0xc65f,KOLRES09DEL02,Kolkata,39.0,35-45,4.9,4.7-5.0,Stormy,Medium,1,Snack,Scooter,0.0,No,18:35,18:45,18.0,Evening,10.0,22.515082,88.36783,22.565082,88.41783,7.568330991518798,32.0,1,0,Slow (>30m),Over 30 Min
0xc669,LUDHRES15DEL01,Ludhiana,25.0,25-29,4.9,4.7-5.0,Sandstorms,Jam,1,Buffet,Scooter,1.0,No,19:60,20:15,20.0,Evening,15.0,30.899584,75.809346,30.969584,75.879346,10.25477954547582,28.0,1,1,Standard (21-30m),On Time
0xc676,DEHRES03DEL01,Dehradun,29.0,25-29,4.6,4.2-4.6,Sunny,Medium,0,Snack,Scooter,1.0,No,16:35,16:40,16.0,Afternoon,5.0,30.335259,78.053162,30.375259,78.093162,5.874824272670153,21.0,1,1,Standard (21-30m),On Time
0xc686,KOLRES12DEL02,Kolkata,31.0,30-34,4.5,4.2-4.6,Fog,Low,1,Buffet,Bicycle,0.0,No,9:20,9:35,9.0,Morning,15.0,22.551084,88.354127,22.571084,88.374127,3.027120356420833,16.0,1,1,Fast (<=20m),On Time
0xc68b,DEHRES13DEL03,Dehradun,23.0,18-24,4.9,4.7-5.0,Cloudy,Jam,1,Buffet,Bicycle,0.0,No,19:10,19:15,19.0,Evening,5.0,30.366322,78.070453,30.396322,78.100453,4.405617101063239,26.0,1,1,Standard (21-30m),On Time
0xc697,KNPRES18DEL02,Kanpur,35.0,35-45,5.0,4.7-5.0,Stormy,Low,1,Drinks,Scooter,1.0,No,10:10,10:25,10.0,Morning,15.0,26.474133,80.3481,26.494133,80.3681,2.9846123481393847,27.0,1,1,Standard (21-30m),On Time
0xc6a6,BHPRES08DEL03,Bhopal,28.0,25-29,4.6,4.2-4.6,Sandstorms,Low,2,Snack,Bicycle,0.0,Unknown,23:35,23:45,23.0,Late Night,10.0,23.232537,77.429845,23.292537,77.489845,9.059817477872468,11.0,1,1,Fast (<=20m),On Time
0xc6c,RANCHIRES06DEL02,Ranchi,36.0,35-45,4.8,4.7-5.0,Fog,Jam,1,Drinks,Scooter,1.0,No,20:40,20:55,20.0,Evening,15.0,23.357804,85.325146,23.407804,85.375146,7.546722898575748,25.0,1,1,Standard (21-30m),On Time
0xc6c6,LUDHRES02DEL01,Ludhiana,39.0,35-45,4.7,4.7-5.0,Sunny,High,2,Meal,Bicycle,1.0,No,12:45,12:60,12.0,Afternoon,15.0,0.0,0.0,0.04,0.04,,19.0,1,1,Fast (<=20m),On Time
0xc6fe,KOLRES01DEL03,Kolkata,38.0,35-45,4.8,4.7-5.0,Sunny,Medium,2,Buffet,Motorcycle,0.0,No,17:10,17:15,17.0,Evening,5.0,22.514688,88.393294,22.574688,88.453294,9.081857586469127,22.0,1,1,Standard (21-30m),On Time
0xc718,AURGRES05DEL03,Aurangabad,37.0,35-45,4.1,Below 4.2,Sandstorms,Low,0,Buffet,Scooter,1.0,No,23:20,23:35,23.0,Late Night,15.0,19.875522,75.367127,19.905522,75.397127,4.5790544996334726,26.0,1,1,Standard (21-30m),On Time
0xc72d,AURGRES01DEL01,Aurangabad,26.0,25-29,4.6,4.2-4.6,Fog,High,1,Buffet,Scooter,0.0,No,11:30,11:35,11.0,Morning,5.0,19.876219,75.346017,19.886219,75.356017,1.5263935813976723,22.0,1,1,Standard (21-30m),On Time
0xc746,KNPRES19DEL01,Kanpur,32.0,30-34,4.8,4.7-5.0,Windy,Medium,0,Drinks,Scooter,1.0,No,18:25,18:30,18.0,Evening,5.0,26.49095,80.318656,26.60095,80.428656,16.4114372433902,31.0,1,0,Slow (>30m),Over 30 Min
0xc75d,AURGRES18DEL02,Aurangabad,39.0,35-45,4.8,4.7-5.0,Sandstorms,Low,2,Drinks,Scooter,1.0,No,22:40,22:55,22.0,Late Night,15.0,19.888716,75.321461,19.938716,75.371461,7.631232560969353,22.0,1,1,Standard (21-30m),On Time
0xc779,KOCRES07DEL03,Kochi,21.0,18-24,4.6,4.2-4.6,Windy,Low,2,Snack,Bicycle,0.0,No,23:20,23:30,23.0,Late Night,10.0,9.985697,76.281128,10.075697,76.371128,14.045072924544257,11.0,1,1,Fast (<=20m),On Time
0xc77b,DEHRES20DEL03,Dehradun,25.0,25-29,4.9,4.7-5.0,Sandstorms,Low,1,Snack,Bicycle,1.0,No,22:15,22:25,22.0,Late Night,10.0,0.0,0.0,0.09,0.09,,16.0,1,1,Fast (<=20m),On Time
0xc7ed,KNPRES20DEL03,Kanpur,30.0,30-34,4.7,4.7-5.0,Windy,Jam,1,Drinks,Bicycle,1.0,No,,19:25,,Unknown,,26.47,80.35,26.61,80.49,20.88776370586947,18.0,1,1,Fast (<=20m),On Time
0xc7fa,KOLRES03DEL02,Kolkata,30.0,30-34,4.7,4.7-5.0,Sunny,Medium,2,Drinks,Motorcycle,1.0,No,,18:35,,Unknown,,22.526461,88.364453,22.606461,88.444453,12.10826339755211,15.0,1,1,Fast (<=20m),On Time
0xc820,DEHRES04DEL01,Dehradun,32.0,30-34,4.0,Below 4.2,Fog,Jam,2,Meal,Motorcycle,1.0,No,20:30,20:40,20.0,Evening,10.0,30.340722,78.060221,30.410722,78.130221,10.280024035126372,42.0,1,0,Slow (>30m),Over 30 Min
0xc82e,AGRRES11DEL02,Agra,32.0,30-34,4.2,4.2-4.6,Windy,Low,0,Snack,Scooter,0.0,No,8:10,8:15,8.0,Morning,5.0,27.163303,78.057044,27.183303,78.077044,2.9765742944135742,33.0,1,0,Slow (>30m),Over 30 Min
0xc848,BHPRES15DEL03,Bhopal,27.0,25-29,4.3,4.2-4.6,Sandstorms,Jam,0,Snack,Scooter,1.0,No,21:45,21:50,21.0,Late Night,5.0,23.234249,77.434007,23.264249,77.464007,4.530115526100027,35.0,1,0,Slow (>30m),Over 30 Min
0xc84a,AURGRES19DEL02,Aurangabad,28.0,25-29,4.7,4.7-5.0,Windy,Low,1,Meal,Bicycle,0.0,No,10:25,10:30,10.0,Morning,5.0,19.866969,75.318894,19.886969,75.338894,3.052825582052013,18.0,1,1,Fast (<=20m),On Time
0xc853,KOLRES01DEL03,Kolkata,30.0,30-34,4.1,Below 4.2,Cloudy,Jam,1,Drinks,Bicycle,1.0,No,20:30,20:35,20.0,Evening,5.0,22.514688,88.393294,22.544688,88.423294,4.541156026889703,34.0,1,0,Slow (>30m),Over 30 Min
0xc86,BANGRES12DEL02,Bengaluru,37.0,35-45,4.9,4.7-5.0,Fog,Medium,2,Meal,Bicycle,1.0,No,18:25,18:30,18.0,Evening,5.0,12.939496,77.625999,12.989496,77.675999,7.763113507581405,18.0,1,1,Fast (<=20m),On Time
0xc86d,BHPRES12DEL02,Bhopal,33.0,30-34,4.4,4.2-4.6,Cloudy,Jam,1,Snack,Scooter,1.0,No,21:55,21:60,21.0,Late Night,5.0,0.0,0.0,0.05,0.05,,31.0,1,0,Slow (>30m),Over 30 Min
0xc874,GOARES08DEL02,Goa,38.0,35-45,4.8,4.7-5.0,Fog,Low,1,Drinks,Bicycle,1.0,No,9:55,9:60,9.0,Morning,5.0,15.556561,73.763633,15.576561,73.783633,3.0879289469279043,17.0,1,1,Fast (<=20m),On Time
0xc88e,KOCRES010DEL01,Kochi,30.0,30-34,4.8,4.7-5.0,Sunny,Low,1,Drinks,Scooter,1.0,No,22:40,22:45,22.0,Late Night,5.0,10.035573,76.336958,10.145573,76.446958,17.16463311034581,28.0,1,1,Standard (21-30m),On Time
0xc89c,BHPRES04DEL01,Bhopal,35.0,35-45,4.6,4.2-4.6,Cloudy,Medium,0,Meal,Scooter,1.0,No,18:30,18:40,18.0,Evening,10.0,23.184992,77.417227,23.294992,77.527227,16.610949429270196,36.0,1,0,Slow (>30m),Over 30 Min
0xc8b3,AGRRES14DEL02,Agra,29.0,25-29,4.7,4.7-5.0,Cloudy,High,1,Drinks,Scooter,1.0,No,11:15,11:20,11.0,Morning,5.0,27.16185,78.040165,27.18185,78.060165,2.9765914131840026,24.0,1,1,Standard (21-30m),On Time
0xc8ef,GOARES15DEL03,Goa,39.0,35-45,4.8,4.7-5.0,Sunny,Low,1,Snack,Bicycle,1.0,No,22:45,22:60,22.0,Late Night,15.0,15.51315,73.78346,15.54315,73.81346,4.632309284261813,19.0,1,1,Fast (<=20m),On Time
0xc8f3,KNPRES12DEL03,Kanpur,34.0,30-34,5.0,4.7-5.0,Stormy,Low,2,Meal,Scooter,0.0,No,23:15,23:30,23.0,Late Night,15.0,26.492106,80.327797,26.582106,80.417797,13.428000378976433,25.0,1,1,Standard (21-30m),On Time
0xc918,AURGRES14DEL03,Aurangabad,28.0,25-29,5.0,4.7-5.0,Windy,Low,0,Snack,Scooter,0.0,No,22:35,22:45,22.0,Late Night,10.0,19.875016,75.322405,19.965016,75.412405,13.735961149288327,15.0,1,1,Fast (<=20m),On Time
0xc91a,AURGRES18DEL03,Aurangabad,33.0,30-34,3.9,Below 4.2,Sandstorms,Jam,1,Meal,Bicycle,1.0,No,21:50,21:60,21.0,Late Night,10.0,19.888716,75.321461,19.978716,75.411461,13.735402528748516,43.0,1,0,Slow (>30m),Over 30 Min
0xc920,ALHRES13DEL01,Allahabad,35.0,35-45,4.6,4.2-4.6,Windy,Medium,0,Snack,Scooter,1.0,No,17:50,17:60,17.0,Evening,10.0,25.451646,81.832796,25.561646,81.942796,16.476504073659008,31.0,1,0,Slow (>30m),Over 30 Min
0xc94f,AGRRES03DEL01,Agra,23.0,18-24,4.4,4.2-4.6,Fog,High,1,Buffet,Scooter,1.0,No,14:60,15:15,15.0,Afternoon,15.0,27.160832,78.011608,27.200832,78.051608,5.952971077192147,34.0,1,0,Slow (>30m),Over 30 Min
0xc96,COIMBRES13DEL03,Coimbatore,35.0,35-45,5.0,4.7-5.0,Cloudy,Jam,0,Meal,Scooter,1.0,No,19:55,20:10,19.0,Evening,15.0,11.003669,76.976494,11.063669,77.036494,9.348416435227227,33.0,1,0,Slow (>30m),Over 30 Min
0xc97c,KNPRES14DEL02,Kanpur,21.0,18-24,4.7,4.7-5.0,Fog,Low,1,Meal,Bicycle,0.0,No,10:35,10:40,10.0,Morning,5.0,26.463504,80.372929,26.483504,80.392929,2.9847350300483106,11.0,1,1,Fast (<=20m),On Time
0xc992,ALHRES05DEL02,Allahabad,26.0,25-29,4.8,4.7-5.0,Fog,Jam,0,Snack,Scooter,0.0,No,20:50,20:55,20.0,Evening,5.0,25.457687,81.835585,25.507687,81.885585,7.489991304601398,23.0,1,1,Standard (21-30m),On Time
0xc9a5,ALHRES17DEL02,Allahabad,25.0,25-29,4.9,4.7-5.0,Fog,High,0,Snack,Scooter,1.0,No,11:55,11:60,11.0,Morning,5.0,25.45235,81.841889,25.47235,81.861889,2.996224084101443,26.0,1,1,Standard (21-30m),On Time
0xc9bb,LUDHRES08DEL01,Ludhiana,26.0,25-29,4.8,4.7-5.0,Cloudy,Low,0,Drinks,Scooter,0.0,No,9:60,10:05,10.0,Morning,5.0,30.899992,75.831338,30.909992,75.841338,1.4651607370464677,21.0,1,1,Standard (21-30m),On Time
0xc9f6,KOLRES06DEL02,Kolkata,31.0,30-34,4.0,Below 4.2,Windy,Jam,0,Meal,Scooter,2.0,No,20:10,20:25,20.0,Evening,15.0,22.533662,88.366217,22.613662,88.446217,12.107972286044292,44.0,1,0,Slow (>30m),Over 30 Min
0xca0e,KOLRES01DEL03,Kolkata,20.0,18-24,4.7,4.7-5.0,Sandstorms,Low,1,Drinks,Scooter,1.0,No,23:50,24:05,23.0,Late Night,15.0,22.514688,88.393294,22.604688,88.483294,13.62210405011633,19.0,1,1,Fast (<=20m),On Time
0xca1,HYDRES19DEL01,Hyderabad,20.0,18-24,4.7,4.7-5.0,Sunny,Medium,2,Meal,Bicycle,1.0,No,15:30,15:45,15.0,Afternoon,15.0,17.458998,78.500366,17.498998,78.540366,6.146642136052642,10.0,1,1,Fast (<=20m),On Time
0xca22,KOCRES18DEL01,Kochi,27.0,25-29,5.0,4.7-5.0,Stormy,Medium,0,Drinks,Scooter,1.0,No,15:45,15:60,15.0,Afternoon,15.0,9.957144,76.296783,9.997144,76.336783,6.242761649887263,17.0,1,1,Fast (<=20m),On Time
0xca32,KOCRES13DEL01,Kochi,22.0,18-24,4.8,4.7-5.0,Windy,Medium,2,Snack,Bicycle,1.0,No,15:10,15:25,15.0,Afternoon,15.0,9.991703,76.293136,10.031703,76.333136,6.242434946489261,21.0,1,1,Standard (21-30m),On Time
0xca40,LUDHRES20DEL02,Ludhiana,36.0,35-45,4.6,4.2-4.6,Sandstorms,Jam,1,Meal,Bicycle,1.0,No,19:40,19:55,19.0,Evening,15.0,30.885915,75.788259,31.015915,75.918259,19.04320848074464,29.0,1,1,Standard (21-30m),On Time
0xca4b,BHPRES08DEL02,Bhopal,32.0,30-34,4.9,4.7-5.0,Windy,Medium,2,Meal,Scooter,0.0,No,17:10,17:15,17.0,Evening,5.0,23.232537,77.429845,23.282537,77.479845,7.549977607075149,27.0,1,1,Standard (21-30m),On Time
0xca59,KOCRES15DEL02,Kochi,24.0,18-24,4.9,4.7-5.0,Sunny,Jam,2,Snack,Bicycle,1.0,No,20:45,20:60,20.0,Evening,15.0,10.027364,76.308258,10.157364,76.438258,20.285419262435727,22.0,1,1,Standard (21-30m),On Time
0xca61,AGRRES07DEL02,Agra,38.0,35-45,4.5,4.2-4.6,Fog,Jam,2,Meal,Bicycle,1.0,No,21:55,21:60,21.0,Late Night,5.0,27.160934,78.044095,27.210934,78.094095,7.441063449046292,27.0,1,1,Standard (21-30m),On Time
0xca66,KOLRES05DEL02,Kolkata,22.0,18-24,4.8,4.7-5.0,Windy,Low,1,Drinks,Scooter,0.0,No,8:50,9:05,8.0,Morning,15.0,22.527893,88.368628,22.547893,88.388628,3.027354555635383,19.0,1,1,Fast (<=20m),On Time
0xca6c,AURGRES14DEL02,Aurangabad,21.0,18-24,5.0,4.7-5.0,Cloudy,Low,0,Drinks,Scooter,1.0,No,23:45,23:55,23.0,Late Night,10.0,19.875016,75.322405,19.955016,75.402405,12.209924577761376,20.0,1,1,Fast (<=20m),On Time
0xca74,AGRRES09DEL01,Agra,30.0,30-34,4.5,4.2-4.6,Stormy,Low,1,Drinks,Scooter,1.0,No,8:50,9:05,8.0,Morning,15.0,0.0,0.0,0.01,0.01,,26.0,1,1,Standard (21-30m),On Time
0xca87,KOLRES010DEL01,Kolkata,25.0,25-29,4.8,4.7-5.0,Stormy,High,2,Meal,Scooter,0.0,No,11:10,11:25,11.0,Morning,15.0,22.538999,88.322337,22.548999,88.332337,1.513646460906772,20.0,1,1,Fast (<=20m),On Time
0xcaa3,AURGRES17DEL03,Aurangabad,32.0,30-34,3.6,Below 4.2,Cloudy,Low,2,Snack,Bicycle,1.0,No,23:20,23:35,23.0,Late Night,15.0,19.876994,75.372353,19.966994,75.462353,13.735880517068516,38.0,1,0,Slow (>30m),Over 30 Min
0xcac7,KOCRES16DEL01,Kochi,25.0,25-29,4.6,4.2-4.6,Sunny,Jam,0,Drinks,Scooter,1.0,No,21:20,21:30,21.0,Late Night,10.0,10.003064,76.307589,10.073064,76.377589,10.923823502025853,19.0,1,1,Fast (<=20m),On Time
0xcacc,AURGRES16DEL01,Aurangabad,22.0,18-24,4.8,4.7-5.0,Stormy,Medium,0,Snack,Scooter,1.0,No,17:25,17:30,17.0,Evening,5.0,0.0,0.0,0.11,0.11,,23.0,1,1,Standard (21-30m),On Time
0xcafe_x,ALHRES13DEL02,Allahabad,32.0,30-34,4.8,4.7-5.0,Stormy,Low,2,Buffet,Bicycle,1.0,No,22:15,22:25,22.0,Late Night,10.0,25.451646,81.832796,25.581646,81.962796,19.471503071558466,29.0,1,1,Standard (21-30m),On Time
0xcafe_y,ALHRES13DEL02,Allahabad,32.0,30-34,4.8,4.7-5.0,Stormy,Low,2,Buffet,Bicycle,1.0,No,22:15,22:25,22.0,Late Night,10.0,25.451646,81.832796,25.581646,81.962796,19.471503071558466,29.0,1,1,Standard (21-30m),On Time
0xcb1d,AGRRES12DEL02,Agra,35.0,35-45,5.0,4.7-5.0,Sandstorms,Low,2,Snack,Scooter,0.0,No,23:25,23:40,23.0,Late Night,15.0,27.165108,78.015053,27.215108,78.065053,7.440940452216367,28.0,1,1,Standard (21-30m),On Time
0xcb2a,AGRRES02DEL01,Agra,35.0,35-45,4.3,4.2-4.6,Sandstorms,High,0,Drinks,Scooter,1.0,No,11:25,11:40,11.0,Morning,15.0,0.0,0.0,0.01,0.01,,43.0,1,0,Slow (>30m),Over 30 Min
0xcb34,ALHRES05DEL02,Allahabad,20.0,18-24,5.0,4.7-5.0,Sunny,Jam,1,Meal,Bicycle,1.0,No,20:50,20:60,20.0,Evening,10.0,25.457687,81.835585,25.537687,81.915585,11.983314033151604,14.0,1,1,Fast (<=20m),On Time
0xcb37,ALHRES18DEL02,Allahabad,39.0,35-45,5.0,4.7-5.0,Cloudy,Jam,1,Meal,Bicycle,0.0,No,19:60,20:05,20.0,Evening,5.0,25.450317,81.831681,25.500317,81.881681,7.490197454639946,38.0,1,0,Slow (>30m),Over 30 Min
0xcb46,KNPRES19DEL02,Kanpur,24.0,18-24,4.3,4.2-4.6,Fog,Jam,1,Drinks,Scooter,1.0,No,20:25,20:35,20.0,Evening,10.0,26.49095,80.318656,26.62095,80.448656,19.394582024157618,40.0,1,0,Slow (>30m),Over 30 Min
0xcb52,AURGRES15DEL03,Aurangabad,21.0,18-24,4.4,4.2-4.6,Sandstorms,Low,0,Snack,Scooter,1.0,No,22:55,23:05,22.0,Late Night,10.0,19.878028,75.317475,19.908028,75.347475,4.579020492296185,27.0,1,1,Standard (21-30m),On Time
0xcb7,INDORES01DEL02,Indore,24.0,18-24,4.8,4.7-5.0,Stormy,Medium,0,Snack,Scooter,1.0,No,18:50,18:55,18.0,Evening,5.0,22.695207,75.866059,22.745207,75.916059,7.563769449479279,28.0,1,1,Standard (21-30m),On Time
0xcb99,GOARES05DEL02,Goa,37.0,35-45,4.7,4.7-5.0,Fog,Low,1,Drinks,Bicycle,0.0,No,22:55,23:10,22.0,Late Night,15.0,0.0,0.0,0.05,0.05,,15.0,1,1,Fast (<=20m),On Time
0xcba3,ALHRES13DEL01,Allahabad,22.0,18-24,4.6,4.2-4.6,Fog,Jam,1,Meal,Scooter,1.0,No,21:30,21:40,21.0,Late Night,10.0,25.451646,81.832796,25.561646,81.942796,16.476504073659008,33.0,1,0,Slow (>30m),Over 30 Min
0xcba5,DEHRES08DEL03,Dehradun,36.0,35-45,4.4,4.2-4.6,Fog,Jam,2,Snack,Bicycle,1.0,No,21:50,21:60,21.0,Late Night,10.0,30.359722,78.067079,30.499722,78.207079,20.555194854976907,44.0,1,0,Slow (>30m),Over 30 Min
0xcbb4,ALHRES17DEL03,Allahabad,37.0,35-45,4.8,4.7-5.0,Cloudy,Medium,0,Snack,Scooter,1.0,No,17:60,18:15,18.0,Evening,15.0,25.45235,81.841889,25.48235,81.871889,4.494252225798989,32.0,1,0,Slow (>30m),Over 30 Min
0xcbc3,ALHRES12DEL02,Allahabad,27.0,25-29,4.5,4.2-4.6,Windy,Low,0,Meal,Scooter,0.0,No,23:45,23:60,23.0,Late Night,15.0,25.443994,81.860187,25.523994,81.940187,11.983927088020256,18.0,1,1,Fast (<=20m),On Time
0xcbcc,DEHRES010DEL01,Dehradun,20.0,18-24,4.9,4.7-5.0,Sandstorms,Low,2,Drinks,Motorcycle,0.0,No,22:25,22:30,22.0,Late Night,5.0,30.328174,78.049117,30.398174,78.119117,10.280587023618555,15.0,1,1,Fast (<=20m),On Time
0xcbd5,GOARES20DEL02,Goa,21.0,18-24,4.9,4.7-5.0,Sunny,Jam,1,Drinks,Scooter,0.0,No,20:40,20:45,20.0,Evening,5.0,0.0,0.0,0.05,0.05,,13.0,1,1,Fast (<=20m),On Time
0xcc07,KOCRES11DEL02,Kochi,24.0,18-24,4.9,4.7-5.0,Sunny,Medium,0,Buffet,Scooter,1.0,No,18:55,19:05,18.0,Evening,10.0,10.006881,76.345397,10.086881,76.425397,12.48420210136625,20.0,1,1,Fast (<=20m),On Time
0xcc0e,AURGRES08DEL02,Aurangabad,37.0,35-45,5.0,4.7-5.0,Windy,Low,1,Drinks,Bicycle,1.0,No,8:60,9:10,9.0,Morning,10.0,19.876428,75.364792,19.896428,75.384792,3.052740046035288,29.0,1,1,Standard (21-30m),On Time
0xcc1,HYDRES04DEL01,Hyderabad,22.0,18-24,4.8,4.7-5.0,Fog,High,1,Buffet,Scooter,0.0,No,11:10,11:15,11.0,Morning,5.0,17.411028,78.329645,17.421028,78.339645,1.5369134780074378,22.0,1,1,Standard (21-30m),On Time
0xcc4f,DEHRES01DEL02,Dehradun,39.0,35-45,4.8,4.7-5.0,Cloudy,Medium,0,Buffet,Scooter,1.0,Yes,17:15,17:25,17.0,Evening,10.0,0.0,0.0,0.08,0.08,,47.0,1,0,Slow (>30m),Over 30 Min
0xcc5,PUNERES20DEL03,Pune,31.0,30-34,4.9,4.7-5.0,Sunny,Medium,1,Snack,Scooter,1.0,No,17:55,17:60,17.0,Evening,5.0,18.592718,73.773572,18.682718,73.863572,13.78671803171344,20.0,1,1,Fast (<=20m),On Time
0xcc93,LUDHRES09DEL01,Ludhiana,31.0,30-34,3.8,Below 4.2,Fog,Low,1,Buffet,Scooter,2.0,No,22:55,23:10,22.0,Late Night,15.0,30.885814,75.786976,30.995814,75.896976,16.114206957248708,35.0,1,0,Slow (>30m),Over 30 Min
0xccbc,GOARES17DEL01,Goa,32.0,30-34,4.1,Below 4.2,Stormy,Jam,0,Drinks,Scooter,1.0,No,20:40,20:50,20.0,Evening,10.0,15.496162,73.825364,15.566162,73.895364,10.808645306725522,38.0,1,0,Slow (>30m),Over 30 Min
0xccf,PUNERES18DEL02,Pune,29.0,25-29,5.0,4.7-5.0,Sunny,Jam,2,Buffet,Scooter,0.0,No,20:35,20:50,20.0,Evening,15.0,18.593481,73.785901,18.673481,73.865901,12.255005238386401,23.0,1,1,Standard (21-30m),On Time
0xccf2,AGRRES12DEL03,Agra,21.0,18-24,4.8,4.7-5.0,Stormy,Jam,2,Snack,Bicycle,1.0,No,21:20,21:25,21.0,Late Night,5.0,27.165108,78.015053,27.225108,78.075053,8.928951604726905,24.0,1,1,Standard (21-30m),On Time
0xcd10,BHPRES06DEL01,Bhopal,25.0,25-29,4.9,4.7-5.0,Sandstorms,Low,1,Buffet,Scooter,0.0,No,23:45,23:50,23.0,Late Night,5.0,23.232357,77.429989,23.302357,77.499989,10.569611945878036,14.0,1,1,Fast (<=20m),On Time
0xcd16,LUDHRES010DEL02,Ludhiana,21.0,18-24,4.6,4.2-4.6,Fog,Jam,1,Meal,Bicycle,1.0,No,19:30,19:40,19.0,Evening,10.0,30.89286,75.822199,31.02286,75.952199,19.042621787540565,30.0,1,1,Standard (21-30m),On Time
0xcd23,GOARES08DEL01,Goa,21.0,18-24,4.8,4.7-5.0,Windy,High,0,Buffet,Scooter,0.0,No,13:50,14:05,13.0,Afternoon,15.0,15.556561,73.763633,15.596561,73.803633,6.175713262155277,15.0,1,1,Fast (<=20m),On Time
0xcd77,LUDHRES06DEL02,Ludhiana,32.0,30-34,4.9,4.7-5.0,Fog,Jam,0,Drinks,Scooter,1.0,No,19:20,19:25,19.0,Evening,5.0,30.895204,75.822103,31.025204,75.952103,19.042423752091214,42.0,1,0,Slow (>30m),Over 30 Min
0xcd81,AGRRES09DEL03,Agra,27.0,25-29,4.6,4.2-4.6,Stormy,Jam,2,Drinks,Scooter,1.0,No,21:15,21:25,21.0,Late Night,10.0,0.0,0.0,0.06,0.06,,24.0,1,1,Standard (21-30m),On Time
0xcd9,SURRES05DEL01,Surat,30.0,30-34,4.7,4.7-5.0,Unknown,Unknown,2,Drinks,Bicycle,0.0,No,,8:40,,Unknown,,21.175104,72.804342,21.185104,72.814342,1.5203509928218242,18.0,1,1,Fast (<=20m),On Time
0xcd9b,BHPRES18DEL01,Bhopal,25.0,25-29,5.0,4.7-5.0,Stormy,Medium,2,Meal,Motorcycle,1.0,No,15:10,15:25,15.0,Afternoon,15.0,23.234631,77.401663,23.274631,77.441663,6.040042402014098,20.0,1,1,Fast (<=20m),On Time
0xcda0,ALHRES18DEL02,Allahabad,31.0,30-34,4.3,4.2-4.6,Windy,High,0,Buffet,Scooter,1.0,Yes,11:60,12:10,12.0,Afternoon,10.0,25.450317,81.831681,25.470317,81.851681,2.9962468176493267,48.0,1,0,Slow (>30m),Over 30 Min
0xcda6,KOLRES17DEL02,Kolkata,29.0,25-29,4.9,4.7-5.0,Windy,Low,1,Buffet,Scooter,1.0,No,23:10,23:15,23.0,Late Night,5.0,22.569358,88.433452,22.619358,88.483452,7.566959771172572,11.0,1,1,Fast (<=20m),On Time
0xcda8,KOCRES18DEL03,Kochi,30.0,30-34,4.5,4.2-4.6,Sunny,Low,2,Buffet,Bicycle,1.0,No,23:30,23:45,23.0,Late Night,15.0,9.957144,76.296783,10.047144,76.386783,14.045681559824397,20.0,1,1,Fast (<=20m),On Time
0xcdb6,AURGRES03DEL01,Aurangabad,26.0,25-29,4.6,4.2-4.6,Windy,Medium,1,Buffet,Scooter,1.0,No,18:35,18:50,18.0,Evening,15.0,19.874733,75.353942,19.984733,75.463942,16.787912139260012,25.0,1,1,Standard (21-30m),On Time
0xcdca,DEHRES01DEL01,Dehradun,39.0,35-45,4.9,4.7-5.0,Windy,Low,1,Meal,Bicycle,1.0,No,10:55,11:05,10.0,Morning,10.0,0.0,0.0,0.01,0.01,,28.0,1,1,Standard (21-30m),On Time
0xcde0,KOLRES13DEL02,Kolkata,34.0,30-34,4.8,4.7-5.0,Fog,Medium,2,Snack,Bicycle,2.0,No,17:35,17:40,17.0,Evening,5.0,22.553227,88.353273,22.683227,88.483273,19.672522453790126,44.0,1,0,Slow (>30m),Over 30 Min
0xcdeb,LUDHRES16DEL01,Ludhiana,36.0,35-45,4.1,Below 4.2,Cloudy,Medium,0,Snack,Scooter,1.0,No,15:40,15:50,15.0,Afternoon,10.0,30.895817,75.813112,30.935817,75.853112,5.8603617499789395,32.0,1,0,Slow (>30m),Over 30 Min
0xcdf9,AGRRES17DEL03,Agra,22.0,18-24,4.9,4.7-5.0,Sandstorms,Jam,0,Meal,Scooter,0.0,No,20:20,20:35,20.0,Evening,15.0,27.157772,78.04725,27.187772,78.07725,4.464870800823582,30.0,1,1,Standard (21-30m),On Time
0xce13,KOLRES05DEL01,Kolkata,21.0,18-24,4.7,4.7-5.0,Windy,Jam,1,Drinks,Scooter,1.0,No,19:40,19:45,19.0,Evening,5.0,22.527893,88.368628,22.597893,88.438628,10.59485681323058,22.0,1,1,Standard (21-30m),On Time
0xce16,KOLRES11DEL03,Kolkata,29.0,25-29,4.9,4.7-5.0,Windy,Jam,0,Buffet,Scooter,1.0,No,21:50,21:60,21.0,Late Night,10.0,22.577821,88.400581,22.637821,88.460581,9.079942949293121,16.0,1,1,Fast (<=20m),On Time
0xce1a,KNPRES11DEL02,Kanpur,21.0,18-24,4.6,4.2-4.6,Sunny,Low,0,Drinks,Scooter,1.0,No,9:15,9:30,9.0,Morning,15.0,26.474986,80.342796,26.494986,80.362796,2.9846025009463344,10.0,1,1,Fast (<=20m),On Time
0xce29,AGRRES16DEL02,Agra,21.0,18-24,4.9,4.7-5.0,Stormy,Medium,0,Snack,Scooter,0.0,No,18:55,19:05,18.0,Evening,10.0,0.0,0.0,0.13,0.13,,23.0,1,1,Standard (21-30m),On Time
0xce4b,GOARES13DEL02,Goa,39.0,35-45,4.8,4.7-5.0,Windy,Low,0,Snack,Scooter,1.0,No,22:45,22:55,22.0,Late Night,10.0,15.506205,73.766668,15.636205,73.896668,20.071317346459058,20.0,1,1,Fast (<=20m),On Time
0xce54,DEHRES20DEL02,Dehradun,37.0,35-45,3.7,Below 4.2,Windy,Jam,2,Snack,Bicycle,1.0,No,19:60,20:05,20.0,Evening,5.0,0.0,0.0,0.13,0.13,,39.0,1,0,Slow (>30m),Over 30 Min
0xce69,AURGRES08DEL02,Aurangabad,35.0,35-45,4.5,4.2-4.6,Windy,Low,1,Snack,Scooter,0.0,No,9:15,9:20,9.0,Morning,5.0,19.876428,75.364792,19.896428,75.384792,3.052740046035288,20.0,1,1,Fast (<=20m),On Time
0xce7a,KOLRES04DEL02,Kolkata,35.0,35-45,4.6,4.2-4.6,Sunny,Medium,2,Buffet,Bicycle,0.0,No,17:60,18:05,18.0,Evening,5.0,22.538731,88.364878,22.618731,88.444878,12.107767316052145,17.0,1,1,Fast (<=20m),On Time
0xcea9,AURGRES03DEL03,Aurangabad,36.0,35-45,4.9,4.7-5.0,Sunny,Medium,1,Meal,Bicycle,0.0,No,18:10,18:20,18.0,Evening,10.0,19.874733,75.353942,19.934733,75.413942,9.157722978762356,19.0,1,1,Fast (<=20m),On Time
0xcead,LUDHRES15DEL03,Ludhiana,26.0,25-29,4.5,4.2-4.6,Sandstorms,Jam,2,Snack,Motorcycle,0.0,No,19:50,19:60,19.0,Evening,10.0,30.899584,75.809346,30.929584,75.839346,4.39529536642512,19.0,1,1,Fast (<=20m),On Time
0xced2,KOCRES06DEL02,Kochi,36.0,35-45,4.7,4.7-5.0,Stormy,Low,1,Drinks,Scooter,0.0,No,10:55,11:10,10.0,Morning,15.0,9.982834,76.283268,10.002834,76.303268,3.1213067567566863,22.0,1,1,Standard (21-30m),On Time
0xced7,KOCRES04DEL02,Kochi,20.0,18-24,4.8,4.7-5.0,Stormy,Medium,0,Snack,Scooter,0.0,No,18:10,18:15,18.0,Evening,5.0,9.966783,76.242981,10.096783,76.372981,20.28729281771733,20.0,1,1,Fast (<=20m),On Time
0xced9,GOARES010DEL02,Goa,27.0,25-29,4.7,4.7-5.0,Sandstorms,Low,2,Meal,Bicycle,1.0,Unknown,9:55,10:10,9.0,Morning,15.0,15.546594,73.760431,15.566594,73.780431,3.0880009514513835,10.0,1,1,Fast (<=20m),On Time
0xcee7,KOCRES19DEL01,Kochi,23.0,18-24,5.0,4.7-5.0,Stormy,Low,1,Snack,Bicycle,1.0,No,23:50,24:05,23.0,Late Night,15.0,9.960846,76.293936,10.030846,76.363936,10.924523474579372,16.0,1,1,Fast (<=20m),On Time
0xceec_x,KNPRES04DEL03,Kanpur,37.0,35-45,4.6,4.2-4.6,Fog,Medium,0,Buffet,Scooter,1.0,No,17:50,17:60,17.0,Evening,10.0,26.471529,80.313458,26.501529,80.343458,4.476877006864127,28.0,1,1,Standard (21-30m),On Time
0xceec_y,KNPRES04DEL03,Kanpur,37.0,35-45,4.6,4.2-4.6,Fog,Medium,0,Buffet,Scooter,1.0,No,17:50,17:60,17.0,Evening,10.0,26.471529,80.313458,26.501529,80.343458,4.476877006864127,28.0,1,1,Standard (21-30m),On Time
0xcef2,LUDHRES010DEL03,Ludhiana,38.0,35-45,4.1,Below 4.2,Fog,Jam,2,Snack,Bicycle,1.0,No,20:45,20:50,20.0,Evening,5.0,30.89286,75.822199,31.03286,75.962199,20.50698321077584,41.0,1,0,Slow (>30m),Over 30 Min
0xcefc,ALHRES09DEL03,Allahabad,28.0,25-29,4.9,4.7-5.0,Windy,Low,2,Buffet,Scooter,1.0,No,22:30,22:40,22.0,Late Night,10.0,0.0,0.0,0.06,0.06,,18.0,1,1,Fast (<=20m),On Time
0xcf5e,KOCRES18DEL01,Kochi,25.0,25-29,4.6,4.2-4.6,Cloudy,Low,0,Buffet,Scooter,0.0,No,23:15,23:25,23.0,Late Night,10.0,9.957144,76.296783,10.067144,76.406783,17.166683352849883,24.0,1,1,Standard (21-30m),On Time
0xcf84,KNPRES14DEL02,Kanpur,37.0,35-45,4.6,4.2-4.6,Sunny,Jam,0,Buffet,Scooter,1.0,No,19:20,19:35,19.0,Evening,15.0,26.463504,80.372929,26.513504,80.422929,7.4614045425701905,24.0,1,1,Standard (21-30m),On Time
0xcfad,KOLRES14DEL02,Kolkata,25.0,25-29,4.0,Below 4.2,Stormy,Low,0,Meal,Scooter,0.0,No,23:55,23:60,23.0,Late Night,5.0,22.552996,88.35231,22.602996,88.40231,7.567373436563996,23.0,1,1,Standard (21-30m),On Time
0xcfe,HYDRES02DEL02,Hyderabad,30.0,30-34,4.7,4.7-5.0,Cloudy,Low,2,Snack,Bicycle,1.0,No,23:45,23:55,23.0,Late Night,10.0,17.41233,78.449654,17.46233,78.499654,7.68413989788609,14.0,1,1,Fast (<=20m),On Time
0xd006,DEHRES14DEL02,Dehradun,28.0,25-29,4.6,4.2-4.6,Stormy,Jam,1,Snack,Scooter,0.0,No,21:55,22:05,21.0,Late Night,10.0,30.319528,78.040267,30.369528,78.090267,7.3438740020096835,11.0,1,1,Fast (<=20m),On Time
0xd010,AGRRES09DEL03,Agra,32.0,30-34,4.0,Below 4.2,Sandstorms,Jam,0,Buffet,Scooter,1.0,No,21:30,21:45,21.0,Late Night,15.0,0.0,0.0,0.03,0.03,,46.0,1,0,Slow (>30m),Over 30 Min
0xd020,AGRRES14DEL03,Agra,38.0,35-45,4.4,4.2-4.6,Windy,Jam,0,Drinks,Scooter,1.0,No,20:15,20:30,20.0,Evening,15.0,27.16185,78.040165,27.22185,78.100165,8.929066828609427,38.0,1,0,Slow (>30m),Over 30 Min
0xd039,KOCRES16DEL01,Kochi,36.0,35-45,4.7,4.7-5.0,Stormy,Medium,1,Buffet,Scooter,1.0,No,17:15,17:25,17.0,Evening,10.0,10.003064,76.307589,10.113064,76.417589,17.16548483116002,27.0,1,1,Standard (21-30m),On Time
0xd050,KOCRES19DEL01,Kochi,29.0,25-29,4.1,Below 4.2,Fog,Jam,2,Snack,Scooter,1.0,No,21:15,21:20,21.0,Late Night,5.0,9.960846,76.293936,10.030846,76.363936,10.924523474579372,35.0,1,0,Slow (>30m),Over 30 Min
0xd064,DEHRES08DEL01,Dehradun,37.0,35-45,4.2,4.2-4.6,Cloudy,Jam,1,Meal,Scooter,2.0,No,19:50,19:55,19.0,Evening,5.0,30.359722,78.067079,30.429722,78.137079,10.279171244527584,46.0,1,0,Slow (>30m),Over 30 Min
0xd065,DEHRES13DEL02,Dehradun,27.0,25-29,4.1,Below 4.2,Fog,Jam,2,Drinks,Bicycle,0.0,No,20:45,20:60,20.0,Evening,15.0,30.366322,78.070453,30.496322,78.200453,19.086833777112577,40.0,1,0,Slow (>30m),Over 30 Min
0xd067,KNPRES07DEL03,Kanpur,27.0,25-29,4.7,4.7-5.0,Sunny,Jam,2,Snack,Bicycle,0.0,No,20:35,20:50,20.0,Evening,15.0,26.472001,80.354002,26.562001,80.444002,13.429046150820101,12.0,1,1,Fast (<=20m),On Time
0xd068,KOCRES01DEL01,Kochi,36.0,35-45,4.8,4.7-5.0,Sandstorms,Low,1,Buffet,Scooter,1.0,No,10:50,11:05,10.0,Morning,15.0,9.979363,76.285001,9.989363,76.295001,1.5606733904391872,22.0,1,1,Standard (21-30m),On Time
0xd073,AGRRES13DEL01,Agra,21.0,18-24,4.8,4.7-5.0,Sandstorms,Medium,0,Drinks,Scooter,1.0,No,17:15,17:25,17.0,Evening,10.0,27.159795,78.04299,27.269795,78.15299,16.368466147694086,30.0,1,1,Standard (21-30m),On Time
0xd07e,KOLRES05DEL01,Kolkata,36.0,35-45,4.4,4.2-4.6,Cloudy,Low,0,Meal,Scooter,0.0,No,22:45,22:55,22.0,Late Night,10.0,22.527893,88.368628,22.597893,88.438628,10.59485681323058,42.0,1,0,Slow (>30m),Over 30 Min
0xd084,KNPRES01DEL03,Kanpur,35.0,35-45,4.8,4.7-5.0,Sandstorms,Medium,0,Buffet,Scooter,1.0,No,18:35,18:50,18.0,Evening,15.0,26.483672,80.320708,26.543672,80.380708,8.952813275345372,28.0,1,1,Standard (21-30m),On Time
0xd0a9,BHPRES06DEL02,Bhopal,21.0,18-24,4.7,4.7-5.0,Fog,Medium,1,Snack,Bicycle,1.0,No,18:60,19:10,19.0,Evening,10.0,23.232357,77.429989,23.312357,77.509989,12.079348852917077,34.0,1,0,Slow (>30m),Over 30 Min
0xd0d0,KNPRES13DEL01,Kanpur,30.0,30-34,4.7,4.7-5.0,Sandstorms,Jam,1,Drinks,Bicycle,1.0,No,,19:35,,Unknown,,26.481547,80.299775,26.551547,80.369775,10.44483240153486,38.0,1,0,Slow (>30m),Over 30 Min
0xd0e,SURRES03DEL02,Surat,27.0,25-29,4.8,4.7-5.0,Sandstorms,Low,0,Drinks,Scooter,0.0,No,23:40,23:50,23.0,Late Night,10.0,21.186884,72.793616,21.266884,72.873616,12.161015921769494,18.0,1,1,Fast (<=20m),On Time
0xd0fe,KNPRES16DEL01,Kanpur,34.0,30-34,4.7,4.7-5.0,Sandstorms,Low,2,Buffet,Scooter,0.0,No,8:20,8:30,8.0,Morning,10.0,26.482581,80.315628,26.492581,80.325628,1.4922862760200137,22.0,1,1,Standard (21-30m),On Time
0xd10e,KOCRES03DEL02,Kochi,37.0,35-45,3.6,Below 4.2,Windy,Jam,1,Drinks,Scooter,0.0,No,21:35,21:50,21.0,Late Night,15.0,10.020683,76.310631,10.150683,76.440631,20.285626420961464,33.0,1,0,Slow (>30m),Over 30 Min
0xd113,LUDHRES06DEL03,Ludhiana,31.0,30-34,4.7,4.7-5.0,Fog,Jam,0,Meal,Scooter,1.0,No,20:40,20:55,20.0,Evening,15.0,30.895204,75.822103,31.035204,75.962103,20.50676991719911,48.0,1,0,Slow (>30m),Over 30 Min
0xd123,GOARES13DEL01,Goa,30.0,30-34,4.8,4.7-5.0,Sunny,High,2,Meal,Bicycle,1.0,No,14:50,14:60,14.0,Afternoon,10.0,15.506205,73.766668,15.546205,73.806668,6.176440388923677,21.0,1,1,Standard (21-30m),On Time
0xd14,BANGRES01DEL03,Bengaluru,33.0,30-34,4.3,4.2-4.6,Cloudy,Jam,2,Buffet,Bicycle,2.0,No,20:25,20:30,20.0,Evening,5.0,12.933284,77.615428,13.023284,77.705428,13.973226457021006,45.0,1,0,Slow (>30m),Over 30 Min
0xd147,BHPRES19DEL02,Bhopal,31.0,30-34,4.6,4.2-4.6,Sunny,High,2,Drinks,Motorcycle,0.0,No,11:30,11:40,11.0,Morning,10.0,0.0,0.0,0.02,0.02,,17.0,1,1,Fast (<=20m),On Time
0xd149,AURGRES19DEL03,Aurangabad,21.0,18-24,4.6,4.2-4.6,Fog,Medium,0,Buffet,Scooter,1.0,No,18:50,18:60,18.0,Evening,10.0,19.866969,75.318894,19.956969,75.408894,13.736289107700902,43.0,1,0,Slow (>30m),Over 30 Min
0xd14f,AURGRES17DEL02,Aurangabad,31.0,30-34,4.8,4.7-5.0,Windy,Jam,0,Buffet,Scooter,1.0,No,19:30,19:35,19.0,Evening,5.0,19.876994,75.372353,19.926994,75.422353,7.631497872038626,47.0,1,0,Slow (>30m),Over 30 Min
0xd15f,AURGRES07DEL02,Aurangabad,28.0,25-29,4.8,4.7-5.0,Sunny,Jam,2,Buffet,Bicycle,1.0,No,21:55,22:05,21.0,Late Night,10.0,19.875908,75.358888,19.955908,75.438888,12.209892264059457,22.0,1,1,Standard (21-30m),On Time
0xd161,LUDHRES04DEL03,Ludhiana,21.0,18-24,4.9,4.7-5.0,Sunny,Medium,1,Snack,Bicycle,1.0,No,18:55,19:10,18.0,Evening,15.0,30.914057,75.83982,30.944057,75.86982,4.395013431971723,19.0,1,1,Fast (<=20m),On Time
0xd16a,DEHRES17DEL01,Dehradun,23.0,18-24,4.9,4.7-5.0,Windy,Jam,2,Buffet,Bicycle,1.0,No,20:10,20:25,20.0,Evening,15.0,30.327968,78.046106,30.397968,78.116106,10.280596264766618,21.0,1,1,Standard (21-30m),On Time
0xd170,KOLRES15DEL03,Kolkata,27.0,25-29,4.8,4.7-5.0,Stormy,Medium,1,Snack,Bicycle,1.0,No,17:50,17:55,17.0,Evening,5.0,22.552672,88.352885,22.582672,88.382885,4.540580660439759,22.0,1,1,Standard (21-30m),On Time
0xd191,ALHRES01DEL02,Allahabad,34.0,30-34,5.0,4.7-5.0,Sandstorms,Low,1,Meal,Bicycle,1.0,No,23:40,23:50,23.0,Late Night,10.0,25.454648,81.834502,25.584648,81.964502,19.471284474363397,15.0,1,1,Fast (<=20m),On Time
0xd1bd,KOCRES010DEL02,Kochi,27.0,25-29,4.4,4.2-4.6,Sandstorms,Jam,0,Snack,Scooter,0.0,No,20:35,20:45,20.0,Evening,10.0,10.035573,76.336958,10.165573,76.466958,20.285164542146724,37.0,1,0,Slow (>30m),Over 30 Min
0xd248,BHPRES01DEL02,Bhopal,26.0,25-29,4.5,4.2-4.6,Fog,Jam,0,Drinks,Scooter,1.0,No,21:35,21:40,21.0,Late Night,5.0,23.211529,77.419399,23.261529,77.469399,7.550521986243303,20.0,1,1,Fast (<=20m),On Time
0xd254,ALHRES02DEL02,Allahabad,32.0,30-34,4.6,4.2-4.6,Cloudy,Jam,1,Snack,Bicycle,1.0,No,20:10,20:15,20.0,Evening,5.0,25.453436,81.833167,25.583436,81.963167,19.471372731318745,46.0,1,0,Slow (>30m),Over 30 Min
0xd299,DEHRES06DEL01,Dehradun,23.0,18-24,4.7,4.7-5.0,Sandstorms,High,1,Buffet,Bicycle,1.0,No,14:60,15:15,15.0,Afternoon,15.0,30.361281,78.068022,30.401281,78.108022,5.874157135288858,19.0,1,1,Fast (<=20m),On Time
0xd2a6,LUDHRES05DEL02,Ludhiana,27.0,25-29,4.8,4.7-5.0,Sandstorms,Low,2,Snack,Scooter,1.0,No,23:45,23:55,23.0,Late Night,10.0,30.905562,75.832841,31.035562,75.962841,19.041548516784307,16.0,1,1,Fast (<=20m),On Time
0xd2bf,AGRRES17DEL01,Agra,36.0,35-45,4.8,4.7-5.0,Sandstorms,Low,2,Meal,Bicycle,0.0,No,8:20,8:25,8.0,Morning,5.0,27.157772,78.04725,27.167772,78.05725,1.4883491804433533,24.0,1,1,Standard (21-30m),On Time
0xd2f0,ALHRES010DEL02,Allahabad,20.0,18-24,4.6,4.2-4.6,Fog,Medium,0,Drinks,Scooter,1.0,No,17:30,17:40,17.0,Evening,10.0,0.0,0.0,0.13,0.13,,37.0,1,0,Slow (>30m),Over 30 Min
0xd2ff,AGRRES16DEL01,Agra,38.0,35-45,4.4,4.2-4.6,Stormy,Medium,2,Buffet,Motorcycle,2.0,No,18:35,18:45,18.0,Evening,10.0,0.0,0.0,0.07,0.07,,38.0,1,0,Slow (>30m),Over 30 Min
0xd31d,ALHRES11DEL01,Allahabad,32.0,30-34,4.9,4.7-5.0,Windy,High,1,Meal,Scooter,0.0,No,13:10,13:15,13.0,Afternoon,5.0,0.0,0.0,0.04,0.04,,30.0,1,1,Standard (21-30m),On Time
0xd323,AURGRES14DEL01,Aurangabad,34.0,30-34,4.9,4.7-5.0,Stormy,Low,2,Snack,Scooter,1.0,No,10:15,10:20,10.0,Morning,5.0,19.875016,75.322405,19.885016,75.332405,1.5263990203886422,27.0,1,1,Standard (21-30m),On Time
0xd325,KNPRES13DEL01,Kanpur,27.0,25-29,4.2,4.2-4.6,Cloudy,Jam,2,Drinks,Motorcycle,0.0,No,20:15,20:20,20.0,Evening,5.0,26.481547,80.299775,26.591547,80.409775,16.412035290313444,38.0,1,0,Slow (>30m),Over 30 Min
0xd326,KOLRES16DEL02,Kolkata,27.0,25-29,4.9,4.7-5.0,Fog,Medium,1,Snack,Bicycle,0.0,No,17:20,17:25,17.0,Evening,5.0,22.539129,88.365507,22.619129,88.445507,12.107751220857287,26.0,1,1,Standard (21-30m),On Time
0xd332,KOLRES07DEL03,Kolkata,23.0,18-24,4.1,Below 4.2,Cloudy,Jam,2,Snack,Motorcycle,0.0,No,21:20,21:30,21.0,Late Night,10.0,22.547186,88.35068,22.637186,88.44068,13.620625714966474,36.0,1,0,Slow (>30m),Over 30 Min
0xd358,AURGRES05DEL03,Aurangabad,28.0,25-29,4.6,4.2-4.6,Fog,Jam,2,Meal,Bicycle,1.0,No,21:40,21:50,21.0,Late Night,10.0,19.875522,75.367127,19.935522,75.427127,9.157701551888586,28.0,1,1,Standard (21-30m),On Time
0xd367,BHPRES14DEL01,Bhopal,26.0,25-29,4.2,4.2-4.6,Stormy,Low,0,Buffet,Scooter,1.0,No,9:15,9:25,9.0,Morning,10.0,0.0,0.0,0.01,0.01,,23.0,1,1,Standard (21-30m),On Time
0xd36e,LUDHRES03DEL03,Ludhiana,23.0,18-24,4.9,4.7-5.0,Stormy,Jam,1,Drinks,Scooter,1.0,No,21:45,21:60,21.0,Late Night,15.0,30.88722,75.804893,30.97722,75.894893,13.184854216326086,21.0,1,1,Standard (21-30m),On Time
0xd383,GOARES07DEL01,Goa,29.0,25-29,4.7,4.7-5.0,Stormy,Medium,2,Snack,Scooter,0.0,No,17:15,17:20,17.0,Evening,5.0,15.561295,73.749478,15.671295,73.859478,16.981627963580657,20.0,1,1,Fast (<=20m),On Time
0xd392,KOLRES08DEL01,Kolkata,34.0,30-34,4.8,4.7-5.0,Stormy,Low,2,Meal,Motorcycle,1.0,No,22:15,22:25,22.0,Late Night,10.0,22.53796,88.349843,22.64796,88.459843,16.64738772023704,21.0,1,1,Standard (21-30m),On Time
0xd3b7,AGRRES12DEL02,Agra,25.0,25-29,4.8,4.7-5.0,Fog,Low,1,Snack,Bicycle,0.0,No,22:40,22:50,22.0,Late Night,10.0,27.165108,78.015053,27.245108,78.095053,11.904796789125585,27.0,1,1,Standard (21-30m),On Time
0xd3bd,KOLRES01DEL03,Kolkata,35.0,35-45,4.8,4.7-5.0,Sandstorms,Medium,1,Meal,Scooter,1.0,No,17:50,17:55,17.0,Evening,5.0,22.514688,88.393294,22.604688,88.483294,13.62210405011633,24.0,1,1,Standard (21-30m),On Time
0xd3cd,AURGRES15DEL02,Aurangabad,27.0,25-29,4.4,4.2-4.6,Cloudy,Medium,1,Drinks,Bicycle,1.0,No,18:50,19:05,18.0,Evening,15.0,19.878028,75.317475,19.958028,75.397475,12.209815459492933,31.0,1,0,Slow (>30m),Over 30 Min
0xd418,LUDHRES010DEL03,Ludhiana,21.0,18-24,4.9,4.7-5.0,Windy,Medium,1,Meal,Bicycle,1.0,No,18:10,18:20,18.0,Evening,10.0,30.89286,75.822199,30.92286,75.852199,4.395426318042399,26.0,1,1,Standard (21-30m),On Time
0xd44e,AURGRES03DEL02,Aurangabad,35.0,35-45,4.7,4.7-5.0,Fog,High,1,Meal,Scooter,0.0,No,11:10,11:25,11.0,Morning,15.0,19.874733,75.353942,19.894733,75.373942,3.05275537628296,33.0,1,0,Slow (>30m),Over 30 Min
0xd45e,LUDHRES12DEL03,Ludhiana,29.0,25-29,4.8,4.7-5.0,Sunny,Jam,0,Meal,Scooter,1.0,No,21:10,21:20,21.0,Late Night,10.0,30.893244,75.821817,30.983244,75.911817,13.184502063951694,15.0,1,1,Fast (<=20m),On Time
0xd480,AURGRES02DEL02,Aurangabad,21.0,18-24,4.7,4.7-5.0,Sandstorms,High,0,Drinks,Scooter,0.0,No,11:50,11:60,11.0,Morning,10.0,0.0,0.0,0.02,0.02,,15.0,1,1,Fast (<=20m),On Time
0xd486,LUDHRES09DEL02,Ludhiana,29.0,25-29,4.9,4.7-5.0,Stormy,Low,1,Snack,Scooter,0.0,No,23:55,24:05,23.0,Late Night,10.0,30.885814,75.786976,30.935814,75.836976,7.325614503516097,10.0,1,1,Fast (<=20m),On Time
0xd49d,KNPRES12DEL03,Kanpur,26.0,25-29,5.0,4.7-5.0,Sandstorms,Medium,0,Drinks,Scooter,1.0,No,17:40,17:50,17.0,Evening,10.0,26.492106,80.327797,26.522106,80.357797,4.47652055779624,27.0,1,1,Standard (21-30m),On Time
0xd4b,RANCHIRES010DEL01,Ranchi,30.0,30-34,4.7,4.7-5.0,Unknown,Unknown,1,Meal,Bicycle,1.0,No,,15:05,,Unknown,,23.354422,85.3329,23.394422,85.3729,6.037552969606081,22.0,1,1,Standard (21-30m),On Time
0xd4bd,KOCRES02DEL02,Kochi,25.0,25-29,4.9,4.7-5.0,Sandstorms,Medium,0,Drinks,Scooter,1.0,No,17:25,17:35,17.0,Evening,10.0,10.028047,76.310019,10.158047,76.440019,20.285398077050207,36.0,1,0,Slow (>30m),Over 30 Min
0xd4df,KOLRES20DEL02,Kolkata,20.0,18-24,4.7,4.7-5.0,Sunny,Low,0,Drinks,Scooter,1.0,No,22:30,22:45,22.0,Late Night,15.0,22.514119,88.362504,22.594119,88.442504,12.108762156245085,28.0,1,1,Standard (21-30m),On Time
0xd4e7,ALHRES06DEL02,Allahabad,26.0,25-29,4.7,4.7-5.0,Windy,Jam,2,Snack,Bicycle,0.0,No,20:55,20:60,20.0,Evening,5.0,0.0,0.0,0.08,0.08,,18.0,1,1,Fast (<=20m),On Time
0xd4ef,AGRRES15DEL02,Agra,38.0,35-45,4.8,4.7-5.0,Sunny,Medium,0,Meal,Scooter,0.0,No,18:10,18:25,18.0,Evening,15.0,0.0,0.0,0.05,0.05,,22.0,1,1,Standard (21-30m),On Time
0xd4f9,AGRRES12DEL02,Agra,35.0,35-45,4.1,Below 4.2,Sandstorms,Medium,2,Drinks,Motorcycle,1.0,No,17:15,17:25,17.0,Evening,10.0,27.165108,78.015053,27.215108,78.065053,7.440940452216367,32.0,1,0,Slow (>30m),Over 30 Min
0xd506,DEHRES11DEL02,Dehradun,23.0,18-24,4.5,4.2-4.6,Cloudy,Low,2,Meal,Scooter,1.0,No,23:50,24:05,23.0,Late Night,15.0,0.0,0.0,0.13,0.13,,26.0,1,1,Standard (21-30m),On Time
0xd50d,DEHRES03DEL01,Dehradun,20.0,18-24,4.9,4.7-5.0,Stormy,Medium,2,Drinks,Bicycle,1.0,No,17:30,17:40,17.0,Evening,10.0,30.335259,78.053162,30.445259,78.163162,16.153296780469546,26.0,1,1,Standard (21-30m),On Time
0xd519,KOCRES20DEL01,Kochi,21.0,18-24,4.6,4.2-4.6,Sandstorms,High,2,Buffet,Bicycle,1.0,No,13:45,13:60,13.0,Afternoon,15.0,9.979186,76.317361,10.019186,76.357361,6.242553403028605,22.0,1,1,Standard (21-30m),On Time
0xd520,KOLRES02DEL03,Kolkata,31.0,30-34,4.5,4.2-4.6,Cloudy,Jam,1,Buffet,Scooter,1.0,No,20:45,20:60,20.0,Evening,15.0,22.514585,88.39331,22.574585,88.45331,9.081860706393675,26.0,1,1,Standard (21-30m),On Time
0xd52c,BHPRES12DEL03,Bhopal,31.0,30-34,4.3,4.2-4.6,Fog,Medium,2,Meal,Scooter,2.0,Yes,18:60,19:15,19.0,Evening,15.0,0.0,0.0,0.09,0.09,,44.0,1,0,Slow (>30m),Over 30 Min
0xd54b,KOLRES010DEL03,Kolkata,38.0,35-45,4.0,Below 4.2,Stormy,Low,0,Buffet,Scooter,0.0,No,22:45,22:55,22.0,Late Night,10.0,22.538999,88.322337,22.568999,88.352337,4.540787869553584,29.0,1,1,Standard (21-30m),On Time
0xd554,LUDHRES06DEL02,Ludhiana,25.0,25-29,4.5,4.2-4.6,Stormy,Jam,1,Drinks,Bicycle,0.0,No,21:35,21:50,21.0,Late Night,15.0,30.895204,75.822103,31.025204,75.952103,19.042423752091214,19.0,1,1,Fast (<=20m),On Time
0xd590,BHPRES13DEL01,Bhopal,29.0,25-29,4.2,4.2-4.6,Fog,High,1,Drinks,Bicycle,2.0,No,14:10,14:20,14.0,Afternoon,10.0,23.230791,77.43702,23.270791,77.47702,6.040122023105271,34.0,1,0,Slow (>30m),Over 30 Min
0xd5d9,KOLRES06DEL01,Kolkata,30.0,30-34,4.7,4.7-5.0,Stormy,Jam,0,Buffet,Scooter,2.0,No,20:40,20:50,20.0,Evening,10.0,22.533662,88.366217,22.603662,88.436217,10.59465277842674,36.0,1,0,Slow (>30m),Over 30 Min
0xd5e3,KOCRES19DEL02,Kochi,26.0,25-29,4.3,4.2-4.6,Stormy,Low,0,Drinks,Scooter,0.0,No,8:25,8:40,8.0,Morning,15.0,9.960846,76.293936,9.980846,76.313936,3.1214105610031018,17.0,1,1,Fast (<=20m),On Time
0xd601,LUDHRES12DEL02,Ludhiana,37.0,35-45,4.7,4.7-5.0,Cloudy,Jam,0,Snack,Scooter,1.0,No,20:40,20:45,20.0,Evening,5.0,30.893244,75.821817,30.943244,75.871817,7.325373316459995,27.0,1,1,Standard (21-30m),On Time
0xd613,LUDHRES17DEL02,Ludhiana,39.0,35-45,4.5,4.2-4.6,Stormy,Low,1,Drinks,Bicycle,0.0,No,9:50,9:55,9.0,Morning,5.0,30.893384,75.821202,30.913384,75.841202,2.930342337103458,26.0,1,1,Standard (21-30m),On Time
0xd618,KOCRES05DEL02,Kochi,27.0,25-29,4.9,4.7-5.0,Fog,Low,2,Buffet,Bicycle,0.0,No,8:40,8:45,8.0,Morning,5.0,9.970717,76.285447,9.990717,76.305447,3.1213639880629116,14.0,1,1,Fast (<=20m),On Time
0xd664,KOCRES01DEL02,Kochi,39.0,35-45,4.6,4.2-4.6,Sandstorms,Jam,1,Meal,Bicycle,1.0,No,20:50,20:60,20.0,Evening,10.0,9.979363,76.285001,10.029363,76.335001,7.803130484702817,29.0,1,1,Standard (21-30m),On Time
0xd668,ALHRES14DEL01,Allahabad,35.0,35-45,4.9,4.7-5.0,Cloudy,Medium,1,Buffet,Scooter,1.0,No,17:55,18:10,17.0,Evening,15.0,25.459775,81.834841,25.569775,81.944841,16.4760033283182,42.0,1,0,Slow (>30m),Over 30 Min
0xd68a,LUDHRES05DEL02,Ludhiana,34.0,30-34,4.6,4.2-4.6,Windy,Low,1,Buffet,Bicycle,1.0,No,8:60,9:05,9.0,Morning,5.0,30.905562,75.832841,30.925562,75.852841,2.9301842303995125,21.0,1,1,Standard (21-30m),On Time
0xd696,LUDHRES05DEL01,Ludhiana,34.0,30-34,5.0,4.7-5.0,Cloudy,Medium,0,Drinks,Scooter,1.0,No,16:30,16:35,16.0,Afternoon,5.0,30.905562,75.832841,30.945562,75.872841,5.860108646078185,34.0,1,0,Slow (>30m),Over 30 Min
0xd6a7,ALHRES14DEL02,Allahabad,36.0,35-45,4.3,4.2-4.6,Windy,Jam,0,Meal,Scooter,1.0,No,20:45,20:50,20.0,Evening,5.0,25.459775,81.834841,25.589775,81.964841,19.470911092139207,35.0,1,0,Slow (>30m),Over 30 Min
0xd6e7,BHPRES03DEL01,Bhopal,20.0,18-24,4.8,4.7-5.0,Fog,Low,0,Meal,Scooter,1.0,No,22:30,22:35,22.0,Late Night,5.0,23.214294,77.435361,23.284294,77.505361,10.570267508297466,22.0,1,1,Standard (21-30m),On Time
0xd6ea,BHPRES17DEL03,Bhopal,34.0,30-34,4.7,4.7-5.0,Sunny,Low,0,Drinks,Scooter,0.0,No,22:50,22:60,22.0,Late Night,10.0,23.218998,77.373573,23.308998,77.463573,13.589657422821082,28.0,1,1,Standard (21-30m),On Time
0xd6f0,LUDHRES18DEL03,Ludhiana,20.0,18-24,4.7,4.7-5.0,Sunny,Medium,2,Buffet,Scooter,0.0,No,17:60,18:05,18.0,Evening,5.0,30.890184,75.829615,30.920184,75.859615,4.395478428159391,10.0,1,1,Fast (<=20m),On Time
0xd6f8,BHPRES16DEL02,Bhopal,32.0,30-34,4.3,4.2-4.6,Sunny,Medium,0,Snack,Scooter,1.0,No,17:25,17:30,17.0,Evening,5.0,23.264015,77.408236,23.344015,77.488236,12.078034315170433,32.0,1,0,Slow (>30m),Over 30 Min
0xd70e,GOARES05DEL02,Goa,24.0,18-24,4.2,4.2-4.6,Sandstorms,Jam,0,Buffet,Scooter,1.0,No,19:60,20:15,20.0,Evening,15.0,0.0,0.0,0.08,0.08,,34.0,1,0,Slow (>30m),Over 30 Min
0xd732,DEHRES11DEL02,Dehradun,21.0,18-24,4.5,4.2-4.6,Sandstorms,Jam,2,Meal,Bicycle,1.0,No,21:45,21:50,21.0,Late Night,5.0,0.0,0.0,0.05,0.05,,24.0,1,1,Standard (21-30m),On Time
0xd744,ALHRES16DEL03,Allahabad,23.0,18-24,4.9,4.7-5.0,Fog,Low,0,Buffet,Scooter,0.0,No,22:35,22:45,22.0,Late Night,10.0,25.450377,81.834236,25.590377,81.974236,20.969017814320186,22.0,1,1,Standard (21-30m),On Time
0xd76b,BHPRES04DEL02,Bhopal,34.0,30-34,4.4,4.2-4.6,Stormy,High,1,Buffet,Bicycle,1.0,No,11:10,11:15,11.0,Morning,5.0,23.184992,77.417227,23.204992,77.437227,3.020638903316524,31.0,1,0,Slow (>30m),Over 30 Min
0xd78c,GOARES01DEL02,Goa,20.0,18-24,4.9,4.7-5.0,Fog,Low,1,Buffet,Scooter,1.0,No,10:15,10:30,10.0,Morning,15.0,15.576683,73.75575,15.596683,73.77575,3.087783448178756,16.0,1,1,Fast (<=20m),On Time
0xd799,AGRRES07DEL01,Agra,28.0,25-29,4.7,4.7-5.0,Windy,Jam,1,Snack,Bicycle,0.0,No,19:15,19:25,19.0,Evening,10.0,27.160934,78.044095,27.270934,78.154095,16.368392249813677,24.0,1,1,Standard (21-30m),On Time
0xd7b1,AGRRES19DEL01,Agra,29.0,25-29,4.9,4.7-5.0,Windy,Low,2,Meal,Bicycle,0.0,No,23:30,23:45,23.0,Late Night,15.0,0.0,0.0,0.11,0.11,,15.0,1,1,Fast (<=20m),On Time
0xd7c7,LUDHRES05DEL02,Ludhiana,28.0,25-29,4.8,4.7-5.0,Fog,Medium,1,Snack,Scooter,0.0,No,17:55,17:60,17.0,Evening,5.0,30.905562,75.832841,30.955562,75.882841,7.324973367553616,12.0,1,1,Fast (<=20m),On Time
0xd7ce,KOCRES01DEL03,Kochi,37.0,35-45,4.2,4.2-4.6,Windy,Low,0,Buffet,Scooter,0.0,No,22:60,23:15,23.0,Late Night,15.0,9.979363,76.285001,10.039363,76.345001,9.363685522117581,34.0,1,0,Slow (>30m),Over 30 Min
0xd7d8,LUDHRES15DEL03,Ludhiana,38.0,35-45,4.5,4.2-4.6,Stormy,Jam,1,Snack,Scooter,0.0,No,19:25,19:35,19.0,Evening,10.0,30.899584,75.809346,30.989584,75.899346,13.184131385867492,33.0,1,0,Slow (>30m),Over 30 Min
0xd7f9,KOLRES19DEL03,Kolkata,33.0,30-34,4.8,4.7-5.0,Fog,Jam,1,Drinks,Scooter,1.0,No,19:10,19:25,19.0,Evening,15.0,22.5491,88.400467,22.5791,88.430467,4.540634803154757,32.0,1,0,Slow (>30m),Over 30 Min
0xd80e,ALHRES07DEL03,Allahabad,38.0,35-45,4.7,4.7-5.0,Windy,Medium,2,Drinks,Scooter,1.0,No,18:10,18:15,18.0,Evening,5.0,25.449659,81.839744,25.479659,81.869744,4.494297369782853,27.0,1,1,Standard (21-30m),On Time
0xd81,INDORES15DEL02,Indore,24.0,18-24,4.7,4.7-5.0,Cloudy,Jam,2,Drinks,Bicycle,1.0,No,20:60,21:15,21.0,Late Night,15.0,22.760072,75.892574,22.810072,75.942574,7.562119162779698,32.0,1,0,Slow (>30m),Over 30 Min
0xd81e,LUDHRES06DEL02,Ludhiana,22.0,18-24,4.7,4.7-5.0,Sandstorms,Medium,1,Meal,Bicycle,1.0,No,18:35,18:45,18.0,Evening,10.0,30.895204,75.822103,30.945204,75.872103,7.3253096855118285,22.0,1,1,Standard (21-30m),On Time
0xd823,DEHRES06DEL03,Dehradun,22.0,18-24,3.3,Below 4.2,Sunny,Low,2,Snack,Bicycle,1.0,No,22:60,23:05,23.0,Late Night,5.0,30.361281,78.068022,30.501281,78.208022,20.55505475608555,37.0,1,0,Slow (>30m),Over 30 Min
0xd868,DEHRES010DEL01,Dehradun,27.0,25-29,4.8,4.7-5.0,Stormy,Medium,2,Buffet,Motorcycle,0.0,No,18:60,19:05,19.0,Evening,5.0,30.328174,78.049117,30.438174,78.159117,16.153796514648537,17.0,1,1,Fast (<=20m),On Time
0xd897,GOARES05DEL03,Goa,27.0,25-29,4.7,4.7-5.0,Cloudy,Medium,1,Snack,Scooter,1.0,No,18:35,18:50,18.0,Evening,15.0,0.0,0.0,0.03,0.03,,13.0,1,1,Fast (<=20m),On Time
0xd8b,CHENRES010DEL02,Chennai,24.0,18-24,4.8,4.7-5.0,Sunny,Low,0,Snack,Scooter,0.0,No,10:20,10:25,10.0,Morning,5.0,13.066762,80.251865,13.086762,80.271865,3.1045603406335536,17.0,1,1,Fast (<=20m),On Time
0xd8d2,KOCRES01DEL03,Kochi,29.0,25-29,4.7,4.7-5.0,Sunny,Low,1,Drinks,Scooter,1.0,No,22:20,22:25,22.0,Late Night,5.0,9.979363,76.285001,10.069363,76.375001,14.045208085855009,30.0,1,1,Standard (21-30m),On Time
0xd8dc,AURGRES14DEL01,Aurangabad,28.0,25-29,4.5,4.2-4.6,Cloudy,Low,2,Snack,Scooter,1.0,No,22:40,22:45,22.0,Late Night,5.0,19.875016,75.322405,19.985016,75.432405,16.78789803366047,28.0,1,1,Standard (21-30m),On Time
0xd905,AGRRES02DEL02,Agra,25.0,25-29,5.0,4.7-5.0,Stormy,Jam,2,Snack,Bicycle,1.0,No,19:45,19:55,19.0,Evening,10.0,0.0,0.0,0.13,0.13,,15.0,1,1,Fast (<=20m),On Time
0xd907,AGRRES20DEL01,Agra,35.0,35-45,4.7,4.7-5.0,Fog,Low,0,Snack,Scooter,1.0,No,23:30,23:35,23.0,Late Night,5.0,27.158822,78.045359,27.268822,78.155359,16.368529273630845,37.0,1,0,Slow (>30m),Over 30 Min
0xd91c,DEHRES04DEL03,Dehradun,29.0,25-29,4.8,4.7-5.0,Cloudy,Jam,1,Drinks,Scooter,0.0,No,19:40,19:50,19.0,Evening,10.0,30.340722,78.060221,30.400722,78.120221,8.811641618392386,20.0,1,1,Fast (<=20m),On Time
0xd922,DEHRES08DEL02,Dehradun,33.0,30-34,4.3,4.2-4.6,Stormy,Jam,0,Drinks,Scooter,1.0,No,20:25,20:30,20.0,Evening,5.0,30.359722,78.067079,30.439722,78.147079,11.747367509188033,41.0,1,0,Slow (>30m),Over 30 Min
0xd927,DEHRES12DEL02,Dehradun,29.0,25-29,5.0,4.7-5.0,Fog,Medium,1,Snack,Bicycle,1.0,No,18:45,18:60,18.0,Evening,15.0,0.0,0.0,0.05,0.05,,19.0,1,1,Fast (<=20m),On Time
0xd946,LUDHRES15DEL02,Ludhiana,20.0,18-24,4.5,4.2-4.6,Sandstorms,Jam,2,Buffet,Bicycle,0.0,No,20:35,20:40,20.0,Evening,5.0,30.899584,75.809346,30.979584,75.889346,11.719488005058242,16.0,1,1,Fast (<=20m),On Time
0xd96d,ALHRES04DEL02,Allahabad,37.0,35-45,4.1,Below 4.2,Stormy,Jam,2,Drinks,Motorcycle,1.0,No,19:40,19:55,19.0,Evening,15.0,0.0,0.0,0.08,0.08,,33.0,1,0,Slow (>30m),Over 30 Min
0xd983,GOARES16DEL01,Goa,20.0,18-24,4.9,4.7-5.0,Stormy,Low,2,Snack,Bicycle,1.0,No,22:40,22:50,22.0,Late Night,10.0,15.498603,73.826911,15.608603,73.936911,16.984122446396842,11.0,1,1,Fast (<=20m),On Time
0xd989,KOLRES04DEL03,Kolkata,25.0,25-29,4.6,4.2-4.6,Stormy,Medium,0,Drinks,Scooter,0.0,No,17:40,17:50,17.0,Evening,10.0,22.538731,88.364878,22.598731,88.424878,9.081128975833424,23.0,1,1,Standard (21-30m),On Time
0xd99c,DEHRES02DEL01,Dehradun,22.0,18-24,4.8,4.7-5.0,Sunny,Low,1,Snack,Bicycle,1.0,No,9:40,9:45,9.0,Morning,5.0,0.0,0.0,0.01,0.01,,16.0,1,1,Fast (<=20m),On Time
0xd9ca,AURGRES12DEL03,Aurangabad,26.0,25-29,4.5,4.2-4.6,Windy,Jam,1,Snack,Bicycle,1.0,No,21:40,21:45,21.0,Late Night,5.0,19.879631,75.323403,19.939631,75.383403,9.157589951511753,19.0,1,1,Fast (<=20m),On Time
0xd9ce,GOARES20DEL01,Goa,32.0,30-34,5.0,4.7-5.0,Cloudy,Low,1,Drinks,Bicycle,1.0,No,9:50,10:05,9.0,Morning,15.0,0.0,0.0,0.01,0.01,,17.0,1,1,Fast (<=20m),On Time
0xd9d0,GOARES06DEL03,Goa,38.0,35-45,4.7,4.7-5.0,Fog,Low,1,Drinks,Bicycle,0.0,No,22:40,22:50,22.0,Late Night,10.0,15.56155,73.749092,15.62155,73.809092,9.263244451495035,15.0,1,1,Fast (<=20m),On Time
0xd9ea,BHPRES010DEL03,Bhopal,38.0,35-45,4.9,4.7-5.0,Sandstorms,Jam,2,Meal,Bicycle,2.0,No,20:60,21:05,21.0,Late Night,5.0,23.266261,77.379605,23.296261,77.409605,4.529617479494296,34.0,1,0,Slow (>30m),Over 30 Min
0xd9f0,DEHRES11DEL01,Dehradun,21.0,18-24,4.7,4.7-5.0,Fog,High,2,Drinks,Bicycle,1.0,No,12:60,13:05,13.0,Afternoon,5.0,0.0,0.0,0.04,0.04,,30.0,1,1,Standard (21-30m),On Time
0xda2c,ALHRES16DEL01,Allahabad,34.0,30-34,4.2,4.2-4.6,Fog,Low,2,Buffet,Motorcycle,1.0,No,22:45,22:60,22.0,Late Night,15.0,25.450377,81.834236,25.520377,81.904236,10.485882201026392,35.0,1,0,Slow (>30m),Over 30 Min
0xda4b,ALHRES18DEL03,Allahabad,30.0,30-34,4.6,4.2-4.6,Sunny,Jam,0,Meal,Scooter,0.0,No,19:25,19:40,19.0,Evening,15.0,25.450317,81.831681,25.590317,81.971681,20.969022519762618,29.0,1,1,Standard (21-30m),On Time
0xda7,RANCHIRES010DEL02,Ranchi,20.0,18-24,4.6,4.2-4.6,Stormy,Jam,0,Meal,Scooter,1.0,No,19:30,19:45,19.0,Evening,15.0,23.354422,85.3329,23.404422,85.3829,7.546810965140631,29.0,1,1,Standard (21-30m),On Time
0xda83,GOARES16DEL03,Goa,26.0,25-29,4.5,4.2-4.6,Fog,Medium,0,Buffet,Scooter,1.0,No,17:40,17:50,17.0,Evening,10.0,15.498603,73.826911,15.558603,73.886911,9.264608571117163,29.0,1,1,Standard (21-30m),On Time
0xdaad,BHPRES01DEL01,Bhopal,38.0,35-45,4.9,4.7-5.0,Sunny,High,1,Snack,Scooter,1.0,No,11:35,11:50,11.0,Morning,15.0,23.211529,77.419399,23.221529,77.429399,1.510208007270681,20.0,1,1,Fast (<=20m),On Time
0xdb02,AURGRES01DEL02,Aurangabad,25.0,25-29,4.9,4.7-5.0,Sandstorms,Medium,1,Buffet,Bicycle,1.0,No,17:45,17:50,17.0,Evening,5.0,19.876219,75.346017,19.926219,75.396017,7.631515408164537,29.0,1,1,Standard (21-30m),On Time
0xdb42,ALHRES02DEL01,Allahabad,35.0,35-45,4.7,4.7-5.0,Cloudy,High,2,Drinks,Bicycle,1.0,No,14:45,14:50,14.0,Afternoon,5.0,25.453436,81.833167,25.493436,81.873167,5.992200106354352,29.0,1,1,Standard (21-30m),On Time
0xdb46,ALHRES17DEL02,Allahabad,24.0,18-24,4.6,4.2-4.6,Windy,Jam,0,Buffet,Scooter,1.0,No,20:35,20:40,20.0,Evening,5.0,25.45235,81.841889,25.50235,81.891889,7.490140593420624,28.0,1,1,Standard (21-30m),On Time
0xdb73,DEHRES06DEL03,Dehradun,39.0,35-45,4.0,Below 4.2,Cloudy,Jam,1,Snack,Scooter,1.0,No,19:25,19:30,19.0,Evening,5.0,30.361281,78.068022,30.421281,78.128022,8.810850757418642,37.0,1,0,Slow (>30m),Over 30 Min
0xdb9f,AGRRES20DEL01,Agra,26.0,25-29,4.3,4.2-4.6,Sandstorms,Low,0,Meal,Scooter,0.0,No,10:15,10:30,10.0,Morning,15.0,27.158822,78.045359,27.168822,78.055359,1.488342996730844,20.0,1,1,Fast (<=20m),On Time
0xdbbe,ALHRES01DEL01,Allahabad,23.0,18-24,4.7,4.7-5.0,Stormy,High,0,Buffet,Scooter,0.0,No,14:60,15:15,15.0,Afternoon,15.0,25.454648,81.834502,25.494648,81.874502,5.992172989490636,21.0,1,1,Standard (21-30m),On Time
0xdbe1,BHPRES11DEL01,Bhopal,31.0,30-34,4.2,4.2-4.6,Cloudy,High,2,Snack,Motorcycle,1.0,No,11:30,11:45,11.0,Morning,15.0,23.233219,77.433571,23.243219,77.443571,1.5100956777518042,36.0,1,0,Slow (>30m),Over 30 Min
0xdc24,ALHRES17DEL03,Allahabad,31.0,30-34,4.1,Below 4.2,Cloudy,Jam,2,Drinks,Scooter,1.0,No,19:25,19:30,19.0,Evening,5.0,25.45235,81.841889,25.59235,81.981889,20.96886307865969,47.0,1,0,Slow (>30m),Over 30 Min
0xdc26,AURGRES010DEL02,Aurangabad,35.0,35-45,4.3,4.2-4.6,Windy,Jam,1,Buffet,Scooter,1.0,No,21:45,21:60,21.0,Late Night,15.0,19.875337,75.316722,19.955337,75.396722,12.209912949324119,35.0,1,0,Slow (>30m),Over 30 Min
0xdc29,GOARES04DEL02,Goa,27.0,25-29,4.0,Below 4.2,Sandstorms,Low,0,Snack,Scooter,0.0,No,9:10,9:25,9.0,Morning,15.0,15.5696,73.742294,15.5896,73.762294,3.087834684206022,20.0,1,1,Fast (<=20m),On Time
0xdc34,AGRRES18DEL03,Agra,24.0,18-24,4.8,4.7-5.0,Cloudy,Medium,1,Buffet,Bicycle,1.0,No,18:55,18:60,18.0,Evening,5.0,27.161694,78.034714,27.191694,78.064714,4.464801484902688,13.0,1,1,Fast (<=20m),On Time
0xdc36,BHPRES17DEL01,Bhopal,38.0,35-45,4.7,4.7-5.0,Cloudy,High,0,Buffet,Scooter,1.0,No,11:40,11:55,11.0,Morning,15.0,23.218998,77.373573,23.228998,77.383573,1.5101693364183744,30.0,1,1,Standard (21-30m),On Time
0xdc4,RANCHIRES02DEL03,Ranchi,30.0,30-34,4.7,4.7-5.0,Unknown,Unknown,3,Buffet,Electric Scooter,1.0,No,,17:25,,Unknown,,0.0,0.0,0.03,0.03,,21.0,1,1,Standard (21-30m),On Time
0xdc47,DEHRES03DEL01,Dehradun,21.0,18-24,4.1,Below 4.2,Cloudy,Medium,1,Snack,Bicycle,1.0,No,17:55,17:60,17.0,Evening,5.0,30.335259,78.053162,30.445259,78.163162,16.153296780469546,33.0,1,0,Slow (>30m),Over 30 Min
0xdc70,LUDHRES02DEL02,Ludhiana,24.0,18-24,5.0,4.7-5.0,Windy,Jam,0,Drinks,Scooter,1.0,No,19:30,19:40,19.0,Evening,10.0,0.0,0.0,0.05,0.05,,28.0,1,1,Standard (21-30m),On Time
0xdc75,LUDHRES15DEL01,Ludhiana,37.0,35-45,5.0,4.7-5.0,Cloudy,Jam,1,Snack,Bicycle,1.0,No,21:25,21:30,21.0,Late Night,5.0,30.899584,75.809346,30.969584,75.879346,10.25477954547582,43.0,1,0,Slow (>30m),Over 30 Min
0xdcca,ALHRES18DEL02,Allahabad,32.0,30-34,4.1,Below 4.2,Sandstorms,Low,0,Buffet,Scooter,0.0,No,10:60,11:15,11.0,Morning,15.0,25.450317,81.831681,25.470317,81.851681,2.9962468176493267,22.0,1,1,Standard (21-30m),On Time
0xdcd0,DEHRES06DEL02,Dehradun,33.0,30-34,4.4,4.2-4.6,Stormy,Medium,0,Meal,Scooter,1.0,No,18:40,18:45,18.0,Evening,5.0,30.361281,78.068022,30.491281,78.198022,19.08725440970039,33.0,1,0,Slow (>30m),Over 30 Min
0xdd38,BHPRES06DEL02,Bhopal,21.0,18-24,4.6,4.2-4.6,Sunny,Medium,2,Drinks,Bicycle,0.0,No,17:60,18:05,18.0,Evening,5.0,23.232357,77.429989,23.282357,77.479989,7.54998227318161,12.0,1,1,Fast (<=20m),On Time
0xdd49,GOARES15DEL03,Goa,35.0,35-45,4.7,4.7-5.0,Stormy,Jam,2,Drinks,Scooter,1.0,No,20:60,21:15,21.0,Late Night,15.0,15.51315,73.78346,15.57315,73.84346,9.264293783174772,26.0,1,1,Standard (21-30m),On Time
0xdd8,VADRES010DEL02,Vadodara,30.0,30-34,4.7,4.7-5.0,Sandstorms,Medium,2,Meal,Bicycle,1.0,No,,17:25,,Unknown,,22.310329,73.169083,22.390329,73.249083,12.11696365748991,27.0,1,1,Standard (21-30m),On Time
0xddbf,KNPRES11DEL03,Kanpur,23.0,18-24,4.5,4.2-4.6,Windy,Medium,2,Buffet,Bicycle,0.0,No,17:35,17:45,17.0,Evening,10.0,26.474986,80.342796,26.564986,80.432796,13.428890924562745,21.0,1,1,Standard (21-30m),On Time
0xddc9,AURGRES06DEL03,Aurangabad,20.0,18-24,5.0,4.7-5.0,Sandstorms,Jam,1,Drinks,Scooter,0.0,No,20:15,20:30,20.0,Evening,15.0,19.874449,75.360232,19.964449,75.450232,13.73598426145272,28.0,1,1,Standard (21-30m),On Time
0xdde9,LUDHRES11DEL03,Ludhiana,25.0,25-29,4.9,4.7-5.0,Fog,Medium,1,Meal,Scooter,1.0,No,18:15,18:20,18.0,Evening,5.0,30.893081,75.821495,31.033081,75.961495,20.50696310125017,31.0,1,0,Slow (>30m),Over 30 Min
0xde07,ALHRES06DEL02,Allahabad,28.0,25-29,4.8,4.7-5.0,Fog,Jam,2,Snack,Motorcycle,1.0,No,19:35,19:45,19.0,Evening,10.0,0.0,0.0,0.13,0.13,,34.0,1,0,Slow (>30m),Over 30 Min
0xde16,ALHRES09DEL01,Allahabad,27.0,25-29,4.8,4.7-5.0,Sunny,Low,1,Meal,Scooter,0.0,No,8:10,8:20,8.0,Morning,10.0,0.0,0.0,0.01,0.01,,15.0,1,1,Fast (<=20m),On Time
0xde2b,KOLRES08DEL02,Kolkata,20.0,18-24,4.5,4.2-4.6,Stormy,Low,1,Snack,Scooter,0.0,No,8:20,8:35,8.0,Morning,15.0,22.53796,88.349843,22.55796,88.369843,3.027252917340999,14.0,1,1,Fast (<=20m),On Time
0xde30,BHPRES11DEL03,Bhopal,33.0,30-34,4.9,4.7-5.0,Stormy,Jam,2,Snack,Bicycle,1.0,No,19:40,19:55,19.0,Evening,15.0,23.233219,77.433571,23.263219,77.463571,4.530131541294849,32.0,1,0,Slow (>30m),Over 30 Min
0xde32,AURGRES16DEL01,Aurangabad,35.0,35-45,4.7,4.7-5.0,Cloudy,High,0,Buffet,Scooter,1.0,No,13:20,13:25,13.0,Afternoon,5.0,0.0,0.0,0.04,0.04,,33.0,1,0,Slow (>30m),Over 30 Min
0xde49,AURGRES18DEL03,Aurangabad,36.0,35-45,4.8,4.7-5.0,Sandstorms,Jam,0,Drinks,Scooter,0.0,No,21:45,21:55,21.0,Late Night,10.0,19.888716,75.321461,19.948716,75.381461,9.157343130070679,46.0,1,0,Slow (>30m),Over 30 Min
0xde4d,AURGRES19DEL02,Aurangabad,37.0,35-45,4.4,4.2-4.6,Fog,Low,1,Drinks,Scooter,0.0,No,22:20,22:30,22.0,Late Night,10.0,19.866969,75.318894,19.946969,75.398894,12.21021603098455,32.0,1,0,Slow (>30m),Over 30 Min
0xde50,BHPRES06DEL01,Bhopal,36.0,35-45,4.6,4.2-4.6,Windy,Medium,1,Drinks,Scooter,0.0,No,16:50,17:05,16.0,Afternoon,15.0,23.232357,77.429989,23.272357,77.469989,6.040089553977601,28.0,1,1,Standard (21-30m),On Time
0xde51,DEHRES05DEL02,Dehradun,38.0,35-45,4.5,4.2-4.6,Cloudy,Jam,0,Snack,Scooter,1.0,No,21:40,21:45,21.0,Late Night,5.0,30.346994,78.062543,30.396994,78.112543,7.3429940154571085,25.0,1,1,Standard (21-30m),On Time
0xde80,KOCRES17DEL01,Kochi,33.0,30-34,4.6,4.2-4.6,Stormy,Jam,2,Meal,Bicycle,1.0,No,21:30,21:35,21.0,Late Night,5.0,9.959778,76.296106,10.069778,76.406106,17.16661474931896,29.0,1,1,Standard (21-30m),On Time
0xdea2,DEHRES16DEL02,Dehradun,39.0,35-45,4.9,4.7-5.0,Sandstorms,Medium,1,Meal,Bicycle,1.0,No,17:20,17:30,17.0,Evening,10.0,30.342509,78.061187,30.472509,78.191187,19.088820343748168,28.0,1,1,Standard (21-30m),On Time
0xdea9,GOARES07DEL02,Goa,30.0,30-34,5.0,4.7-5.0,Stormy,Low,2,Meal,Motorcycle,1.0,No,8:35,8:50,8.0,Morning,15.0,15.561295,73.749478,15.581295,73.769478,3.0878947320085994,24.0,1,1,Standard (21-30m),On Time
0xdeb7,AGRRES03DEL03,Agra,30.0,30-34,4.5,4.2-4.6,Sunny,Medium,1,Drinks,Scooter,1.0,No,17:25,17:40,17.0,Evening,15.0,27.160832,78.011608,27.220832,78.071608,8.929102829423497,23.0,1,1,Standard (21-30m),On Time
0xdebb,AGRRES010DEL01,Agra,38.0,35-45,4.7,4.7-5.0,Windy,Low,1,Buffet,Scooter,1.0,No,22:45,22:50,22.0,Late Night,5.0,27.163303,78.057044,27.233303,78.127044,10.416978212844837,28.0,1,1,Standard (21-30m),On Time
0xdec1,AURGRES07DEL03,Aurangabad,26.0,25-29,4.6,4.2-4.6,Fog,Low,1,Meal,Bicycle,0.0,No,23:55,24:05,23.0,Late Night,10.0,19.875908,75.358888,19.905908,75.388888,4.5790492617214005,19.0,1,1,Fast (<=20m),On Time
0xded5,ALHRES11DEL02,Allahabad,32.0,30-34,4.9,4.7-5.0,Cloudy,Medium,0,Meal,Scooter,3.0,Yes,17:50,17:60,17.0,Evening,10.0,0.0,0.0,0.08,0.08,,48.0,1,0,Slow (>30m),Over 30 Min
0xdf0d,DEHRES18DEL03,Dehradun,26.0,25-29,4.9,4.7-5.0,Windy,Jam,0,Meal,Scooter,0.0,No,20:60,21:05,21.0,Late Night,5.0,0.0,0.0,0.03,0.03,,36.0,1,0,Slow (>30m),Over 30 Min
0xdf3,MUMRES20DEL02,Mumbai,31.0,30-34,4.6,4.2-4.6,Fog,Low,2,Snack,Motorcycle,1.0,No,10:20,10:25,10.0,Morning,5.0,19.103249,72.846749,19.123249,72.866749,3.059611297704131,15.0,1,1,Fast (<=20m),On Time
0xdf48,AGRRES06DEL01,Agra,28.0,25-29,4.5,4.2-4.6,Fog,High,2,Meal,Bicycle,0.0,No,12:45,12:60,12.0,Afternoon,15.0,0.0,0.0,0.04,0.04,,26.0,1,1,Standard (21-30m),On Time
0xdf4a,DEHRES20DEL02,Dehradun,36.0,35-45,4.7,4.7-5.0,Cloudy,Jam,0,Buffet,Scooter,1.0,No,20:20,20:35,20.0,Evening,15.0,0.0,0.0,0.05,0.05,,29.0,1,1,Standard (21-30m),On Time
0xdf63,KOCRES20DEL03,Kochi,26.0,25-29,4.8,4.7-5.0,Cloudy,Jam,1,Snack,Scooter,1.0,No,19:30,19:35,19.0,Evening,5.0,9.979186,76.317361,10.039186,76.377361,9.363688035652636,24.0,1,1,Standard (21-30m),On Time
0xdf67,KOCRES06DEL01,Kochi,20.0,18-24,5.0,4.7-5.0,Cloudy,Low,0,Meal,Scooter,1.0,No,8:15,8:30,8.0,Morning,15.0,9.982834,76.283268,9.992834,76.293268,1.5606651938232283,15.0,1,1,Fast (<=20m),On Time
0xdf7a,LUDHRES09DEL01,Ludhiana,38.0,35-45,4.0,Below 4.2,Sandstorms,High,1,Drinks,Bicycle,1.0,No,13:25,13:30,13.0,Afternoon,5.0,30.885814,75.786976,30.925814,75.826976,5.8606214955248825,31.0,1,0,Slow (>30m),Over 30 Min
0xdf82,GOARES16DEL03,Goa,27.0,25-29,5.0,4.7-5.0,Windy,Jam,2,Meal,Bicycle,1.0,No,20:50,21:05,20.0,Evening,15.0,15.498603,73.826911,15.588603,73.916911,13.896425465978504,21.0,1,1,Standard (21-30m),On Time
0xdf85,GOARES06DEL01,Goa,23.0,18-24,4.8,4.7-5.0,Stormy,Medium,0,Drinks,Scooter,1.0,No,17:35,17:50,17.0,Evening,15.0,15.56155,73.749092,15.67155,73.859092,16.981617798087594,31.0,1,0,Slow (>30m),Over 30 Min
0xdfa1,KNPRES19DEL03,Kanpur,37.0,35-45,4.5,4.2-4.6,Stormy,Low,0,Snack,Scooter,1.0,No,22:35,22:40,22.0,Late Night,5.0,26.49095,80.318656,26.55095,80.378656,8.952560970254542,24.0,1,1,Standard (21-30m),On Time
0xdfb6,KNPRES16DEL01,Kanpur,32.0,30-34,4.7,4.7-5.0,Sandstorms,Medium,2,Meal,Bicycle,1.0,No,18:50,19:05,18.0,Evening,15.0,26.482581,80.315628,26.552581,80.385628,10.444790582105199,22.0,1,1,Standard (21-30m),On Time
0xdfbc,AGRRES010DEL03,Agra,30.0,30-34,4.7,4.7-5.0,Sunny,Low,1,Snack,Scooter,0.0,No,22:10,22:20,22.0,Late Night,10.0,27.163303,78.057044,27.223303,78.117044,8.929015442506254,15.0,1,1,Fast (<=20m),On Time
0xdfe,SURRES14DEL02,Surat,27.0,25-29,4.5,4.2-4.6,Sandstorms,Medium,1,Drinks,Scooter,0.0,No,17:25,17:30,17.0,Evening,5.0,21.157729,72.768726,21.207729,72.818726,7.601692028231656,21.0,1,1,Standard (21-30m),On Time
0xdfe2,AGRRES14DEL01,Agra,35.0,35-45,4.7,4.7-5.0,Windy,Medium,0,Buffet,Scooter,1.0,No,16:25,16:35,16.0,Afternoon,10.0,27.16185,78.040165,27.20185,78.080165,5.952947083605509,27.0,1,1,Standard (21-30m),On Time
0xe019,KOCRES03DEL02,Kochi,27.0,25-29,4.5,4.2-4.6,Windy,Medium,2,Snack,Motorcycle,1.0,No,18:35,18:45,18.0,Evening,10.0,10.020683,76.310631,10.100683,76.390631,12.483939637371801,25.0,1,1,Standard (21-30m),On Time
0xe01c,KOLRES02DEL01,Kolkata,30.0,30-34,4.4,4.2-4.6,Sandstorms,Jam,1,Buffet,Scooter,1.0,No,21:55,21:60,21.0,Late Night,5.0,22.514585,88.39331,22.624585,88.50331,16.648687609596692,34.0,1,0,Slow (>30m),Over 30 Min
0xe025,KOLRES17DEL01,Kolkata,37.0,35-45,4.8,4.7-5.0,Stormy,Medium,1,Meal,Bicycle,1.0,No,15:15,15:30,15.0,Afternoon,15.0,22.569358,88.433452,22.609358,88.473452,6.053669020151412,33.0,1,0,Slow (>30m),Over 30 Min
0xe02a,KNPRES18DEL02,Kanpur,27.0,25-29,4.7,4.7-5.0,Sandstorms,Low,1,Drinks,Scooter,1.0,No,23:20,23:35,23.0,Late Night,15.0,26.474133,80.3481,26.524133,80.3981,7.461097698786076,18.0,1,1,Fast (<=20m),On Time
0xe02b,BHPRES05DEL02,Bhopal,36.0,35-45,4.3,4.2-4.6,Cloudy,Low,2,Snack,Bicycle,1.0,No,22:45,22:55,22.0,Late Night,10.0,23.214459,77.434976,23.344459,77.564976,19.628460844156518,36.0,1,0,Slow (>30m),Over 30 Min
0xe02f,DEHRES03DEL03,Dehradun,37.0,35-45,4.2,4.2-4.6,Sandstorms,Medium,2,Buffet,Bicycle,1.0,No,17:40,17:55,17.0,Evening,15.0,30.335259,78.053162,30.395259,78.113162,8.81185170300062,31.0,1,0,Slow (>30m),Over 30 Min
0xe037,KOLRES02DEL03,Kolkata,39.0,35-45,5.0,4.7-5.0,Fog,Low,0,Buffet,Scooter,0.0,No,22:60,23:05,23.0,Late Night,5.0,22.514585,88.39331,22.544585,88.42331,4.541157585958759,28.0,1,1,Standard (21-30m),On Time
0xe06e,ALHRES03DEL01,Allahabad,26.0,25-29,4.9,4.7-5.0,Cloudy,Low,0,Drinks,Scooter,1.0,No,8:15,8:30,8.0,Morning,15.0,25.451517,81.832616,25.461517,81.842616,1.498144657921315,22.0,1,1,Standard (21-30m),On Time
0xe0b4,KOCRES04DEL01,Kochi,27.0,25-29,5.0,4.7-5.0,Stormy,Jam,1,Snack,Bicycle,1.0,No,21:60,22:10,22.0,Late Night,10.0,9.966783,76.242981,10.076783,76.352981,17.166432215897316,22.0,1,1,Standard (21-30m),On Time
0xe0c7,KOCRES15DEL02,Kochi,26.0,25-29,4.1,Below 4.2,Cloudy,Jam,2,Meal,Motorcycle,1.0,No,21:35,21:40,21.0,Late Night,5.0,10.027364,76.308258,10.157364,76.438258,20.285419262435727,40.0,1,0,Slow (>30m),Over 30 Min
0xe109,KNPRES16DEL01,Kanpur,25.0,25-29,4.7,4.7-5.0,Stormy,Low,2,Snack,Bicycle,0.0,No,10:30,10:35,10.0,Morning,5.0,26.482581,80.315628,26.492581,80.325628,1.4922862760200137,19.0,1,1,Fast (<=20m),On Time
0xe10e,KOLRES02DEL03,Kolkata,30.0,30-34,4.7,4.7-5.0,Windy,Medium,0,Meal,Scooter,1.0,No,17:45,17:60,17.0,Evening,15.0,22.514585,88.39331,22.544585,88.42331,4.541157585958759,25.0,1,1,Standard (21-30m),On Time
0xe120,KOCRES12DEL01,Kochi,34.0,30-34,4.1,Below 4.2,Fog,Jam,2,Buffet,Motorcycle,0.0,No,20:10,20:25,20.0,Evening,15.0,9.988483,76.295211,10.098483,76.405211,17.16586597712726,48.0,1,0,Slow (>30m),Over 30 Min
0xe127,BHPRES18DEL02,Bhopal,36.0,35-45,4.9,4.7-5.0,Fog,Medium,0,Snack,Scooter,0.0,No,18:30,18:40,18.0,Evening,10.0,23.234631,77.401663,23.364631,77.531663,19.627099669660126,48.0,1,0,Slow (>30m),Over 30 Min
0xe13,INDORES08DEL03,Indore,28.0,25-29,5.0,4.7-5.0,Windy,Low,2,Buffet,Motorcycle,0.0,No,23:60,24:15,0.0,Morning,15.0,22.725748,75.898497,22.815748,75.988497,13.612470343730434,11.0,1,1,Fast (<=20m),On Time
0xe13b,AURGRES010DEL03,Aurangabad,25.0,25-29,4.8,4.7-5.0,Windy,Jam,2,Drinks,Motorcycle,1.0,No,19:40,19:45,19.0,Evening,5.0,19.875337,75.316722,19.905337,75.346722,4.579057009999572,23.0,1,1,Standard (21-30m),On Time
0xe13d,ALHRES13DEL02,Allahabad,38.0,35-45,4.9,4.7-5.0,Sandstorms,Jam,0,Snack,Scooter,1.0,No,19:40,19:50,19.0,Evening,10.0,25.451646,81.832796,25.581646,81.962796,19.471503071558466,48.0,1,0,Slow (>30m),Over 30 Min
0xe141,AGRRES13DEL02,Agra,39.0,35-45,5.0,4.7-5.0,Fog,Jam,0,Buffet,Scooter,1.0,No,21:25,21:30,21.0,Late Night,5.0,27.159795,78.04299,27.289795,78.17299,19.343783001993245,45.0,1,0,Slow (>30m),Over 30 Min
0xe147,LUDHRES13DEL01,Ludhiana,39.0,35-45,4.7,4.7-5.0,Sunny,Medium,2,Buffet,Bicycle,1.0,No,15:15,15:20,15.0,Afternoon,5.0,30.893234,75.82172,30.933234,75.86172,5.860428827888565,21.0,1,1,Standard (21-30m),On Time
0xe1c3,GOARES03DEL03,Goa,29.0,25-29,4.8,4.7-5.0,Sunny,Jam,1,Drinks,Bicycle,0.0,No,21:40,21:50,21.0,Late Night,10.0,15.574828,73.766883,15.604828,73.796883,4.631641018514648,14.0,1,1,Fast (<=20m),On Time
0xe1e0,GOARES18DEL01,Goa,33.0,30-34,4.1,Below 4.2,Stormy,High,0,Snack,Scooter,2.0,No,11:45,11:50,11.0,Morning,5.0,15.49395,73.827423,15.50395,73.837423,1.5442082744490753,49.0,1,0,Slow (>30m),Over 30 Min
0xe200,BHPRES17DEL02,Bhopal,20.0,18-24,4.8,4.7-5.0,Sandstorms,Jam,0,Snack,Scooter,0.0,No,19:10,19:25,19.0,Evening,15.0,23.218998,77.373573,23.298998,77.453573,12.079903104269501,25.0,1,1,Standard (21-30m),On Time
0xe21d,LUDHRES08DEL03,Ludhiana,28.0,25-29,4.7,4.7-5.0,Fog,Medium,2,Buffet,Scooter,1.0,No,18:30,18:40,18.0,Evening,10.0,30.899992,75.831338,30.929992,75.861338,4.395287419864755,12.0,1,1,Fast (<=20m),On Time
0xe235,ALHRES19DEL03,Allahabad,28.0,25-29,4.6,4.2-4.6,Cloudy,Low,1,Snack,Scooter,1.0,No,23:45,23:60,23.0,Late Night,15.0,25.457116,81.859682,25.597116,81.999682,20.968489257282677,23.0,1,1,Standard (21-30m),On Time
0xe257,DEHRES04DEL01,Dehradun,23.0,18-24,4.8,4.7-5.0,Sunny,Low,0,Meal,Scooter,0.0,No,8:25,8:40,8.0,Morning,15.0,30.340722,78.060221,30.350722,78.070221,1.4687671954740407,17.0,1,1,Fast (<=20m),On Time
0xe259,AGRRES04DEL01,Agra,33.0,30-34,4.7,4.7-5.0,Cloudy,Low,0,Meal,Scooter,1.0,No,10:20,10:25,10.0,Morning,5.0,27.195928,77.998092,27.205928,78.008092,1.4881243492618041,25.0,1,1,Standard (21-30m),On Time
0xe27d,LUDHRES09DEL02,Ludhiana,32.0,30-34,4.0,Below 4.2,Cloudy,Jam,2,Snack,Bicycle,1.0,No,19:20,19:25,19.0,Evening,5.0,30.885814,75.786976,30.965814,75.866976,11.72020349183073,46.0,1,0,Slow (>30m),Over 30 Min
0xe282,AGRRES12DEL03,Agra,34.0,30-34,4.2,4.2-4.6,Stormy,Medium,0,Meal,Scooter,1.0,No,17:40,17:45,17.0,Evening,5.0,27.165108,78.015053,27.195108,78.045053,4.464741140762178,37.0,1,0,Slow (>30m),Over 30 Min
0xe38,JAPRES09DEL02,Jaipur,35.0,35-45,4.7,4.7-5.0,Fog,Jam,0,Buffet,Scooter,1.0,No,20:60,21:10,21.0,Late Night,10.0,26.911378,75.789034,26.991378,75.869034,11.916721465131658,50.0,1,0,Slow (>30m),Over 30 Min
0xe5e,BANGRES12DEL03,Bengaluru,30.0,30-34,4.7,4.7-5.0,Windy,Medium,2,Buffet,Bicycle,0.0,No,,18:25,,Unknown,,12.939496,77.625999,12.999496,77.685999,9.315644954346118,31.0,1,0,Slow (>30m),Over 30 Min
0xe60,HYDRES07DEL01,Hyderabad,30.0,30-34,4.7,4.7-5.0,Sandstorms,Low,0,Meal,Scooter,1.0,No,,23:25,,Unknown,,17.424114,78.347554,17.494114,78.417554,10.757183135748805,28.0,1,1,Standard (21-30m),On Time
0xe6b,RANCHIRES04DEL03,Ranchi,30.0,30-34,4.7,4.7-5.0,Cloudy,Jam,2,Snack,Scooter,1.0,No,,20:05,,Unknown,,23.359033,85.325347,23.419033,85.385347,9.055872702792307,21.0,1,1,Standard (21-30m),On Time
0xe6c,SURRES20DEL02,Surat,30.0,30-34,4.7,4.7-5.0,Sandstorms,Jam,1,Meal,Scooter,1.0,No,,21:60,,Unknown,,21.15276,72.778059,21.20276,72.828059,7.601810834791758,21.0,1,1,Standard (21-30m),On Time
0xe92,JAPRES02DEL03,Jaipur,34.0,30-34,4.6,4.2-4.6,Sunny,Jam,2,Meal,Bicycle,1.0,No,20:50,21:05,20.0,Evening,15.0,26.914142,75.805704,27.054142,75.945704,20.851573491003915,30.0,1,1,Standard (21-30m),On Time
0xe97,JAPRES04DEL01,Jaipur,37.0,35-45,4.9,4.7-5.0,Fog,High,0,Snack,Scooter,1.0,No,13:15,13:30,13.0,Afternoon,15.0,26.902328,75.794257,26.942328,75.834257,5.959040870421227,26.0,1,1,Standard (21-30m),On Time
0xea0,CHENRES15DEL01,Chennai,37.0,35-45,4.4,4.2-4.6,Fog,Jam,1,Snack,Scooter,1.0,No,21:55,21:60,21.0,Late Night,5.0,13.026286,80.275235,13.136286,80.385235,17.074927880904337,47.0,1,0,Slow (>30m),Over 30 Min
0xee9,RANCHIRES010DEL01,Ranchi,34.0,30-34,4.6,4.2-4.6,Sunny,Low,2,Snack,Bicycle,0.0,No,23:50,23:55,23.0,Late Night,5.0,23.354422,85.3329,23.464422,85.4429,16.601263077090703,19.0,1,1,Fast (<=20m),On Time
0xefc,JAPRES02DEL02,Jaipur,39.0,35-45,4.7,4.7-5.0,Fog,Low,2,Drinks,Scooter,1.0,No,22:45,22:50,22.0,Late Night,5.0,26.914142,75.805704,26.964142,75.855704,7.448309256630045,17.0,1,1,Fast (<=20m),On Time
0xf10,HYDRES13DEL02,Hyderabad,32.0,30-34,4.9,4.7-5.0,Windy,Low,0,Meal,Scooter,1.0,No,22:30,22:35,22.0,Late Night,5.0,17.431477,78.40035,17.511477,78.48035,12.29352580007678,25.0,1,1,Standard (21-30m),On Time
0xf18,JAPRES12DEL03,Jaipur,29.0,25-29,4.9,4.7-5.0,Fog,Jam,2,Meal,Bicycle,0.0,No,19:45,19:50,19.0,Evening,5.0,26.902908,75.792934,26.932908,75.822934,4.469358226070059,30.0,1,1,Standard (21-30m),On Time
0xf39,MYSRES01DEL01,Mysuru,24.0,18-24,4.8,4.7-5.0,Windy,Low,2,Meal,Bicycle,0.0,No,10:25,10:30,10.0,Morning,5.0,12.311072,76.654878,12.321072,76.664878,1.5545458807487351,14.0,1,1,Fast (<=20m),On Time
0xf44,MUMRES07DEL01,Mumbai,30.0,30-34,4.9,4.7-5.0,Cloudy,Jam,0,Drinks,Scooter,0.0,No,19:25,19:40,19.0,Evening,15.0,19.091458,72.827808,19.161458,72.897808,10.708235458192133,45.0,1,0,Slow (>30m),Over 30 Min
0xf5f,MUMRES05DEL03,Mumbai,35.0,35-45,4.3,4.2-4.6,Sunny,Jam,0,Meal,Scooter,1.0,No,20:45,20:50,20.0,Evening,5.0,18.927584,72.832585,19.017584,72.922585,13.773756682176046,33.0,1,0,Slow (>30m),Over 30 Min
0xf6a,BANGRES15DEL03,Bengaluru,34.0,30-34,4.9,4.7-5.0,Sandstorms,Low,2,Drinks,Bicycle,1.0,No,23:10,23:15,23.0,Late Night,5.0,12.975377,77.696664,13.065377,77.786664,13.97207232357919,24.0,1,1,Standard (21-30m),On Time
0xfa8,MUMRES20DEL03,Mumbai,37.0,35-45,4.0,Below 4.2,Stormy,Low,0,Meal,Scooter,1.0,No,23:15,23:30,23.0,Late Night,15.0,19.103249,72.846749,19.163249,72.906749,9.178309674142334,25.0,1,1,Standard (21-30m),On Time
0xfb5,VADRES05DEL01,Vadodara,23.0,18-24,4.2,4.2-4.6,Stormy,Medium,0,Buffet,Scooter,1.0,No,18:50,18:55,18.0,Evening,5.0,22.310526,73.170937,22.380526,73.240937,10.602511811132452,35.0,1,0,Slow (>30m),Over 30 Min
0xfbd,MYSRES11DEL02,Mysuru,20.0,18-24,4.8,4.7-5.0,Stormy,Low,0,Drinks,Scooter,1.0,No,23:15,23:20,23.0,Late Night,5.0,12.323225,76.630028,12.453225,76.760028,20.20637280538157,16.0,1,1,Fast (<=20m),On Time
0xfe0,RANCHIRES14DEL02,Ranchi,25.0,25-29,4.5,4.2-4.6,Fog,Medium,1,Meal,Scooter,1.0,No,17:45,17:55,17.0,Evening,10.0,0.0,0.0,0.05,0.05,,15.0,1,1,Fast (<=20m),On Time
